BVN,EUR_USD,Crude_Oil,JPY_THB,NYSE,TenBond_THB,USD_THB
15.22,1.11,73.8,0.24,16898.3,2.72,34.35
15.19,1.1,75.32,0.24,16859.5,2.72,34.56
15.15,1.1,73.56,0.24,16770.4,2.72,34.61
15.05,1.1,73.91,0.24,16724.9,2.76,34.8
14.75,1.09,73.81,0.24,16534.7,2.8,34.99
13.86,1.1,74.06,0.24,16798.4,2.77,34.84
13.1,1.09,72.48,0.24,16656.8,2.83,34.98
12.3,1.09,71.68,0.25,16609.8,2.84,34.89
10.13,1.1,71.61,0.25,16723.9,2.86,34.88
9.71,1.09,69.85,0.25,16560.7,2.85,35.34
9.13,1.08,68.73,0.25,16285.9,2.98,35.7
9.32,1.08,71.43,0.24,16274.4,3.03,35.75
9.36,1.08,69.28,0.24,16092.4,3,35.16
9.36,1.08,72.1,0.24,16123,3.09,35.24
9.29,1.08,74.58,0.24,16232.8,3.03,35.25
9.41,1.09,75.59,0.24,16263.8,3.03,34.91
9.51,1.09,77.75,0.24,16088.8,2.99,35.29
9.6,1.1,76.56,0.24,15963,3,34.83
9.5,1.1,75.07,0.24,15929.2,2.98,34.77
9.38,1.1,75.31,0.24,15930.9,3,35.07
9.29,1.09,76.79,0.24,15983.8,3.12,35.4
9.2,1.09,77.77,0.24,15907.9,3.04,35.25
9.09,1.09,77.65,0.24,15861.6,3.14,35.18
8.91,1.09,75.65,0.24,15881.6,3.07,35.21
8.71,1.09,72.97,0.23,15813.5,3.11,35.11
8.88,1.08,76.6,0.23,15716.5,3.13,35.21
8.67,1.08,78.17,0.24,15765,3.16,35.59
8.7,1.09,78.53,0.24,15732.7,3.27,35.53
8.59,1.07,77.15,0.24,15403.1,3.25,35.98
8.87,1.07,75.59,0.24,15388.4,3.24,35.97
8.62,1.07,75.65,0.24,15235.2,3.3,35.74
8.53,1.07,77.12,0.24,15352.2,3.33,35.53
8.48,1.07,80.93,0.24,15388.5,3.37,35.58
8.47,1.07,81.48,0.24,15440.5,3.29,35.52
8.19,1.06,82.59,0.24,14919.2,3.38,36.12
8.13,1.06,85,0.24,14825.9,3.35,35.9
8.48,1.06,83.53,0.24,14675.8,3.38,36.16
8.44,1.06,85.37,0.24,14858.7,3.32,36.28
8.61,1.06,83.69,0.24,14914.1,3.27,36.23
8.68,1.06,86.15,0.24,15025.8,3.35,36.2
8.51,1.07,90.28,0.24,14946,3.33,36.31
8.43,1.06,88.24,0.24,15196.4,3.37,36.42
8.37,1.05,87.81,0.24,15325,3.31,36.38
8.47,1.06,87.06,0.24,15541.4,3.17,36.34
8.48,1.06,87.72,0.24,15484.5,3.29,36.25
8.39,1.05,85.96,0.24,15323.7,3.27,36.25
8.28,1.06,86.43,0.25,15450.2,3.22,36.62
8.3,1.06,84.45,0.25,15318.1,3.29,36.97
7.95,1.05,89.42,0.25,15070.9,3.2,36.91
8.13,1.05,88.67,0.25,15049.6,3.16,37.08
8.23,1.05,90.82,0.25,15230,3.17,36.95
8.49,1.06,91.76,0.24,15398.2,3.14,36.55
8.59,1.06,93.78,0.25,15478.1,3.02,36.56
8.45,1.05,90.53,0.25,15394.7,2.98,36.67
8.44,1.06,89.88,0.24,15381.6,3.02,36.4
8.51,1.06,90.55,0.24,15593.7,2.98,36.19
8.5,1.07,89.62,0.24,15569.5,2.62,35.99
8.51,1.07,89.3,0.24,15601.6,2.62,36.16
8.25,1.07,91.55,0.24,15859.6,2.6,36.14
8.29,1.07,92.22,0.24,15929,2.6,36.02
8.74,1.07,91.2,0.24,15952.5,2.6,35.69
8.63,1.07,90.67,0.24,15973.7,2.6,35.71
8.71,1.06,88.81,0.24,16089.5,2.57,35.79
8.51,1.07,88.75,0.24,15926.6,2.59,35.72
8.47,1.08,87.4,0.24,15953.9,2.54,35.6
8.44,1.07,86.78,0.24,15879,2.53,35.64
8.29,1.07,86.72,0.24,15864.2,2.51,35.65
8.34,1.07,86.06,0.24,15942.5,2.49,35.47
8.41,1.08,83.63,0.24,16091.8,2.52,35.25
8.64,1.08,81.7,0.24,16000.4,2.54,35.01
8.65,1.09,81.29,0.24,16074.2,2.49,35.05
8.71,1.09,79.98,0.24,16041.5,2.49,35.02
8.4,1.08,80.15,0.24,15879.6,2.46,35.22
8.19,1.08,78.88,0.24,15766.9,2.56,35.16
8.14,1.08,78.57,0.24,15683,2.54,34.99
8.05,1.09,79.64,0.24,15823.3,2.51,34.98
8.02,1.08,80.8,0.24,15690.3,2.51,35.04
7.85,1.09,81.43,0.24,15746.2,2.52,35.22
7.67,1.09,80.04,0.24,15750.2,2.47,35.38
7.64,1.09,79.25,0.24,15734.4,2.51,35.48
7.83,1.09,81.23,0.24,15818.1,2.54,35.45
7.74,1.09,82.52,0.24,15911.3,2.43,35.38
7.9,1.09,82.83,0.24,16116,2.38,35.24
7.9,1.1,82.88,0.24,16135.2,2.34,35.13
7.92,1.1,82.53,0.24,16176.3,2.25,35.03
7.81,1.1,79.77,0.24,16208.2,2.31,34.84
7.77,1.09,82.05,0.24,16174.5,2.48,34.49
7.65,1.1,80.65,0.24,16356.5,2.45,34.35
7.71,1.1,78.9,0.24,16363.3,2.52,34.26
7.64,1.11,79.34,0.24,16418.2,2.52,34.2
7.59,1.11,78.85,0.24,16385.2,2.52,34.49
7.68,1.11,77.01,0.24,16369.1,2.55,34.53
7.82,1.11,75.7,0.24,16289.1,2.56,34.43
7.55,1.11,75.35,0.24,16263.7,2.47,34.2
7.42,1.12,75.84,0.24,16230.9,2.47,34.04
7.3,1.12,74.18,0.24,16156.5,2.47,34.07
7.73,1.12,75.02,0.25,16054.2,2.48,34.61
7.84,1.12,77.16,0.25,16040.2,2.42,34.65
7.95,1.12,75.85,0.25,16106.8,2.42,34.52
7.7,1.11,74.83,0.25,16011.3,2.44,34.67
8.02,1.1,73.19,0.25,15897.3,2.43,34.78
7.92,1.1,71.89,0.25,15748.9,2.47,35.11
7.7,1.09,71.8,0.24,15641.7,2.54,35.19
7.65,1.09,70.45,0.24,15835.5,2.52,34.99
7.32,1.09,69.82,0.24,15875.9,2.56,35.31
7.35,1.09,69.25,0.25,15737.4,2.5,35.64
7.39,1.09,68.01,0.25,15617.4,2.52,35.57
7.15,1.1,69.49,0.25,15646.7,2.5,35.24
7.13,1.09,69.84,0.25,15518.7,2.52,35.19
7.14,1.09,69.53,0.25,15469.3,2.46,35.24
7.52,1.1,72.43,0.25,15600.7,2.39,35.13
7.52,1.1,70.9,0.25,15657,2.37,34.81
7.56,1.09,71.45,0.25,15648.9,2.47,34.84
7.35,1.09,70.55,0.25,15795.1,2.47,34.76
7.5,1.09,68.7,0.25,15826.3,2.52,34.61
7.44,1.08,69.35,0.25,15642.7,2.62,34.69
7.4,1.08,67.31,0.25,15667.8,2.55,34.64
7.28,1.08,70.27,0.25,15548.5,2.64,34.64
7.28,1.08,70.94,0.25,15499.9,2.74,34.6
7.13,1.08,71.56,0.25,15502.6,2.69,34.63
7,1.07,71.99,0.25,15391.8,2.93,34.79
7.55,1.07,70.21,0.25,15275.2,3.05,34.8
6.96,1.08,67.6,0.25,15031.1,3.22,34.58
6.87,1.07,69.62,0.25,14887.1,3.16,34.72
7.04,1.07,73.23,0.25,14994.6,2.97,34.71
6.88,1.07,71.89,0.25,15078.7,3.11,34.72
6.59,1.07,74.21,0.25,14976,3.11,34.71
6.61,1.08,73.77,0.25,15022.9,3.12,34.65
6.72,1.08,72.1,0.25,15172.3,2.83,34.61
6.93,1.08,71.7,0.25,15318.8,2.83,34.47
7.15,1.08,71.94,0.25,15324.3,2.7,34.37
7.05,1.08,72.75,0.25,15345.4,2.59,34.42
7.01,1.08,70.6,0.25,15313.9,2.45,34.27
6.99,1.09,71.32,0.25,15129.3,2.45,34.06
7,1.09,70.04,0.25,15322.6,2.47,33.79
7.01,1.09,71.42,0.25,15246.4,2.45,33.93
7,1.1,73.58,0.25,15352.8,2.51,33.72
7.08,1.1,72.84,0.25,15391.3,2.57,33.87
7.19,1.11,74.91,0.25,15233.8,2.35,33.93
7.1,1.1,74.38,0.25,15545.9,2.38,34.13
7.28,1.1,77.08,0.26,15431.6,2.46,34.15
7.21,1.1,78.74,0.26,15228.6,2.49,34.15
7.29,1.1,77.97,0.26,15363.5,2.44,34.4
7.34,1.1,77.13,0.26,15606.7,2.44,34.36
7.56,1.1,78.87,0.26,15578.9,2.55,34.39
7.51,1.1,80.92,0.26,15582.9,2.55,34.33
7.51,1.1,81,0.26,15653.6,2.53,34.44
7.77,1.1,82.48,0.26,15685,2.53,34.28
7.87,1.09,81.44,0.26,15668.3,2.77,34.5
7.75,1.1,80.5,0.26,15601.8,2.77,34.29
7.93,1.09,81.01,0.26,15520.9,2.7,34.28
8.24,1.09,80.44,0.26,15379.1,2.88,34.16
8.37,1.09,74.37,0.26,15487.8,2.86,34.22
8.08,1.09,72.98,0.26,15200.6,2.88,34.13
8.29,1.08,73.61,0.26,15124,2.9,34.18
8.14,1.08,72.86,0.26,14949.3,2.97,34.26
8.2,1.08,69.42,0.26,14894.8,3.05,34.43
8.2,1.08,69.51,0.26,14758.6,3.05,34.22
8.17,1.08,69.95,0.26,14693,3.2,33.99
8.04,1.09,69.48,0.26,14741.1,3.04,34.28
8.15,1.08,67.62,0.26,14986,2.87,34.43
8.27,1.07,66.62,0.26,14777.7,2.87,34.08
8.11,1.07,68.26,0.26,14599,2.9,34.09
8.3,1.06,68.22,0.26,14831,2.99,34.45
8.41,1.06,71.56,0.26,14662.5,3.1,34.64
8.13,1.07,74.7,0.26,14944.7,3.39,34.58
8.16,1.07,76.6,0.26,14764.4,3.33,34.52
8.37,1.06,75.65,0.26,14894.2,3.36,34.76
8.05,1.06,77.32,0.26,15140.8,2.71,34.98
8.15,1.05,80.5,0.26,15439,2.75,35.1
8.01,1.07,77.89,0.25,15694.3,2.21,34.47
8.04,1.06,77.74,0.25,15524.5,2.21,34.82
8.29,1.07,76.85,0.25,15436.3,2.09,34.71
8.63,1.06,75.76,0.26,15429,2.15,35.23
8.29,1.06,76.42,0.26,15492.9,2.15,35.01
7.75,1.05,75.6,0.26,15464.5,2.13,34.96
7.4,1.06,73.92,0.26,15584.9,2.18,34.69
7.42,1.06,76.11,0.26,15530.8,2.2,34.62
7.3,1.06,76.53,0.26,15572.5,2.1,34.6
7.46,1.07,78.07,0.26,15840.2,2.09,34.39
7.7,1.07,78.54,0.26,15873.8,2.07,34.37
7.45,1.07,78.83,0.26,16016.1,2.03,34.27
7.24,1.07,79.06,0.25,16025.1,2,33.89
7.24,1.07,79.94,0.26,16052.3,1.95,33.81
7.21,1.07,77.68,0.26,15910.7,1.95,33.71
7.34,1.07,77.49,0.26,15828.6,1.99,33.59
7.41,1.07,73.23,0.26,16021.6,1.88,33.54
7.47,1.08,75.92,0.25,15999.4,1.99,33.44
7.75,1.09,76.79,0.26,16122.6,1.99,33.01
7.64,1.1,79.06,0.25,16121.3,1.99,32.82
7.7,1.09,77.91,0.25,15818.9,1.9,32.78
8.37,1.09,80.04,0.25,15962.6,1.92,32.83
8.03,1.09,81.22,0.25,15985.9,1.88,32.82
7.91,1.09,80.48,0.25,15889.3,2,32.77
8.25,1.09,80.26,0.25,15868.2,2,32.8
8.43,1.09,81.62,0.25,15880.1,1.99,32.73
8.48,1.09,81.79,0.25,15777.5,1.96,32.74
8.29,1.08,80.84,0.26,15569.6,1.97,32.92
8.28,1.08,79.43,0.26,15649.1,1.99,32.96
8.15,1.08,81.34,0.26,15883.6,1.96,33
8.06,1.08,80.34,0.26,15918.4,1.95,33.04
7.95,1.09,78.58,0.26,15859.5,1.9,33.2
8.11,1.08,77.9,0.25,15749.1,1.95,33.43
8.32,1.07,75.06,0.25,15608.2,1.98,33.49
8.2,1.06,73.87,0.26,15539.7,1.94,33.77
8.13,1.05,74.18,0.26,15225.4,2.04,34.05
8.22,1.07,73.51,0.26,15184.3,1.99,34.54
8.03,1.07,80.66,0.26,15241.2,1.99,34.61
7.64,1.07,78.59,0.26,15037.3,1.99,34.77
7.54,1.06,78.61,0.26,15218.3,1.98,34.64
7.59,1.06,79.75,0.26,15188.5,2.06,34.69
7.61,1.06,80.97,0.26,15081.5,2.09,34.86
7.51,1.06,78.44,0.26,15219.5,2.03,34.71
7.55,1.06,78.47,0.26,15000.6,1.99,34.68
7.52,1.06,76,0.26,14938,2,34.86
7.71,1.06,75.77,0.25,15018.2,1.97,34.87
7.43,1.06,75.54,0.26,15182.3,1.91,35.05
7.36,1.06,76.24,0.25,15495,1.92,34.53
7.52,1.07,77.26,0.26,15562.5,1.9,34.61
7.59,1.06,75.19,0.26,15468.7,1.9,34.87
7.97,1.05,73.42,0.25,15399.9,1.88,34.72
8,1.06,72.07,0.25,15328.4,1.83,35.1
8.22,1.05,72.57,0.26,15767,1.86,34.71
8.19,1.05,74.47,0.26,15780,1.83,35.14
8.17,1.04,80.56,0.26,15433.5,1.8,35.48
8.31,1.03,78.75,0.26,15370.4,1.81,35.73
8.13,1.03,76.54,0.26,15605.7,1.79,35.9
7.7,1.04,75.93,0.26,15545.5,1.83,35.74
8.05,1.04,77.51,0.26,15481.8,1.84,36.13
8.1,1.03,81.08,0.26,15278.3,1.66,36.27
8.2,1.02,80.22,0.26,15309.8,1.66,35.81
7.75,1.03,80.3,0.26,15314.4,1.7,35.83
7.87,1.04,82.09,0.26,15090.1,1.7,35.75
7.91,1.04,85.22,0.26,15381,1.68,35.56
7.82,1.03,86.89,0.26,15445.1,1.71,35.72
8.13,1.03,85.25,0.25,15320.4,1.73,35.97
8.14,1.04,89.02,0.26,15234.7,1.69,36.2
7.53,1.02,86.27,0.26,14587.8,1.65,36.85
7.86,1,85.85,0.25,14808.6,1.65,37.37
8.08,1,91.87,0.25,14702.8,1.61,37.42
7.43,0.99,91,0.25,14455.7,1.58,37.99
7.39,0.98,87.9,0.26,14497.8,1.6,37.78
6.89,0.98,89.35,0.26,14790.7,1.62,37.73
6.44,0.99,88.62,0.26,14747,1.64,38.06
7.06,0.99,86.43,0.26,14795.6,1.61,37.94
7.17,0.99,88.39,0.26,14569.9,1.59,37.82
6.65,1,88.67,0.26,14531.7,1.56,37.8
6.68,1.01,88.26,0.26,14440.7,1.54,38.01
6.97,1,85.07,0.26,14226.1,1.55,38.22
6.94,0.99,84.88,0.26,13840.5,1.55,38.11
6.62,0.98,85.07,0.25,13947.3,1.56,38.32
6.5,0.98,85.94,0.26,14089.2,1.56,38.07
6.31,0.99,83.69,0.26,13923.2,1.56,38.09
6.4,0.98,85.7,0.26,13607.3,1.57,38.3
6.59,0.97,85.59,0.26,13693.6,1.57,37.98
6.59,0.97,91.14,0.26,13798.3,1.58,37.56
6.72,0.97,93.48,0.26,14262,1.51,37.47
6.76,0.99,88.08,0.26,14319.5,1.5,37.46
7.08,1,86.37,0.26,13472.2,1.56,37.85
6.98,0.98,81.02,0.26,13608.3,1.58,37.88
6.86,0.98,81.74,0.26,13833.2,1.59,37.74
6.76,0.97,81.9,0.26,13541.8,1.59,37.98
6.36,0.96,78.08,0.26,13580.4,1.61,37.92
5.97,0.96,76.47,0.26,13797,1.61,37.53
5.97,0.97,79.23,0.26,14116.6,1.63,37.38
5.85,0.98,83.54,0.26,14236.6,1.63,37.15
5.92,0.98,83.07,0.26,14474.7,1.61,37.02
6.21,1,84.25,0.26,14674.5,1.69,36.96
6.26,1,85.61,0.26,14573.9,1.69,36.9
6.35,1,85.21,0.25,14722,1.66,36.94
6.12,1,85.16,0.26,14843.2,1.67,36.6
6.06,1,88.91,0.26,14820.8,1.48,36.66
6.32,1,87.94,0.25,15352.2,1.62,36.33
6.27,1.01,88.09,0.25,15190.8,1.62,36.34
6.09,1.01,86.25,0.25,14961.8,1.62,36.49
6.5,1,82.8,0.25,14689.5,1.62,36.42
6.18,1,81.91,0.25,14771.9,1.62,36.58
5.87,0.99,86.84,0.26,14931.4,1.62,36.64
5.78,1,86.56,0.26,15118.8,1.62,36.73
5.44,0.99,92.31,0.26,15178.2,1.62,36.47
5.43,1,96.9,0.26,15595.2,1.62,36.32
5.32,1,92.96,0.26,15392.1,1.62,36.19
5.42,1,93.06,0.26,15338.2,1.62,35.86
5.66,1,95.35,0.26,15341.8,1.62,36.1
5.66,1,93.78,0.26,15588.3,1.64,36.05
5.41,1,90.55,0.26,15763.9,1.62,36.12
5.38,0.99,89.65,0.26,15734.1,1.67,35.74
5.28,1,90.39,0.26,15846.8,1.65,35.66
5.67,1.01,87.39,0.26,15794.3,1.63,35.45
5.62,1.02,87.1,0.26,15804.4,1.68,35.42
5.95,1.02,87.93,0.26,15602.9,1.7,35.51
5.82,1.02,91.94,0.27,15552.7,1.68,35.3
5.82,1.03,91.55,0.27,15305.8,1.67,35.19
5.98,1.03,90.69,0.26,15273.2,1.68,35.36
5.92,1.03,88.46,0.27,15267.2,1.67,35.62
6.01,1.02,90.95,0.26,15162.7,1.67,35.74
5.74,1.02,93.83,0.26,15286,1.71,36.24
5.66,1.02,93.75,0.27,14793.5,1.74,36.22
5.71,1.02,95.6,0.27,14899.1,1.75,36.15
5.39,1.03,96.33,0.27,14790.8,1.77,36.73
6.1,1.01,95.1,0.27,14871.1,1.76,36.69
6.03,1.02,96.51,0.27,14778.5,1.74,36.68
6.14,1.02,99.91,0.27,14766.6,1.72,36.78
6.15,1.02,103.6,0.27,14403.2,1.74,36.69
5.97,1.02,102,0.27,14449.7,1.75,36.61
6.09,1.02,97.27,0.26,14171.2,1.76,36.65
6.06,1.01,96.39,0.27,14340.3,1.74,36.65
6.08,1.01,96.57,0.26,14502.4,1.69,36.58
5.94,1,103.46,0.26,14642.3,1.67,36.21
5.88,1.01,104.79,0.26,14465.3,1.67,36.25
6.03,1,98.22,0.26,14499.5,1.7,35.86
6.08,1.02,100.36,0.26,14487.6,1.69,36.21
6.18,1.02,106.01,0.27,14599.6,1.7,35.94
6.42,1.03,109.7,0.27,14667.3,1.69,35.59
6.51,1.04,111.86,0.26,14835.3,1.68,35.31
6.47,1.05,110.18,0.26,14811.5,1.65,35.2
6.76,1.04,107.22,0.26,14402.1,1.65,35.18
7.03,1.05,103.99,0.26,14352.8,1.7,35.37
7.13,1.06,104.42,0.26,14414.3,1.71,35.5
7.14,1.06,109.54,0.26,14097,1.72,35.5
6.8,1.05,110.58,0.26,14142.2,1.66,35.39
7.32,1.06,117.08,0.26,14595.2,1.68,35.33
7.45,1.05,115.98,0.26,14444.6,1.73,35.34
7.31,1.05,119.07,0.26,14527.9,1.72,35.03
7.52,1.05,121.09,0.26,15096.7,1.74,34.81
7.51,1.04,120.19,0.26,15472.5,1.73,35.02
7.65,1.04,121.46,0.26,15843.8,1.74,34.9
7.49,1.04,122.43,0.26,15848.5,1.72,34.75
7.84,1.05,119.1,0.26,15797.2,1.76,34.56
7.73,1.06,120.82,0.26,15827,1.71,34.52
8.13,1.07,115.4,0.26,15942.6,1.76,34.38
8.34,1.07,114.96,0.26,15664,1.76,34.34
8.72,1.07,114.2,0.26,15412.2,1.79,34.33
8.57,1.07,110.69,0.27,15290.4,1.78,34.08
9.08,1.08,110.39,0.27,15343,1.75,34.24
8.9,1.07,110.41,0.27,15081,1.75,34.28
8.47,1.07,110.56,0.27,15035.9,1.72,34.1
8.47,1.07,111.45,0.27,15044.5,1.72,34.15
8.45,1.07,109.09,0.27,15541.9,1.68,34.42
8.6,1.06,113.66,0.27,15259.8,1.76,34.46
8.25,1.06,113.87,0.27,14931.1,1.8,34.64
7.89,1.05,106.65,0.27,15057.9,1.83,34.52
7.72,1.05,105.63,0.27,16119.6,1.81,34.72
7.79,1.04,102.65,0.27,15729.5,1.81,34.75
6.97,1.04,110.43,0.27,16032.7,1.79,34.58
7.8,1.06,107.58,0.27,15741.8,1.83,34.04
9.62,1.06,105.17,0.26,15694.2,1.69,34.37
9.6,1.05,102.11,0.26,16054.8,1.76,34.46
9.23,1.05,101.76,0.26,16056.9,1.78,34.34
8.85,1.06,98.64,0.27,16499.3,1.91,34.31
8.86,1.06,101.38,0.27,16761.3,1.79,34.14
9.01,1.07,104.07,0.27,16658.9,1.78,33.96
9.08,1.08,102.5,0.26,16466.2,1.78,33.91
9.72,1.08,103.05,0.26,16511.5,1.68,33.78
10.47,1.09,107.75,0.26,16690,1.66,33.8
10.39,1.08,107.03,0.26,16631.5,1.61,33.69
10.9,1.08,98.4,0.27,16830.9,1.55,33.63
11.14,1.08,97.17,0.27,16787.8,1.51,33.59
10.96,1.09,97.16,0.27,16670.9,1.51,33.49
10.26,1.09,103.66,0.27,16932.8,1.43,33.46
10.32,1.1,98.95,0.27,17014.8,1.39,33.29
10.14,1.11,101.23,0.27,16798.7,1.39,33.35
9.89,1.12,107.45,0.27,16792.8,1.38,33.48
10.16,1.11,105.24,0.27,16701.8,1.36,33.78
9.92,1.1,103.47,0.27,16558.5,1.31,33.57
10.4,1.1,112.92,0.27,16735.5,1.3,33.51
10.5,1.1,111.75,0.27,16606.7,1.32,33.61
10.65,1.1,114.47,0.28,16612.6,1.27,33.51
10.3,1.1,108.85,0.28,16483.6,1.24,33.54
10.29,1.1,112.9,0.28,16261.5,1.26,33.28
10.29,1.11,105.13,0.28,15895.7,1.24,33.21
10.17,1.11,103.62,0.28,15694.4,1.23,33.4
10.2,1.1,95.34,0.28,15753.7,1.21,33.54
10.03,1.1,95.23,0.28,15929.6,1.21,33.45
9.9,1.09,102.28,0.28,15977.5,1.22,33.3
10.9,1.09,109.42,0.28,15708.2,1.21,33.14
10.53,1.1,105.99,0.28,16380.9,1.21,33.04
10.58,1.11,110.41,0.28,16069.2,1.22,33
11.46,1.09,120.67,0.29,16428,1.22,32.53
10.39,1.11,111.33,0.28,15996,1.24,32.71
10.26,1.11,107.12,0.29,16019.6,1.25,32.71
9.63,1.12,96.09,0.28,16215.6,1.25,32.63
9.27,1.12,94.99,0.28,16392.3,1.29,32.27
10,1.13,93.32,0.28,16492,1.23,32.42
9.48,1.13,92.52,0.28,16770.4,1.25,32.27
9.62,1.13,91.74,0.28,16531.3,1.23,32.11
9.87,1.14,91.75,0.28,16665,1.2,32.28
9.95,1.14,91.63,0.28,16856,1.16,32.44
8.87,1.13,90.9,0.28,16853.7,1.11,32.69
9.14,1.13,94.83,0.28,16722.8,1.17,32.71
8.74,1.14,93.91,0.28,16904.5,1.17,32.91
8.81,1.14,90,0.28,16829.7,1.19,33.02
8.44,1.14,89.86,0.29,16397.9,1.19,33.13
7.63,1.13,91.64,0.29,16152.1,1.21,33.18
7.68,1.13,87.98,0.29,16236.5,1.18,33.43
8.03,1.11,88.35,0.29,16340.3,1.17,33.31
8.07,1.11,87.45,0.29,16414,1.21,33.12
8.06,1.12,87.5,0.29,16397.3,1.22,33
8.39,1.13,87.15,0.29,16663.8,1.23,33
8.2,1.13,85.26,0.29,16819,1.27,32.96
8.53,1.13,84.15,0.29,16950.9,1.24,32.91
8.82,1.13,84.91,0.29,17219.1,1.26,32.92
8.92,1.13,84.57,0.29,17259,1.28,33.08
8.43,1.13,86.23,0.29,17353.8,1.27,33.09
8.34,1.14,86.61,0.29,17294.5,1.29,33.22
8.48,1.15,84.32,0.29,17119.6,1.32,33.3
8.36,1.14,81.73,0.29,17156.5,1.36,33.35
8.08,1.14,82.82,0.29,17112.6,1.36,33.63
7.55,1.13,81.38,0.29,17226.1,1.35,33.56
7.28,1.13,78.42,0.29,17164.1,1.35,33.21
7.11,1.13,79.62,0.29,17149.9,1.36,33.24
7.34,1.13,77.24,0.29,17134.2,1.34,33.24
7.16,1.14,76.02,0.29,17141.1,1.36,33.51
7.18,1.13,76.58,0.29,16963.4,1.35,33.54
7.19,1.13,76.04,0.29,16874.9,1.35,33.53
7.46,1.13,75.97,0.29,16744.3,1.36,33.44
7.31,1.13,73.38,0.29,16442.3,1.36,33.67
7.19,1.13,73.03,0.29,16668.6,1.35,33.68
7.12,1.13,71.27,0.3,16849.1,1.37,33.61
7.01,1.13,69.21,0.3,16813.6,1.37,33.34
7.11,1.12,70.07,0.3,16652.6,1.36,33.42
7.31,1.13,71.92,0.29,16719.6,1.38,33.42
6.75,1.13,71.48,0.29,16856.6,1.37,33.43
6.84,1.13,70.35,0.29,16780.5,1.34,33.39
6.89,1.13,71.12,0.29,16592,1.34,33.57
7.12,1.13,72.04,0.3,16475.2,1.36,33.58
7.34,1.13,71.86,0.3,16319,1.4,33.84
7.52,1.13,69.72,0.3,16684,1.37,33.88
7.18,1.13,67.5,0.3,16624.9,1.38,33.75
7.4,1.13,65.63,0.3,17036.8,1.38,33.72
7.05,1.13,67.01,0.3,17007.9,1.37,33.71
6.86,1.13,70.04,0.3,16945.8,1.36,33.39
6.92,1.12,69.23,0.29,16974,1.36,33.11
6.64,1.12,78.34,0.29,17117.7,1.38,33.02
6.34,1.12,78.48,0.29,17192.7,1.37,32.81
6.53,1.13,76.46,0.29,17302.8,1.4,32.58
6.96,1.14,75.75,0.29,17285.5,1.39,32.62
7.1,1.13,78.76,0.29,17297.7,1.38,32.76
7.42,1.13,78.34,0.28,17192,1.38,32.72
7.72,1.14,80.54,0.29,17286.9,1.37,32.75
7.87,1.15,80.93,0.29,17242.4,1.37,32.83
7.65,1.15,80.66,0.29,17168.9,1.38,32.77
7.52,1.16,81.41,0.29,17115.2,1.37,33.17
7.43,1.16,84.53,0.29,17131.1,1.37,33.36
7.03,1.16,81.13,0.29,17016.4,1.38,33.27
7.33,1.16,79.37,0.29,17077,1.38,33.3
7.77,1.16,83.07,0.29,16920.4,1.37,33.31
7.88,1.16,83.87,0.29,17145.2,1.36,33.21
8.06,1.17,83.09,0.29,17169.1,1.35,33.3
8.32,1.16,82.25,0.29,17122.2,1.35,33.22
8.69,1.16,84.39,0.29,17099.2,1.35,33.06
9,1.16,83.72,0.29,16988.2,1.34,33.32
8.85,1.16,83.98,0.29,16862,1.36,33.37
8.76,1.17,83.58,0.29,16871.7,1.34,33.33
9.05,1.16,83.34,0.29,16744.3,1.36,33.49
8.81,1.16,82.37,0.29,16513.2,1.32,33.42
8.29,1.16,82.6,0.29,16517.2,1.32,33.17
8.18,1.16,81.48,0.29,16511.8,1.36,33.2
8.26,1.16,80.59,0.29,16327.1,1.34,33.86
7.69,1.16,80.5,0.3,16198.6,1.32,33.78
7.47,1.16,79.59,0.3,16344.9,1.31,33.83
6.73,1.16,78.86,0.3,16328.8,1.33,33.77
6.78,1.16,79.04,0.3,16599.8,1.39,33.95
6.86,1.16,77.58,0.3,16539.2,1.44,33.85
7,1.17,74.78,0.3,16352.2,1.43,33.6
7.19,1.17,74.38,0.3,16184.5,1.45,33.43
7.21,1.17,75.43,0.3,16168.2,1.43,33.47
7.43,1.17,74.19,0.3,16460.3,1.45,33.38
7.33,1.17,71.97,0.31,16576.8,1.45,33.37
7.25,1.17,70.85,0.3,16626.9,1.45,33.32
7.07,1.17,70.59,0.3,16497.2,1.49,33.14
6.92,1.18,71.92,0.3,16635.4,1.42,32.89
6.71,1.18,72.62,0.3,16563.5,1.4,32.95
7.14,1.18,72.65,0.3,16731,1.35,32.87
7.32,1.18,70.76,0.3,16801.2,1.33,32.69
7.15,1.18,70.64,0.3,16909.7,1.33,32.77
7.3,1.18,69.74,0.3,16926.7,1.34,32.66
7.28,1.18,69.36,0.3,16846,1.32,32.44
7.35,1.19,68.37,0.3,16819.6,1.3,32.49
7.31,1.19,69.11,0.3,16844.8,1.31,32.46
7.58,1.19,69.76,0.3,16694.3,1.34,32.31
7.59,1.18,68.29,0.29,16812.8,1.34,32.48
7.74,1.18,69.18,0.3,16741.2,1.31,32.55
7.33,1.18,69.3,0.3,16648.5,1.26,32.76
6.96,1.18,67.75,0.3,16516.7,1.23,32.81
7.07,1.18,68,0.3,16429.1,1.23,32.88
6.84,1.18,67.63,0.3,16550.3,1.2,33.26
6.31,1.17,65.54,0.3,16707.1,1.23,33.36
6.44,1.17,61.96,0.3,16836.7,1.22,33.35
6.79,1.17,64.05,0.3,16868.1,1.23,33.3
7.22,1.17,64.58,0.3,16871.1,1.25,33.36
7.43,1.17,66.58,0.3,16875.4,1.25,33.41
7.4,1.18,67.43,0.31,16792.8,1.24,33.34
7.3,1.18,67.71,0.3,16727,1.23,33.05
7.34,1.17,68.91,0.3,16748.1,1.25,33.19
7.26,1.17,68.51,0.3,16695.5,1.25,33.46
7.37,1.17,66.85,0.3,16713.5,1.27,33.47
7.52,1.17,67.88,0.3,16576.2,1.27,33.44
7.7,1.18,69.14,0.3,16602.3,1.26,33.27
8.56,1.18,70.32,0.3,16697.1,1.3,33.03
8.51,1.19,71.52,0.3,16573.6,1.3,32.95
8.35,1.19,73.91,0.3,16565.3,1.29,32.89
8.61,1.19,73.41,0.3,16455.9,1.29,32.86
8.87,1.19,72.4,0.3,16503.5,1.33,32.87
8.66,1.18,72.22,0.3,16321.9,1.33,32.91
8.41,1.18,71.71,0.3,16052.7,1.31,32.9
8.73,1.18,70.22,0.3,16364.7,1.29,32.83
8.36,1.18,66.45,0.3,16499.1,1.28,32.84
8.2,1.18,66.6,0.3,16543.8,1.24,32.86
8.52,1.18,71.49,0.3,16575.8,1.2,32.79
8.61,1.18,71.48,0.3,16673.1,1.2,32.69
8.52,1.18,72.96,0.3,16633.3,1.23,32.61
8.43,1.18,75.17,0.3,16359.7,1.21,32.64
8.29,1.18,74.18,0.3,16542.8,1.25,32.69
8.48,1.19,74.74,0.3,16674.8,1.26,32.52
8.54,1.19,73.26,0.29,16555.3,1.28,32.54
8.83,1.18,73.85,0.3,16547.6,1.28,32.26
9.18,1.18,75.35,0.29,16573.7,1.32,32.11
9.17,1.19,73.5,0.29,16658.8,1.28,32.16
8.78,1.19,73.47,0.29,16558.6,1.26,32.03
9,1.19,72.78,0.29,16437.6,1.21,32.11
9.33,1.19,73.99,0.29,16449,1.22,31.92
9.35,1.19,73.32,0.29,16412,1.17,31.8
9.43,1.19,73.28,0.29,16144,1.22,31.9
9.49,1.19,72.91,0.29,16411.7,1.23,31.83
9.31,1.19,73.41,0.29,16542.8,1.36,31.72
9.27,1.19,71.52,0.29,16655.8,1.37,31.61
9.58,1.19,71.1,0.29,16662.4,1.29,31.47
9.61,1.19,71.65,0.29,16694.9,1.18,31.41
10.29,1.19,72.45,0.28,16620,1.19,31.28
10.68,1.2,71.16,0.28,16685.5,1.2,31.15
10.66,1.21,70.65,0.28,16685.1,1.2,31.12
10.59,1.21,69.76,0.28,16708.7,1.11,31.07
11.16,1.21,70.01,0.28,16555.7,1.07,31.16
11.26,1.22,69.29,0.28,16532,1.07,31.18
11.66,1.22,69.52,0.29,16452,1.11,31.14
11.12,1.22,68.91,0.28,16464.7,1.12,31.2
11.09,1.22,66.68,0.28,16375,1.14,31.3
11.33,1.22,66.95,0.28,16350.5,1.16,31.25
11.12,1.22,66.16,0.29,16233.3,1.13,31.34
11.59,1.22,66.02,0.29,16337.7,1.11,31.38
11.36,1.22,63.87,0.29,16423,1.1,31.37
11.77,1.22,61.89,0.29,16415.4,1.13,31.41
11.69,1.22,63.39,0.29,16181.6,1.09,31.43
11.77,1.22,65.28,0.29,16043,1.11,31.49
11.22,1.22,66.33,0.29,16516.8,1.11,31.36
11.37,1.21,65.5,0.29,16590.4,1.12,31.36
10.78,1.21,63.83,0.29,16289.3,1.19,31.29
10.43,1.21,65.75,0.29,16325.2,1.22,31.11
9.8,1.21,64.9,0.29,16219.3,1.25,31.09
9.77,1.22,65.57,0.29,16376,1.29,31.18
9.9,1.2,64.9,0.29,16322.1,1.26,31.13
9.68,1.21,66.45,0.29,16273.3,1.27,31.16
9.84,1.2,64.88,0.28,16241.2,1.27,31.19
9.84,1.21,63.7,0.29,16206,1.23,31.35
10.09,1.21,63.04,0.29,16030.6,1.28,31.35
10.13,1.21,61.97,0.29,16121.6,1.38,31.43
9.95,1.21,62.06,0.29,15944.6,1.38,31.42
10.48,1.21,61.65,0.29,16107.6,1.4,31.39
10.49,1.2,61.11,0.29,16186.3,1.41,31.32
10.45,1.2,62.39,0.29,16116.9,1.42,31.28
10.6,1.2,63.47,0.29,15886.6,1.44,31.23
10.81,1.2,62.98,0.29,15838.9,1.47,31.21
10.28,1.2,63.32,0.29,15870.3,1.45,31.17
10.15,1.2,59.52,0.29,15601.7,1.64,31.37
10.18,1.19,61.5,0.29,15626.1,1.62,31.35
10.1,1.18,59.49,0.28,15611.9,1.55,31.22
10,1.18,60.45,0.28,15682.5,1.47,31.25
10.16,1.17,61.96,0.28,15410.4,1.46,31.31
10.27,1.17,60.93,0.28,15276.6,1.47,31.2
10.13,1.18,58.48,0.28,15346.5,1.49,31.12
10.39,1.18,60.8,0.28,15551.6,1.52,31.15
10.77,1.18,57.4,0.29,15562.3,1.41,31.01
11.06,1.18,61.28,0.29,15589.1,1.5,31
11.02,1.19,61.55,0.29,15731.1,1.77,30.87
10.84,1.19,59.56,0.28,15669.3,1.59,30.82
10.84,1.19,64.42,0.28,15775.5,1.25,30.89
11.01,1.19,64.75,0.28,15715.2,1.32,30.7
11.49,1.2,65.33,0.28,15648,1.2,30.76
11.02,1.19,65.56,0.28,15521.8,1.03,30.74
11.38,1.19,65.96,0.28,15288.4,1.03,30.72
11.5,1.2,64.7,0.28,15251.8,0.98,30.55
11.47,1.2,64.73,0.28,15277,0.89,30.69
11.09,1.19,66.68,0.28,15327.8,0.89,30.81
11.06,1.18,64.16,0.28,15539.4,0.96,30.52
11.63,1.19,59.55,0.28,15359.1,1,30.25
11.26,1.21,60.23,0.28,15340.5,1.01,30.23
11.38,1.2,63.39,0.28,15362.7,1.1,30.05
10.89,1.22,61.29,0.28,15290.6,1.08,30.03
10.34,1.22,62.16,0.29,15402.6,1.08,30
10.24,1.22,58.88,0.29,15423,1.05,29.97
10.24,1.21,60.2,0.28,15370.2,1.07,30.01
10.23,1.21,61.68,0.28,15297.1,1.09,30
9.98,1.2,60.24,0.28,15273.9,1.1,29.95
10.26,1.21,59.98,0.28,15226.6,1.1,29.9
10.22,1.21,58.4,0.28,15069.6,1.15,29.87
10.51,1.21,58.11,0.29,14768.6,1.13,29.91
10.83,1.21,57.06,0.29,14596.2,1.15,29.99
11.28,1.2,55.96,0.28,14669.5,1.22,30.08
10.87,1.2,55.05,0.28,14487.7,1.26,30.01
10.23,1.2,53.48,0.29,14867.4,1.29,29.99
10.14,1.21,52.15,0.29,14935.3,1.28,29.98
10.28,1.21,52.65,0.29,14951.8,1.21,30.01
10.5,1.21,52.76,0.29,15019,1.28,29.97
10.49,1.22,52.91,0.29,15097.3,1.33,29.99
11,1.21,52.17,0.29,14987.3,1.35,29.99
11.07,1.22,53.1,0.29,14894.2,1.3,29.93
11.01,1.22,52.93,0.29,15044.4,1.3,29.97
11.06,1.21,53.13,0.29,14983.6,1.35,29.99
11.31,1.21,52,0.29,15010.3,1.36,30.12
11.11,1.21,53.8,0.29,14938,1.38,29.99
11.09,1.22,52.84,0.29,14788.8,1.35,30.02
11.9,1.22,53.31,0.29,14536.5,1.36,30.05
11.91,1.22,52.18,0.29,14524.8,1.4,30.15
12.62,1.22,52.58,0.29,14397.9,1.44,29.94
12.22,1.23,50.53,0.29,14405.8,1.43,29.92
12.28,1.23,49.82,0.29,14382.5,1.46,29.99
12.48,1.22,48.4,0.29,14398.6,1.47,30.06
12.22,1.22,48.13,0.29,14321.3,1.45,30.18
12.08,1.22,47.72,0.29,14378.9,1.43,30.03
12.55,1.22,48.23,0.29,14467.8,1.43,30.2
12.72,1.22,48.09,0.29,14516.7,1.41,30.22
13.01,1.22,46.79,0.29,14408.9,1.39,30.09
13.12,1.22,47.93,0.29,14402.3,1.4,29.83
12.62,1.22,48.54,0.29,14214.9,1.41,29.79
11.84,1.23,48.43,0.29,14355.3,1.35,30.03
12.38,1.22,47.85,0.29,14394.3,1.38,30.05
12.52,1.22,47.6,0.29,14374.1,1.41,30.1
12.35,1.21,46.99,0.29,14217.2,1.5,30.08
11.85,1.21,46.73,0.29,14188.2,1.5,30.07
11.66,1.21,45.66,0.29,14146.6,1.5,30.08
10.84,1.21,44.99,0.29,14198.5,1.49,30.21
10.55,1.21,44.38,0.29,14191.6,1.54,30.25
10.96,1.21,45.34,0.29,14249.5,1.57,30.34
11.08,1.2,45.9,0.29,13998.2,1.59,30.29
11.61,1.19,44.82,0.29,13827,1.56,30.34
11.6,1.19,42.84,0.29,13863.2,1.59,30.35
11.36,1.18,42.46,0.29,13808.6,1.58,30.3
11.54,1.19,41.7,0.29,13949.1,1.61,30.37
11.18,1.19,41.61,0.29,13982.2,1.59,30.31
11,1.19,41.35,0.29,13761.3,1.55,30.16
11.67,1.19,41.44,0.29,13551.5,1.54,30.2
12.06,1.19,40.17,0.29,13708,1.61,30.17
12.36,1.18,40.94,0.29,13218.7,1.61,30.22
12.76,1.18,41.47,0.29,13199.1,1.59,30.36
12.67,1.18,41.79,0.29,12979,1.64,30.63
12.61,1.19,37.34,0.29,12662.2,1.64,30.76
12.43,1.18,38.54,0.3,12429.3,1.68,30.99
12.8,1.17,39.17,0.3,12502.3,1.69,31.12
12.5,1.16,37.03,0.3,12415.4,1.68,31.16
12.88,1.17,35.24,0.3,12817.9,1.7,31.22
12.8,1.17,36.07,0.3,12936.4,1.71,31.27
12.92,1.17,37.39,0.3,13199.9,1.7,31.23
12.87,1.18,38.97,0.3,13040.1,1.67,31.27
12.79,1.18,38.59,0.3,13092.2,1.69,31.32
12.16,1.19,39.69,0.3,13018.5,1.74,31.19
12.54,1.19,40.04,0.3,13169.3,1.73,31.23
12.21,1.18,41.22,0.3,13137.2,1.73,31.2
12.12,1.18,40.65,0.3,13143.2,1.73,31.18
12.55,1.17,40.69,0.3,13212,1.73,31.22
12.5,1.17,40.88,0.3,13190.6,1.73,31.15
12.44,1.17,41.13,0.3,13042.3,1.74,31.27
12.09,1.17,40.19,0.3,12837.9,1.71,31.21
12.45,1.18,40.4,0.3,12949.6,1.61,31.24
12.37,1.18,41.31,0.3,12701.9,1.63,31.25
12.08,1.17,39.99,0.29,12602.6,1.6,31.3
12.16,1.18,39.83,0.29,12677.5,1.56,31.61
12.24,1.17,39.35,0.3,12485.4,1.55,31.62
11.8,1.17,38.6,0.3,12293.9,1.58,31.67
11.35,1.17,39.9,0.3,12314.6,1.59,31.65
11.95,1.16,39.16,0.3,12630.5,1.59,31.59
11.85,1.17,40.58,0.3,12575.2,1.55,31.57
11.97,1.17,40.07,0.3,12617.5,1.55,31.39
12.15,1.17,40.15,0.3,12937.6,1.57,31.3
12.02,1.18,39.6,0.3,12866.2,1.6,31.12
11.8,1.18,39.76,0.3,13013.5,1.58,31.19
12.53,1.18,39.63,0.3,13011,1.55,31.1
12.61,1.18,40.98,0.3,12868.3,1.55,31.19
13.08,1.19,40.97,0.3,12780,1.55,31.3
13.25,1.19,40.19,0.3,12924.5,1.54,31.31
13.04,1.18,38.35,0.3,12806.2,1.52,31.31
13.86,1.18,37.28,0.3,13022.5,1.51,31.26
13.76,1.18,37.32,0.29,13253.8,1.49,31.41
14.24,1.18,37.01,0.29,13032,1.49,31.4
13.72,1.18,37.8,0.29,13134.4,1.47,31.4
13.62,1.19,36.79,0.3,13115.4,1.49,31.34
13.73,1.19,41.63,0.3,13066.1,1.49,31.08
13.05,1.19,42.83,0.3,13006.2,1.5,31.1
13.17,1.19,42.91,0.3,13029.9,1.5,31.3
13.67,1.18,42.98,0.29,12905,1.52,31.27
13.5,1.18,43.45,0.29,12782.1,1.52,31.46
13.19,1.18,43.39,0.29,12751.3,1.53,31.49
13.48,1.18,42.36,0.3,12931.1,1.49,31.57
14,1.18,42.48,0.3,12967.9,1.51,31.41
13.53,1.19,42.75,0.3,12942.3,1.53,31.28
13.22,1.18,42.74,0.3,12864.7,1.57,31.15
12.69,1.19,42.6,0.3,12914.7,1.56,31.15
12.55,1.19,42.79,0.3,12984.9,1.59,31.13
13.35,1.18,42.24,0.3,12797.8,1.59,31.05
13.08,1.18,42.33,0.29,12655.7,1.62,31.09
13,1.18,42.57,0.29,12708.5,1.64,31.13
12.71,1.17,41.5,0.29,12713.7,1.63,31.21
11.59,1.18,41.97,0.29,12548.9,1.71,31.12
12.49,1.19,42.19,0.29,12509.3,1.69,31.03
12.17,1.19,41.56,0.29,12491.5,1.55,31.04
12.47,1.18,40.78,0.3,12533.5,1.53,31.19
10.78,1.18,40.34,0.29,12488.7,1.48,31.38
10.84,1.18,41.32,0.29,12567.2,1.46,31.43
10.82,1.18,41.13,0.29,12508.7,1.48,31.48
10.6,1.17,41.06,0.29,12492.1,1.46,31.72
9.52,1.16,41.95,0.3,12413.1,1.46,31.62
9.18,1.16,41.54,0.3,12395.8,1.45,31.59
9.22,1.15,40.65,0.3,12310.2,1.43,31.79
9.35,1.14,40.64,0.3,12377.6,1.46,31.7
9.14,1.14,40.72,0.3,11989.4,1.47,31.71
9.52,1.14,40.97,0.3,12159.8,1.59,31.54
9.55,1.14,40.55,0.3,11935.3,1.54,31.54
9.43,1.14,39.6,0.3,12023.6,1.55,31.4
9.2,1.13,40.35,0.3,12056.2,1.54,31.32
9.24,1.13,39.58,0.3,12088.7,1.5,31.23
9.13,1.13,40.87,0.29,11907.8,1.41,31.23
8.93,1.13,40.48,0.29,11736.8,1.46,31.11
8.92,1.13,40.68,0.29,11683.1,1.53,31.04
9.06,1.13,39.78,0.29,11796.4,1.51,30.91
9.2,1.12,39.84,0.29,11680.4,1.48,30.89
9.36,1.12,39.64,0.29,11956.3,1.58,30.91
9.45,1.12,37.96,0.29,12157.4,1.72,30.91
9.05,1.12,39.09,0.29,11963.3,1.72,30.87
8.62,1.13,38.05,0.29,12240.3,1.77,30.94
8.37,1.13,39.99,0.29,11994.5,1.82,30.96
8.54,1.13,40.68,0.29,12193.4,1.9,30.98
8.91,1.12,39.18,0.29,12304.1,1.89,31.1
8.14,1.12,38.85,0.29,11565.8,1.9,31.14
8.95,1.12,37.74,0.29,12090.1,1.92,31.13
8.61,1.13,37.93,0.29,12616.6,1.96,31.02
9.11,1.13,37.05,0.29,12734.5,1.99,30.97
8.15,1.12,36.03,0.29,12175.1,2,31.13
8.3,1.14,39.09,0.29,11900.2,1.94,31.31
7.92,1.13,38.5,0.29,11799.9,1.98,31.49
8.22,1.13,39.41,0.29,11751,1.99,31.55
8.3,1.12,37.33,0.29,11935.9,1.99,31.66
7.95,1.11,36.76,0.29,11787.6,2,31.84
8.08,1.11,35.56,0.29,11636.5,2,31.88
8.17,1.11,35.21,0.29,11325.1,1.99,31.92
8.26,1.1,33.68,0.29,11393.9,2.02,31.88
8.15,1.1,32.1,0.29,11408.6,2,31.97
8.66,1.09,34.14,0.3,11374.2,2.05,31.85
8.57,1.09,33.3,0.3,11282.9,2.01,31.82
8.2,1.1,33.95,0.3,10927.4,1.98,31.93
7.9,1.09,33.53,0.3,10661.9,2.05,32.01
8.02,1.09,31.89,0.3,11035.2,2.13,32.07
8.34,1.08,32.83,0.3,11244.2,2.19,32.1
8.33,1.08,29.53,0.3,11281.3,2.17,32.08
8.45,1.08,27.64,0.3,11196.9,2.17,32.1
8.49,1.08,25.56,0.3,11189,2.17,32.2
7.76,1.08,25.3,0.3,11473.2,2.16,32.35
7.15,1.08,24.49,0.3,11546.4,2.21,32.37
7.17,1.08,23.35,0.3,11462.4,2.16,32.39
7.3,1.09,21.24,0.3,11106,2.18,32.41
7.86,1.09,15.64,0.3,11000.7,2.18,32.47
7.74,1.08,13.35,0.3,10961.2,2.17,32.47
7.43,1.08,12.96,0.3,10920,2.16,32.44
7.15,1.08,16.84,0.3,10763.7,2.16,32.34
7.61,1.08,16.78,0.3,11016.9,2.18,32.37
7.28,1.08,14.2,0.3,11101.3,2.25,32.52
7.21,1.09,13.12,0.3,10882.8,2.25,32.51
7.61,1.09,14,0.3,10862,2.26,32.49
8,1.09,17.73,0.3,11151.2,2.24,32.68
7.45,1.08,20,0.3,11136.6,2.26,32.7
7.49,1.09,20.15,0.3,10641.5,2.32,32.66
7.22,1.1,20.72,0.3,10264.1,2.3,32.7
7,1.09,22.36,0.3,10012.5,2.38,32.69
7.25,1.09,24.6,0.3,9815.3,2.42,32.73
6.92,1.09,26.28,0.3,10387.7,2.42,33.03
7.24,1.08,24.3,0.3,10238.1,2.43,32.94
7.93,1.09,24.81,0.3,10135.7,2.43,33.11
8.52,1.1,21.22,0.3,10060.5,2.43,32.67
7.69,1.1,20.23,0.3,9749.8,2.46,32.54
7.6,1.11,20.93,0.31,9276.6,2.48,32.63
7.51,1.1,23.29,0.31,9014.6,2.47,32.75
7.6,1.09,24.25,0.3,9577.9,2.47,32.76
6.44,1.08,24.37,0.3,9313.8,2.44,32.83
7.62,1.07,23.87,0.3,9562.5,2.46,32.7
6.44,1.07,22.52,0.3,9726.2,2.45,32.6
5.12,1.07,24.73,0.29,10852,2.48,32.61
6.87,1.09,22.3,0.3,10445.4,2.47,32.16
7.88,1.1,26.94,0.3,10466.7,2.47,32.15
9.68,1.12,28.69,0.29,11523.9,2.46,31.84
9.91,1.11,33.75,0.3,11748.6,2.46,31.76
11.35,1.12,30.77,0.3,12696.6,2.51,31.5
10.92,1.13,33.07,0.3,12845.1,2.48,31.43
11.36,1.13,34.62,0.3,12441.4,2.48,31.42
11.91,1.13,32.87,0.3,12547.2,2.46,31.42
12.42,1.12,46.09,0.3,12841.4,2.48,31.49
11.83,1.11,46.94,0.3,13194.3,2.47,31.53
12.17,1.1,47.72,0.3,13570.2,2.49,31.68
12.73,1.1,43.7,0.29,13654,2.49,31.85
12.52,1.09,46.49,0.29,14014.6,2.48,31.75
12.39,1.09,48.63,0.29,14061,2.48,31.7
12.17,1.09,50.08,0.29,14077.5,2.49,31.64
12.35,1.08,51.37,0.29,14047.9,2.51,31.45
12.58,1.08,52.6,0.29,14104.8,2.46,31.21
12.63,1.08,53.74,0.29,14069.2,2.45,31.21
12.55,1.08,53.5,0.28,14117.8,2.46,31.19
12.41,1.08,52.12,0.28,13984.5,2.45,31.15
12.61,1.08,52.23,0.28,13904,2.48,31.12
12.77,1.09,51.51,0.28,13987.5,2.5,31.27
12.98,1.09,51.72,0.28,14066.9,2.5,31.33
12.95,1.09,49.96,0.28,13826.1,2.54,31.32
12.94,1.1,49.61,0.28,13655.9,2.5,31.14
12.89,1.1,51.11,0.28,13783.8,2.47,30.99
12.79,1.1,51.17,0.29,13745.2,2.41,31.08
12.29,1.11,49.94,0.29,13912.8,2.43,31.21
12.71,1.11,51.01,0.28,13812.6,2.45,31.1
13.24,1.1,52.92,0.28,13746.6,2.42,30.97
13.06,1.1,53.09,0.29,14120,2.5,30.83
13.45,1.1,53.97,0.29,14064.3,2.49,30.71
13.3,1.1,52.77,0.29,14147.9,2.59,30.58
13.4,1.1,53.7,0.28,14126.1,2.55,30.51
13.55,1.11,55.69,0.28,14168.1,2.55,30.4
13.75,1.11,56.11,0.28,14103.5,2.56,30.41
13.9,1.11,58.26,0.28,14022.3,2.54,30.36
13.27,1.11,59.17,0.28,14024.2,2.53,30.38
13.89,1.11,58.59,0.28,13980.5,2.54,30.31
14.1,1.12,58.1,0.28,14018.1,2.52,30.26
14.12,1.11,58.2,0.28,13974.1,2.52,30.21
14.47,1.11,58.03,0.28,13911.2,2.54,30.24
14.88,1.11,59.04,0.28,13856.7,2.57,30.28
15.13,1.11,59.61,0.28,13951.3,2.56,30.37
15.26,1.11,59.99,0.27,13976.9,2.56,30.17
15.06,1.12,62.91,0.28,13911.2,2.51,30.17
14.77,1.12,63.71,0.28,13903,2.5,30.17
14.66,1.12,61.71,0.28,13906.9,2.48,30.18
14.81,1.11,61.73,0.28,13831.7,2.5,30.17
14.86,1.11,61.2,0.28,13801.7,2.5,30.18
14.68,1.11,60.63,0.28,13805.2,2.51,30.2
14.61,1.11,60.41,0.27,13795.1,2.47,30.21
15.17,1.11,61.11,0.28,13781.6,2.5,30.24
14.92,1.11,60.86,0.28,13711.2,2.47,30.26
14.87,1.12,60.55,0.28,13587.7,2.45,30.23
14.79,1.11,60.23,0.28,13554.1,2.45,30.21
14.8,1.11,59.87,0.28,13570.5,2.45,30.17
15.08,1.11,59.36,0.28,13515.5,2.46,30.27
15.07,1.11,58.88,0.28,13408.1,2.44,30.33
15.31,1.11,59.06,0.28,13363.7,2.41,30.35
15.35,1.11,59.11,0.28,13554.3,2.4,30.38
14.94,1.11,58.32,0.28,13595.9,2.43,30.27
15.15,1.11,56.43,0.28,13577.5,2.43,30.28
15.14,1.11,55.96,0.28,13532.6,2.41,30.23
14.96,1.1,55.47,0.28,13471.5,2.41,30.24
15,1.1,58.13,0.28,13412.3,2.43,30.23
14.82,1.1,58.27,0.28,13420.3,2.42,30.24
14.84,1.1,57.92,0.28,13460.3,2.45,30.21
15.13,1.1,57.92,0.28,13489.8,2.44,30.22
14.83,1.11,58.31,0.28,13488.5,2.42,30.2
14.89,1.11,57,0.28,13432.8,2.42,30.2
15.08,1.11,55.16,0.28,13385,2.47,30.21
15.26,1.11,56.9,0.28,13387.6,2.47,30.26
15.5,1.11,57.88,0.28,13392,2.51,30.21
15.3,1.1,56.91,0.28,13347.3,2.5,30.25
15.47,1.1,57.39,0.28,13376.9,2.48,30.34
15.38,1.1,56.79,0.28,13339.8,2.49,30.35
15.7,1.1,56.89,0.28,13321.2,2.52,30.38
15.26,1.1,57.4,0.28,13231.2,2.53,30.3
14.81,1.11,56.35,0.28,13239.4,2.55,30.26
14.13,1.11,57.26,0.28,13215.9,2.56,30.19
14.04,1.12,56.41,0.28,13170.9,2.6,30.18
13.98,1.12,54.15,0.28,13183.9,2.52,30.22
14.21,1.12,54.9,0.28,13106.2,2.49,30.26
13.86,1.11,55.53,0.28,13119.6,2.39,30.24
14.18,1.11,55.8,0.28,13097,2.38,30.18
14.79,1.11,56.65,0.28,13019.2,2.51,30.27
14.48,1.11,56.07,0.28,13032.5,2.44,30.29
14.34,1.11,55.9,0.28,13030.5,2.41,30.27
14.19,1.12,53.39,0.28,12997.5,2.41,30.32
14.16,1.11,53.71,0.28,12897,2.44,30.32
14.29,1.11,54.09,0.28,12688.6,2.46,30.37
14.68,1.11,52.99,0.28,12622.5,2.51,30.44
14.75,1.1,52.92,0.28,12816.2,2.5,30.42
14.44,1.1,53.51,0.28,12689.9,2.57,30.34
15.03,1.1,52.69,0.28,13002.3,2.61,30.43
15.52,1.1,52.57,0.28,12988.9,2.62,30.46
15.26,1.1,52.69,0.28,13053.2,2.62,30.55
15.27,1.1,52.29,0.28,13042.2,2.65,30.6
15.35,1.09,54.28,0.28,12991.1,2.61,30.64
15.03,1.09,56.54,0.28,13087.7,2.55,30.65
14.93,1.09,56.51,0.29,13084.8,2.56,30.61
14.71,1.09,56.69,0.28,13148.4,2.58,30.55
14.66,1.1,56.7,0.28,13121.2,2.64,30.48
14.71,1.1,58.44,0.28,13109.6,2.64,30.49
14.46,1.1,59.25,0.28,13087.9,2.64,30.54
14.31,1.1,58.65,0.29,13134,2.69,30.54
14.36,1.1,58.2,0.28,13150.8,2.67,30.53
14.65,1.11,58.81,0.28,13096.2,2.65,30.52
14.08,1.1,61.96,0.28,12954.3,2.63,30.49
14.55,1.11,61.48,0.28,12975,2.64,30.48
15.05,1.11,55.15,0.28,12796.3,2.65,30.59
15.38,1.1,55.93,0.28,12757.2,2.66,30.65
15.06,1.1,58.03,0.28,12740.2,2.67,30.65
15.08,1.1,56.8,0.28,12657.2,2.72,30.56
14.86,1.1,55.95,0.28,12467.4,2.72,30.62
14.58,1.1,53.92,0.29,12562,2.73,30.64
14.85,1.11,56.63,0.29,12430.7,2.71,30.64
14.75,1.11,55.88,0.29,12643.9,2.72,30.63
14.6,1.11,55.71,0.29,12724.2,2.75,30.6
14.59,1.11,53.76,0.29,12691.8,2.74,30.68
14.61,1.11,53.25,0.29,12687.9,2.75,30.81
14.27,1.11,55.35,0.29,12687.8,2.75,30.79
14.2,1.11,55.94,0.29,12442.2,2.75,30.79
14.28,1.11,56.05,0.29,12386.2,2.75,30.87
14.9,1.11,56.1,0.29,12641.3,2.76,30.92
15.44,1.11,54.96,0.29,12589.8,2.79,30.88
15.37,1.11,54.74,0.29,12633,2.81,30.84
15.87,1.11,54.9,0.29,12627.6,2.79,30.81
15.76,1.12,56.74,0.29,12497.3,2.8,30.85
15.67,1.12,54.73,0.29,12839.5,2.81,30.83
15,1.12,52.33,0.29,12920.8,2.8,30.74
16.28,1.12,53.42,0.29,13066.6,2.8,30.76
16.37,1.11,55.38,0.29,13187.2,2.78,30.93
17.45,1.11,54.54,0.29,13222.8,2.78,30.91
17.55,1.11,57.85,0.29,13169.3,2.75,30.8
17.51,1.12,58.34,0.29,13234.9,2.74,30.88
17.13,1.11,57.07,0.29,13172.5,2.75,30.97
17.18,1.11,55.93,0.28,13109.9,2.73,30.92
17.3,1.11,55.9,0.28,13112,2.75,30.91
16.59,1.12,57.23,0.28,13168.7,2.78,30.84
16.35,1.12,56.17,0.28,13109.3,2.8,30.84
16.31,1.12,56.22,0.29,13195.2,2.78,30.82
16.5,1.13,55.72,0.29,13234.8,2.74,30.9
16.5,1.12,56.6,0.29,13173.3,2.68,30.94
16.5,1.12,57.52,0.29,13138,2.69,30.91
15.96,1.13,60.25,0.29,13210.9,2.71,30.66
16.8,1.13,60.44,0.29,13231.8,2.68,30.82
16.57,1.12,58.4,0.29,13152.5,2.68,30.78
16.36,1.12,57.77,0.29,13127.7,2.69,30.68
16.5,1.13,57.38,0.28,13049.7,2.69,30.58
16.58,1.13,56.49,0.28,12965.5,2.71,30.67
16.53,1.13,59.14,0.28,12912.1,2.71,30.68
17.24,1.14,59.27,0.28,12936.6,2.7,30.8
16.6,1.14,59.22,0.28,13020,2.72,30.76
16.69,1.14,59.27,0.28,13047.2,2.74,30.77
16.31,1.14,58.84,0.28,13068.4,2.7,30.67
15.46,1.14,57.74,0.29,12954.1,2.72,30.82
15.58,1.14,57.72,0.29,12924.3,2.71,30.86
15.69,1.13,57.26,0.29,12837.5,2.71,31.2
15.46,1.12,54.12,0.29,12789.7,2.73,31.23
15.83,1.12,54.09,0.29,12808.9,2.68,31.37
15.86,1.12,51.95,0.29,12816.4,2.64,31.25
15.26,1.12,52.5,0.29,12797.9,2.65,31.22
15.87,1.13,52.18,0.29,12867.2,2.66,31.29
15.43,1.13,51.07,0.29,12631.1,2.67,31.27
14.85,1.13,53.04,0.29,12288.5,2.65,31.35
14.3,1.13,53.43,0.29,12280.8,2.65,31.41
14.33,1.12,51.66,0.29,12402.5,2.65,31.47
14.31,1.12,52.86,0.29,12398.2,2.64,31.79
14.42,1.11,56.46,0.29,12597.7,2.64,31.83
14.84,1.11,59.12,0.29,12595.5,2.62,31.85
15.31,1.12,59.07,0.29,12569.3,2.64,31.83
15.22,1.12,58.94,0.29,12682.5,2.63,31.93
15.11,1.12,58.21,0.29,12668.3,2.62,31.94
15.53,1.12,61.31,0.29,12652.4,2.62,31.96
15.62,1.12,62.95,0.29,12676,2.63,31.88
15.36,1.12,63.22,0.29,12559.7,2.62,31.67
15.22,1.12,63.12,0.29,12561,2.63,31.55
15.48,1.12,62.12,0.29,12617.2,2.63,31.52
15.93,1.12,61.37,0.29,12673.6,2.62,31.63
15.63,1.12,60.86,0.29,12767,2.61,31.56
15.5,1.12,61.65,0.29,12883.1,2.6,31.81
15.59,1.12,62.02,0.29,13037.9,2.62,31.91
15.68,1.12,61.44,0.29,12977.3,2.65,31.88
15.92,1.12,62.17,0.29,12939,2.64,31.91
16.01,1.12,61.55,0.29,13027.5,2.64,32.01
15.64,1.12,63.61,0.29,12992.7,2.65,32
15.55,1.12,63.58,0.29,12923.7,2.65,31.92
15.4,1.12,62.95,0.29,12907.1,2.6,31.91
15.4,1.12,65.13,0.29,12993.9,2.63,32.07
15.86,1.11,65.81,0.29,12916.7,2.6,32.05
15.8,1.12,66.17,0.29,12900.4,2.63,31.99
16.56,1.12,65.75,0.29,12912.2,2.64,31.9
16.48,1.13,64,0.29,12984.3,2.67,31.83
17,1.12,63.75,0.29,12955.7,2.67,31.79
17.41,1.13,64.32,0.29,12892.6,2.66,31.84
17.59,1.13,63.71,0.29,12867.3,2.66,31.78
16.54,1.13,64.48,0.28,12892,2.62,31.78
16.73,1.13,64.22,0.28,12833.3,2.63,31.88
16.68,1.13,64.4,0.28,12819.1,2.63,31.74
17.37,1.13,62.5,0.29,12840.4,2.64,31.77
17.29,1.12,62.64,0.29,12775.8,2.66,31.88
17.19,1.12,61.81,0.29,12691.8,2.6,31.74
17.6,1.12,60.24,0.29,12601.2,2.63,31.79
17.52,1.12,59.53,0.28,12635.2,2.6,31.68
17.51,1.12,59.4,0.29,12598.5,2.6,31.68
17.26,1.12,60.03,0.28,12526.5,2.58,31.87
17.41,1.13,59.12,0.29,12709.3,2.58,31.91
16.79,1.13,58.98,0.29,12659,2.61,31.63
17.09,1.13,59.87,0.29,12749.6,2.62,31.55
17.24,1.14,59.99,0.29,12826.1,2.61,31.72
17,1.14,59.02,0.29,12732.3,2.58,31.74
17.1,1.14,59.01,0.29,12679.1,2.61,31.65
16.88,1.13,58.45,0.29,12668.8,2.64,31.69
16.6,1.13,58.51,0.29,12621.7,2.67,31.71
16.34,1.13,58.35,0.28,12576.8,2.67,31.63
16.51,1.13,57.09,0.28,12513.5,2.68,31.77
16.13,1.13,56.76,0.28,12638.2,2.65,31.61
16.53,1.13,56.2,0.28,12729,2.66,31.65
16.72,1.13,56.28,0.28,12698.2,2.61,31.68
16.49,1.13,56.45,0.28,12671.2,2.61,31.86
16.55,1.14,55.83,0.28,12680.9,2.6,31.85
16.45,1.14,57.22,0.29,12685.3,2.59,31.79
16.54,1.14,57,0.28,12746.4,2.57,31.59
16.8,1.14,55.95,0.28,12654.4,2.56,31.45
16.71,1.14,55.46,0.28,12644,2.59,31.28
16.56,1.13,57.17,0.28,12627.6,2.58,31.27
16.08,1.13,56.84,0.28,12503.5,2.58,31.32
16.14,1.13,57.24,0.28,12422.2,2.64,31.22
16.17,1.13,55.94,0.28,12462.9,2.63,31.09
16.07,1.13,54.48,0.28,12366.3,2.65,31.15
16.03,1.13,53.96,0.28,12252.9,2.69,31.34
15.72,1.13,53.35,0.28,12345.5,2.67,31.4
15.46,1.13,52.47,0.28,12409,2.69,31.32
15.66,1.13,52.59,0.28,12315.5,2.73,31.43
15.5,1.14,53.94,0.28,12312.3,2.7,31.21
15.73,1.14,54.86,0.28,12223,2.76,31.26
15.69,1.15,55.32,0.28,12130,2.77,31.31
15.57,1.14,54.01,0.28,12080.4,2.71,31.3
15.39,1.15,54.28,0.28,12040.7,2.67,31.23
15.24,1.14,53.24,0.29,12106.4,2.67,31.26
15.36,1.14,52.12,0.29,12006.2,2.64,31.46
15.17,1.14,53.56,0.29,12044.5,2.62,31.53
14.92,1.13,53.17,0.29,12075.4,2.57,31.52
15.2,1.14,52.45,0.29,12070.9,2.56,31.72
15.02,1.14,52.95,0.29,11873.8,2.58,31.69
15.82,1.14,53.73,0.29,11885,2.61,31.78
15.96,1.14,52.23,0.29,11798,2.61,31.8
15.92,1.14,52.3,0.29,11783.5,2.51,31.77
16.2,1.14,52,0.29,11806.8,2.5,31.7
16.2,1.15,50.78,0.29,11731.5,2.5,31.91
16.69,1.15,51.73,0.29,11681.9,2.52,31.92
16.63,1.15,52.28,0.29,11539.4,2.48,31.9
16.41,1.15,52.18,0.29,11304.4,2.46,31.94
16.12,1.15,48.73,0.29,11345.7,2.49,31.96
16.21,1.14,48.3,0.29,11238.8,2.5,31.96
15.99,1.14,46.9,0.3,11343.9,2.47,31.96
16.66,1.13,46.26,0.29,11081.9,2.48,32.25
16.25,1.15,45.8,0.29,10801.5,2.45,32.27
16.22,1.14,45.44,0.3,10976.2,2.45,32.05
15.9,1.14,46.58,0.3,11199.3,2.46,32.53
15.98,1.14,42.85,0.29,11338.4,2.45,32.58
15.68,1.14,45.45,0.29,11540.2,2.43,32.64
14.74,1.14,46.25,0.29,11594.1,2.43,32.62
14.95,1.14,47.39,0.29,11716.1,2.44,32.65
15.33,1.14,45.93,0.29,11845.4,2.44,32.75
15.1,1.13,49.16,0.29,11976.3,2.44,32.72
15,1.13,51.25,0.29,11983,2.45,32.8
14.97,1.14,52.83,0.29,11982.8,2.45,32.83
14.88,1.14,51.2,0.29,11922.7,2.44,32.77
14.64,1.13,51.95,0.29,12156.8,2.44,32.77
14.55,1.14,50.89,0.29,12043.4,2.44,32.85
14.42,1.14,51.76,0.29,12555,2.46,32.89
14.06,1.14,52.93,0.29,12602.9,2.45,32.84
14.15,1.13,53.13,0.29,12373,2.45,32.85
13.58,1.14,52.45,0.29,12385,2.45,32.74
13.82,1.13,51.27,0.29,12225.7,2.44,32.8
14.32,1.14,50.31,0.29,12135.4,2.46,32.97
14.15,1.14,52.09,0.29,12111.2,2.47,32.91
14.6,1.13,51.54,0.29,12034.7,2.46,32.9
14.61,1.13,50.62,0.29,12108.7,2.44,33.05
14.79,1.13,54.66,0.29,12158,2.44,33.03
14.48,1.14,53.39,0.29,12388.1,2.42,33.08
14.02,1.14,57.39,0.29,12329.4,2.43,32.97
13.67,1.15,56.72,0.29,12215.2,2.42,32.97
13.69,1.14,56.58,0.29,12398.9,2.42,32.94
13.72,1.13,56.02,0.29,12358.9,2.41,32.87
13.72,1.13,55.27,0.29,12517.7,2.4,32.96
13.83,1.13,58.88,0.29,12566.3,2.39,32.96
14.18,1.12,60.7,0.29,12564.8,2.41,32.96
14.18,1.13,60.75,0.29,12414,2.4,33.17
13.98,1.14,61.74,0.29,12364.4,2.41,33.06
13.93,1.14,62.7,0.29,12208.1,2.43,32.97
13.88,1.14,62.99,0.29,12198.6,2.43,32.93
13.88,1.14,64.88,0.29,11961.6,2.42,32.93
13.53,1.13,66.32,0.29,12084.5,2.44,32.85
14.31,1.13,66.68,0.29,12006.8,2.44,33.11
14.3,1.14,67.55,0.29,12023.5,2.45,33.27
14.18,1.14,66.95,0.29,12274.4,2.46,33.28
14.37,1.14,66.36,0.29,12474.1,2.45,32.99
14.17,1.14,66.17,0.3,12469.7,2.43,32.93
14.1,1.15,69.41,0.3,12570.7,2.45,32.93
14.4,1.15,68.68,0.29,12612.2,2.42,32.86
12.9,1.15,70.03,0.29,12425.7,2.44,32.55
13.03,1.15,72.17,0.29,12952.1,2.45,32.62
12.8,1.16,71.72,0.29,12970.2,2.46,32.53
13.22,1.16,70.99,0.29,12955.7,2.43,32.5
13.63,1.15,74.66,0.29,13043.5,2.42,32.65
13.34,1.15,74.21,0.29,13089.2,2.4,32.95
13.38,1.15,74.4,0.29,13146.3,2.38,32.92
13.2,1.15,74.67,0.29,13071.4,2.39,32.78
13.31,1.15,76.18,0.29,13112,2.38,32.7
13.47,1.16,73.29,0.29,13164.8,2.39,32.51
13.52,1.16,72.18,0.29,13203.9,2.38,32.32
13.35,1.17,72.01,0.28,13235.2,2.35,32.42
13.26,1.18,72.09,0.28,13243.4,2.35,32.44
12.78,1.17,72.25,0.29,13183.7,2.34,32.4
12.38,1.18,71.14,0.29,13105.1,2.35,32.42
12.84,1.18,70.2,0.29,13044.9,2.37,32.39
13,1.17,71.39,0.29,13059.2,2.37,32.35
13.19,1.17,69.71,0.29,13042.4,2.38,32.41
12.16,1.17,68.8,0.29,13022.6,2.36,32.56
12.46,1.16,68.93,0.29,12896.8,2.31,32.6
12.22,1.17,68.79,0.29,12952.1,2.31,32.67
12.36,1.16,70.24,0.29,12898.4,2.32,32.61
12.38,1.16,67.53,0.29,12944,2.29,32.71
12.4,1.16,67.82,0.29,12976,2.34,32.83
12.61,1.16,67.88,0.29,13007.4,2.39,32.79
12.7,1.16,69.43,0.3,13094.8,2.35,32.8
12.7,1.16,69.89,0.3,13098.9,2.33,32.81
13.07,1.16,70.06,0.3,13125.3,2.38,32.68
12.83,1.17,69.71,0.29,13043.4,2.36,32.72
12.7,1.17,68.54,0.29,12968.8,2.36,32.78
12.63,1.17,68.93,0.3,12978.6,2.36,32.7
12.73,1.17,68.57,0.3,13007.6,2.37,32.58
12.17,1.16,67.9,0.29,12998,2.39,32.56
12.27,1.15,68.07,0.29,12930.1,2.4,32.59
11.8,1.16,66.08,0.29,12839.7,2.4,32.9
12.12,1.16,66.62,0.29,12784.8,2.41,32.69
12.89,1.15,65.91,0.3,12752.5,2.43,32.65
13.18,1.14,65.47,0.3,12792,2.42,32.93
13.45,1.14,64.95,0.3,12868.1,2.43,33.17
13.64,1.13,66.62,0.3,12995.9,2.42,33.17
13.7,1.13,67.42,0.3,12939.8,2.42,33.32
13.65,1.14,66.74,0.3,12893.9,2.43,33.29
13.62,1.15,69.09,0.3,12818.6,2.44,33.36
13.57,1.16,68.65,0.3,12949.9,2.44,33.25
13.69,1.16,68.99,0.3,12903.4,2.41,33.22
13.76,1.16,67.86,0.3,12929.8,2.39,33.24
13.29,1.17,68.43,0.3,12836.4,2.37,33.3
13.25,1.17,70.05,0.3,12836.6,2.39,33.15
13.1,1.17,69.38,0.3,12788.5,2.39,33.2
12.73,1.17,68.77,0.3,12778.2,2.41,33.3
13.07,1.17,67.8,0.3,12786.4,2.35,33.24
13,1.17,68.17,0.3,12786.3,2.37,33.37
13.05,1.17,69.39,0.3,12731.5,2.41,33.45
12.44,1.16,69,0.3,12758.5,2.42,33.32
12.59,1.16,67.61,0.3,12744.8,2.4,33.48
12.55,1.17,68.03,0.3,12746.7,2.4,33.3
12.67,1.17,70.52,0.3,12738,2.38,33.33
13.12,1.17,70.38,0.3,12712.3,2.38,33.26
13.65,1.17,70.6,0.29,12578.9,2.39,33.3
13.34,1.17,74.2,0.3,12553.8,2.39,33.2
13.5,1.17,73.87,0.3,12542.3,2.38,33.32
13.72,1.17,73.16,0.29,12430.7,2.39,33.17
13.45,1.17,74.23,0.3,12537.2,2.39,33.13
13.73,1.17,74.08,0.3,12412.2,2.38,33.2
13.89,1.16,73.62,0.3,12528.4,2.34,33.16
13.8,1.17,73.33,0.3,12501.3,2.32,33.16
14.69,1.16,72.27,0.3,12585,2.31,32.99
14.86,1.16,70.68,0.3,12653.3,2.3,33.15
14.75,1.16,68.21,0.3,12620.4,2.34,33.05
14.4,1.17,68.75,0.3,12676.4,2.38,33.03
14.57,1.17,65.93,0.3,12708.6,2.38,32.94
14.46,1.16,65.34,0.3,12660.7,2.38,32.92
14.63,1.16,65.11,0.3,12727.4,2.38,32.9
15.29,1.16,65.82,0.3,12812.1,2.33,32.81
15.45,1.16,64.4,0.3,12856.1,2.34,32.75
15.97,1.16,67,0.3,12861.7,2.32,32.68
15.79,1.16,66.62,0.3,12845.1,2.29,32.62
15.78,1.18,66.01,0.3,12778.2,2.29,32.21
16.09,1.17,66.05,0.3,12797.9,2.29,32.14
15.92,1.18,65.56,0.29,12696.5,2.26,32.09
15.88,1.18,65.98,0.29,12606.2,2.26,32.07
15.53,1.18,65.07,0.29,12514.3,2.25,32.01
15.55,1.18,65.51,0.29,12646.6,2.24,32.02
15.84,1.17,65.71,0.29,12715.3,2.24,31.92
15.79,1.17,68.24,0.29,12701.6,2.25,31.94
15.66,1.15,66.85,0.29,12832.2,2.29,32.02
15.58,1.17,70.65,0.29,12771.6,2.32,32.1
15.5,1.17,71.83,0.29,12735.1,2.31,31.99
15.16,1.18,72.11,0.3,12741.5,2.3,32.11
15.41,1.18,72.53,0.29,12710.6,2.31,32
15.5,1.18,71.47,0.29,12711.9,2.31,32.17
15.38,1.18,71.6,0.29,12791.9,2.36,32.19
15.65,1.18,71.56,0.29,12748.9,2.32,32.09
15.77,1.18,71.02,0.29,12660.2,2.34,32.03
15.68,1.19,71.15,0.29,12565.2,2.29,32.12
15.12,1.19,70.54,0.29,12493.4,2.29,31.91
15.3,1.19,71.45,0.29,12335.4,2.22,31.88
15.46,1.19,71.23,0.29,12395.5,2.27,31.97
15.61,1.19,70.05,0.29,12486.1,2.31,32.13
16.15,1.2,69.85,0.29,12490.2,2.34,31.94
15.85,1.2,68.5,0.29,12615.4,2.35,31.73
15.85,1.2,67.68,0.29,12567.7,2.36,31.62
15.89,1.2,67.49,0.29,12539.6,2.34,31.77
16.16,1.21,68.15,0.29,12491.4,2.34,31.7
16.08,1.21,68.21,0.29,12659.9,2.35,31.57
16.45,1.21,68.03,0.29,12618.1,2.32,31.49
16.52,1.22,67.75,0.29,12670.9,2.26,31.61
16.6,1.22,68.95,0.29,12714.6,2.24,31.53
16.55,1.22,68.22,0.29,12737.1,2.26,31.46
16.55,1.23,68.26,0.29,12680.4,2.28,31.54
16.36,1.23,68.75,0.29,12559,2.28,31.34
16.46,1.24,66.68,0.29,12380.6,2.3,31.23
16.21,1.24,66.42,0.29,12412.9,2.33,31.21
16.03,1.24,66.75,0.29,12511.6,2.34,31.21
15.91,1.24,63.3,0.29,12512.4,2.39,31.22
15.95,1.23,62,0.29,12218.9,2.37,31.12
15.84,1.23,63.6,0.29,12356.2,2.38,31.28
15.8,1.22,63.59,0.29,12325.3,2.4,31.25
14.88,1.23,64.69,0.29,12466.4,2.44,31.26
14.55,1.23,64.7,0.29,12327.1,2.41,31.22
14.64,1.23,65.53,0.29,12413.6,2.44,31.19
14.98,1.24,65.9,0.29,12574.2,2.42,31.31
15.03,1.24,64.28,0.29,12663.7,2.39,31.22
14.85,1.23,65.5,0.29,12663.2,2.4,31.13
14.65,1.23,63.72,0.3,12755.5,2.41,31.18
14.28,1.23,62.1,0.3,12752.7,2.45,31.32
14.41,1.22,62.23,0.3,12788.2,2.4,31.17
14.65,1.23,61.19,0.3,12874.5,2.4,31.2
14.99,1.23,60.95,0.29,12938.5,2.39,31.19
15.12,1.23,60.87,0.29,12930.4,2.33,31.22
15.57,1.24,61.37,0.29,12725.2,2.36,31.21
15.28,1.24,62.1,0.29,12634,2.38,31.16
15.18,1.23,60.27,0.29,12498.5,2.37,31.24
15.69,1.23,61.33,0.29,12644.4,2.37,31.3
15.99,1.24,62.3,0.29,12852.1,2.37,31.34
15.46,1.24,61.55,0.29,12986.9,2.39,31.33
15.64,1.23,62.79,0.29,12922.2,2.4,31.31
15.94,1.22,64.06,0.3,12766.1,2.44,31.42
15.92,1.22,63.6,0.3,12732.8,2.49,31.43
15.69,1.23,62.6,0.3,12777.4,2.49,31.5
15.49,1.23,61.34,0.3,12817.1,2.51,31.48
15.56,1.23,61.63,0.29,12826.9,2.46,31.28
15.3,1.23,61.63,0.29,12817.2,2.48,31.4
16.03,1.23,61.45,0.29,12515.5,2.5,31.5
16.12,1.24,60.71,0.29,12512.3,2.49,31.55
15.02,1.25,58.98,0.29,12701.9,2.49,31.52
15.19,1.24,59.35,0.29,12697,2.5,31.41
14.72,1.24,61.7,0.29,12974.2,2.51,31.3
14.87,1.23,63.92,0.29,13294.4,2.51,31.34
15.21,1.23,65.1,0.29,13416.8,2.52,31.47
15.5,1.24,65.99,0.29,13441.2,2.49,31.65
15.48,1.25,64.76,0.29,13592.8,2.53,31.66
15.8,1.25,64.03,0.29,13547.3,2.56,31.51
16,1.24,65.53,0.29,13548.9,2.52,31.47
15.8,1.24,66.18,0.29,13520.1,2.5,31.32
15.89,1.24,65.25,0.29,13461.9,2.47,31.41
15.32,1.24,65.88,0.29,13388.3,2.49,31.43
15.05,1.24,64.42,0.29,13343,2.51,31.35
15.07,1.23,63.88,0.29,13341.8,2.52,31.45
14.99,1.23,63.61,0.29,13282.5,2.46,31.54
14.75,1.23,63.74,0.29,13343.8,2.43,31.82
14.82,1.22,64.07,0.29,13106.6,2.42,31.84
14.65,1.22,63.89,0.29,13108.2,2.41,31.84
14.16,1.23,64.43,0.29,13123.8,2.41,31.92
14.37,1.23,63.5,0.29,13096.6,2.43,31.95
14.83,1.19,63.41,0.29,12860.9,2.44,31.93
14.16,1.19,61.61,0.29,12878.4,2.51,31.93
14.15,1.2,61.9,0.29,12839.5,2.49,32.16
14.06,1.2,60.39,0.29,12808.9,2.46,32.27
13.97,1.19,59.91,0.29,12794.1,2.45,32.23
13.8,1.19,59.53,0.28,12804,2.46,32.16
13.81,1.19,59.79,0.29,12771.2,2.51,32.58
13.53,1.19,58.4,0.29,12782.6,2.55,32.69
13.28,1.19,58.21,0.29,12803.2,2.54,32.81
13.2,1.19,58.02,0.29,12760.5,2.52,32.77
12.89,1.18,57.66,0.29,12650.1,2.56,32.76
13.01,1.18,57.3,0.29,12706.8,2.56,32.72
13.19,1.18,57.37,0.29,12709.1,2.59,32.72
13,1.18,57.15,0.29,12680.7,2.57,32.75
12.85,1.18,56.7,0.29,12517.7,2.65,32.64
12.9,1.17,57.45,0.29,12550.2,2.67,32.51
13.26,1.18,58.02,0.29,12635.7,2.69,32.51
13.48,1.18,56,0.29,12685.8,2.66,32.53
13.85,1.18,57.45,0.29,12636.7,2.63,32.6
13.97,1.19,58.32,0.29,12596.4,2.66,32.61
13.97,1.19,57.42,0.29,12529.5,2.68,32.63
13.9,1.19,57.41,0.29,12412.1,2.73,32.62
14.21,1.18,57.73,0.29,12421.3,2.73,32.6
14.3,1.18,57.86,0.29,12423.7,2.73,32.59
14.29,1.19,58.95,0.29,12406.1,2.71,32.65
14.37,1.19,58.05,0.29,12352.6,2.71,32.57
13.99,1.19,57.12,0.29,12306.7,2.71,32.59
13.74,1.17,56.38,0.29,12281.3,2.73,32.62
13.51,1.17,56.69,0.29,12258.8,2.75,32.68
13.6,1.18,55.25,0.29,12222.1,2.76,32.68
13.85,1.18,55.3,0.29,12316.8,2.76,32.76
13.71,1.18,55.06,0.29,12281.2,2.76,32.82
13.85,1.18,56.72,0.29,12324.4,2.77,32.83
14.16,1.17,56.9,0.29,12326.3,2.77,32.91
14.22,1.17,57.02,0.29,12361.2,2.78,33.01
14.49,1.16,56.85,0.29,12398.8,2.75,33.05
14.55,1.16,56.96,0.29,12383.9,2.74,33.07
13.85,1.16,57.27,0.29,12333.8,2.75,33.07
13.66,1.16,54.65,0.29,12349.4,2.73,33.1
13.71,1.16,54.08,0.29,12339.6,2.75,33.12
13.8,1.17,54.16,0.29,12406.2,2.76,33.14
14.22,1.16,52.8,0.29,12406,2.71,33.1
14.15,1.17,52.56,0.29,12408,2.66,33.24
14.22,1.18,51.89,0.29,12336.1,2.66,33.23
14.33,1.17,51.42,0.29,12371.3,2.66,33.22
14.81,1.19,52.05,0.29,12355.2,2.64,33.23
14.8,1.18,51.94,0.29,12366,2.6,33.18
14.62,1.18,51.93,0.29,12347.2,2.63,33.2
14.56,1.18,51.43,0.29,12329.6,2.68,33.11
13.69,1.18,50.94,0.29,12298.1,2.67,33.15
13.89,1.18,49.55,0.3,12274.7,2.68,33.12
13.91,1.17,49.88,0.29,12209.2,2.67,33.06
13.72,1.17,50.16,0.3,12179.3,2.66,33.05
13.6,1.17,50.59,0.3,12147.6,2.7,33.25
13.21,1.18,51.64,0.3,12154.5,2.63,33.37
12.9,1.18,51.58,0.3,12142.1,2.72,33.35
12.8,1.17,52.05,0.3,12144.1,2.72,33.39
13.09,1.18,52.09,0.3,12134.5,2.72,33.42
12.9,1.18,52.12,0.3,12140.2,2.74,33.31
12.98,1.2,50.68,0.3,12137.5,2.75,33.4
13.2,1.19,50.73,0.3,12126.2,2.78,33.31
12.94,1.19,50.72,0.3,12094.8,2.78,33.21
12.82,1.2,49.84,0.29,12065.3,2.78,33.1
12.57,1.2,49.91,0.29,12042.5,2.8,33.07
13.05,1.19,49.85,0.29,12049.7,2.8,33.1
13.08,1.19,49.72,0.3,11943.5,2.76,33.1
13.07,1.19,49.31,0.3,11874,2.78,33.08
13.18,1.2,48.34,0.3,11859.3,2.78,33.09
13.02,1.2,47.58,0.3,11894.9,2.78,33.1
13.24,1.2,49.09,0.3,11898,2.77,33.06
13.3,1.19,48.59,0.3,11833.9,2.81,33.14
13.78,1.19,47.28,0.31,11783.4,2.81,33.11
13.95,1.19,47.08,0.31,11733.8,2.83,33.12
13.95,1.19,45.95,0.31,11831,2.86,33.07
13.63,1.2,46.31,0.3,11804.9,2.8,33.17
13.54,1.2,46.86,0.3,11806.9,2.78,33.16
13.78,1.19,47.89,0.3,11770.6,2.75,33.18
13.66,1.18,47.62,0.3,11743.4,2.75,33.2
13.93,1.18,48.36,0.31,11700.1,2.74,33.19
13.2,1.18,47.64,0.3,11702,2.73,33.18
13.07,1.18,47.45,0.3,11839.9,2.73,33.25
12.85,1.18,48.72,0.31,11868.2,2.69,33.34
12.88,1.17,46.93,0.3,11861.2,2.67,33.35
12.77,1.18,46.8,0.31,11754.4,2.69,33.24
12.55,1.17,47.72,0.3,11906.6,2.7,33.25
12.37,1.18,47.49,0.3,11987.8,2.71,33.22
12.41,1.18,48.52,0.3,11968.5,2.68,33.25
11.93,1.18,49,0.3,11979.1,2.68,33.27
12.04,1.18,49.31,0.3,11976.2,2.69,33.3
12.18,1.19,49.59,0.3,11977.9,2.68,33.26
12.29,1.18,48.8,0.3,11983.8,2.71,33.24
11.97,1.17,49.85,0.3,11973.1,2.72,33.27
12.15,1.17,48.7,0.3,11918.5,2.7,33.29
12.21,1.16,48.51,0.3,11944.5,2.67,33.25
12.45,1.16,46.46,0.3,11956.3,2.69,33.29
12.43,1.17,45.62,0.3,11894.3,2.7,33.37
12.29,1.16,46.91,0.3,11878.8,2.75,33.41
12.34,1.15,47.09,0.3,11894.7,2.77,33.47
12.37,1.16,46.25,0.3,11844,2.78,33.4
12.38,1.15,45.99,0.3,11832.8,2.78,33.44
12.05,1.15,46.68,0.3,11794.4,2.76,33.56
12.08,1.14,46.08,0.3,11748.2,2.72,33.61
12.14,1.14,45.44,0.3,11713.7,2.76,33.58
12.07,1.15,45.74,0.3,11766.1,2.75,33.62
11.89,1.14,44.58,0.3,11801.5,2.69,33.77
11.82,1.14,45.35,0.3,11777.6,2.65,33.94
11.7,1.14,45.65,0.3,11835.5,2.68,33.95
11.57,1.14,46.28,0.3,11771.1,2.68,34.08
11.39,1.14,44.89,0.3,11765.8,2.74,34.12
11.54,1.14,44.89,0.3,11761.5,2.65,34.07
11.67,1.14,43.7,0.3,11716.6,2.71,34
11.27,1.13,43.49,0.3,11704.1,2.7,33.99
11.25,1.12,43.16,0.3,11742.5,2.71,33.93
10.93,1.12,42.8,0.3,11801.2,2.73,33.99
10.87,1.12,42.55,0.3,11801.8,2.74,33.96
11.07,1.12,43.38,0.3,11745.3,2.74,33.97
11.53,1.11,44.11,0.3,11703.2,2.78,33.97
11.43,1.11,44.68,0.31,11810.9,2.7,33.94
11.57,1.12,44.25,0.31,11770.1,2.7,33.98
11.64,1.11,44.69,0.31,11749.4,2.7,34.01
11.25,1.12,45.94,0.3,11678.9,2.73,34.02
11.28,1.12,46.01,0.31,11677.8,2.8,33.97
11.25,1.12,45.8,0.31,11661.9,2.9,33.94
11.25,1.12,45.71,0.31,11702.1,2.93,33.96
11.16,1.12,47.98,0.31,11616.2,2.93,33.9
11.89,1.13,47.4,0.31,11610.9,2.88,33.91
11.5,1.13,48.04,0.31,11607,2.87,34.06
12.27,1.12,48.63,0.31,11625.3,2.9,34.06
12.39,1.12,49.65,0.31,11641.4,2.9,34.08
12.8,1.12,49.93,0.31,11605.3,2.89,33.96
12.66,1.12,48.75,0.31,11602.4,2.83,34
12.36,1.12,51.25,0.31,11574.8,2.8,34.16
12.53,1.12,51.44,0.31,11475,2.73,34.04
12.44,1.12,51.04,0.31,11392.9,2.73,34.14
12.37,1.12,50.6,0.31,11523,2.74,34.12
12.34,1.12,49.28,0.31,11635,2.76,34.14
12.28,1.11,48.93,0.31,11547.4,2.76,34.33
11.95,1.12,48.23,0.31,11571.7,2.74,34.43
11.97,1.11,48.82,0.31,11602.4,2.74,34.32
12.53,1.1,47.85,0.31,11607.3,2.67,34.28
12.45,1.09,47.81,0.31,11554.1,2.67,34.51
12.24,1.09,46.49,0.31,11544.1,2.67,34.48
12.48,1.09,45.51,0.3,11550.4,2.67,34.48
12.75,1.1,47.6,0.31,11579.3,2.67,34.54
12.59,1.09,49.27,0.31,11601.3,2.66,34.65
12.82,1.09,49.22,0.31,11594.7,2.64,34.77
12.5,1.09,49.36,0.31,11573.7,2.67,34.65
12.36,1.09,49.22,0.31,11515,2.65,34.62
11.82,1.09,49.68,0.31,11419.5,2.64,34.55
11.78,1.09,50.71,0.31,11375.7,2.65,34.59
11.93,1.09,50.63,0.31,11402,2.56,34.58
11.72,1.07,52.36,0.31,11426.8,2.59,34.49
11.93,1.07,52.75,0.31,11351.7,2.4,34.42
11.72,1.07,52.97,0.31,11460.2,2.35,34.36
11.8,1.06,53.4,0.31,11456.2,2.3,34.38
11.95,1.06,52.31,0.32,11454.1,2.19,34.4
12.38,1.06,51.7,0.32,11501.6,2.2,34.39
12.24,1.06,51.18,0.32,11463.8,2.19,34.33
12.52,1.07,50.24,0.32,11495.3,2.19,34.28
12.29,1.07,50.32,0.32,11497.8,2.19,34.36
12.37,1.07,49.6,0.31,11494.9,2.2,34.55
11.93,1.08,48.47,0.31,11463.7,2.16,34.62
12.07,1.08,47.89,0.31,11403.7,2.21,34.47
12.41,1.09,48.12,0.31,11341.3,2.18,34.35
12.18,1.08,47.67,0.31,11440.9,2.12,34.44
11.96,1.08,48.15,0.31,11410.5,2.16,34.41
12.3,1.08,48.16,0.31,11406.6,2.14,34.44
12.47,1.08,47.93,0.31,11598.6,2.12,34.37
12.57,1.07,48.7,0.31,11582.7,2.12,34.55
12.66,1.07,48.79,0.31,11614.9,2.17,34.59
12.37,1.08,49.01,0.31,11619.1,2.23,34.55
12.58,1.07,48.76,0.31,11490.3,2.21,34.72
12.75,1.06,48.45,0.31,11479,2.23,34.65
12.7,1.07,48.45,0.31,11507.2,2.27,34.85
12.81,1.07,49.61,0.31,11510.9,2.36,34.92
12.9,1.06,52.79,0.31,11511.8,2.3,35.08
13,1.06,53.17,0.31,11547.8,2.26,35.32
11.87,1.06,52.58,0.31,11575.9,2.24,35.29
11.8,1.05,53.69,0.31,11633.6,2.21,35.33
11.93,1.05,53.95,0.31,11528.9,2.15,35.37
11.55,1.06,54.04,0.31,11531.4,2.16,35.14
11.5,1.06,54.02,0.31,11556.1,2.15,35.07
11.6,1.06,54.33,0.31,11587,2.19,35.05
11.61,1.06,53.91,0.31,11544.2,2.18,34.99
12.23,1.05,54.26,0.31,11517.9,2.18,34.84
12.32,1.06,53.48,0.31,11468,2.19,34.91
12.64,1.07,53.47,0.31,11519.3,2.22,34.97
13.01,1.06,53.01,0.31,11469.1,2.2,35.03
13.2,1.06,53,0.31,11419.1,2.26,35.03
12.9,1.06,52.91,0.31,11347.9,2.28,35.02
13.03,1.07,53.15,0.31,11222.1,2.27,35.01
13.44,1.07,51.64,0.31,11278.4,2.28,35.03
13.75,1.08,53.81,0.31,11268,2.27,35.02
13.55,1.08,53.68,0.31,11196.1,2.32,35.06
14.1,1.08,53.57,0.31,11195.5,2.22,35.06
13.64,1.07,52.76,0.31,11228.4,2.24,35.04
14.48,1.07,52.6,0.31,11311.3,2.19,35.02
13.88,1.07,53.15,0.31,11335.7,2.21,35.07
13.7,1.07,53.74,0.31,11297.4,2.17,35.1
13.73,1.07,52.96,0.31,11183.6,2.22,35.22
13.52,1.08,52.95,0.31,11178.4,2.27,35.25
13.45,1.07,52.86,0.31,11175.5,2.35,35.34
13.01,1.07,53.33,0.31,11195.8,2.31,35.2
12.94,1.06,51.45,0.31,11187.3,2.31,35.25
13.25,1.07,51.39,0.31,11209.7,2.29,35.26
13.57,1.06,52.52,0.31,11218,2.21,35.42
13.32,1.06,52.55,0.31,11213.9,2.18,35.4
12.94,1.06,53.05,0.31,11181.9,2.17,35.42
12.91,1.06,52.37,0.31,11209.7,2.12,35.27
13.43,1.05,50.81,0.31,11235.4,2.12,35.41
13.4,1.06,53.75,0.31,11138.9,2.11,35.35
12.86,1.05,53.73,0.31,11094.8,2.12,35.49
13.19,1.05,53.39,0.31,11071.1,2.12,35.56
12.97,1.05,53.87,0.31,11148.3,2.1,35.72
12.84,1.04,53.66,0.31,11153.6,2.1,35.7
12.82,1.05,53.93,0.31,11111.5,2.1,35.8
11.53,1.05,53.29,0.31,11127.8,2.09,35.91
11.9,1.04,52.68,0.31,11170.4,2.05,36.01
11.31,1.04,52.52,0.31,11145.3,2.06,36.01
10.98,1.04,53.56,0.31,11127,2.06,35.97
10.52,1.04,52.11,0.31,11152.2,2.07,36
10.47,1.04,52.15,0.31,11087.1,2.07,35.98
10.16,1.04,51.1,0.31,11214,2.02,36.01
10.37,1.05,50.79,0.31,11216.8,2.03,35.87
9.97,1.06,52.45,0.31,11153.1,2.05,35.86
10.1,1.06,52.51,0.3,10977.4,2.05,35.77
10.27,1.06,50.92,0.3,10890.1,2.05,35.67
10.3,1.07,49.88,0.3,10829,2.08,35.57
11.43,1.07,50.93,0.31,10860.4,2.09,35.58
11.42,1.07,51.01,0.31,10872.4,2.07,35.64
11.83,1.06,49.07,0.31,10798.9,2.07,35.61
12.2,1.06,45.24,0.31,10857.5,2.08,35.59
11.33,1.06,46.88,0.32,10854.7,2.03,35.67
11.37,1.06,45.43,0.31,10772.6,2.06,35.7
11.14,1.06,47.97,0.31,10793.3,1.96,35.67
11.06,1.06,47.94,0.32,10753.2,1.94,35.57
11.1,1.06,48.37,0.32,10725.3,1.95,35.65
11.03,1.06,45.83,0.32,10717.9,1.97,35.67
11.03,1.06,44.93,0.31,10705.5,1.94,35.51
11.12,1.07,45.37,0.32,10680.4,1.91,35.53
11.12,1.07,45.77,0.32,10660.5,1.94,35.56
11.25,1.07,43.76,0.32,10644.6,1.91,35.48
10.43,1.09,43.2,0.32,10679,1.94,35.5
11.03,1.09,44.35,0.33,10462.8,1.93,35.44
11.03,1.09,45.31,0.33,10416.3,1.95,35.49
11.45,1.1,44.97,0.33,10308.3,1.98,35.41
11.75,1.11,44.45,0.33,10350.6,1.98,35.3
12.34,1.11,44.63,0.33,10390,1.91,35.04
12.75,1.11,45.48,0.33,10508,1.95,34.99
12.49,1.11,46.32,0.34,10476.9,2.03,34.98
12.24,1.1,46.77,0.34,10495.3,2.18,34.98
12.96,1.1,48.25,0.34,10561.5,2.14,34.95
12.94,1.09,49.61,0.34,10506,2.1,35.03
13.9,1.09,49.22,0.34,10575.2,2.11,35.03
13.6,1.09,49.31,0.33,10545.1,2.12,35.01
12.94,1.09,50.49,0.34,10587.8,2.11,35.13
13.13,1.09,50.66,0.33,10580.5,2.12,35.03
13.53,1.1,51.4,0.33,10578.9,2.04,34.88
13.47,1.1,50.77,0.33,10516.3,2.06,35.03
13.39,1.1,50.04,0.34,10579.8,2.03,35
13.78,1.1,50.23,0.34,10487.6,2.06,34.83
13.89,1.11,50.58,0.34,10656.2,2.09,35
13.89,1.1,50,0.34,10671.2,2.09,35.23
13.24,1.11,51.1,0.34,10664.5,2.15,35.33
12.47,1.12,49.57,0.34,10666.4,2.16,35.36
12.42,1.12,49.65,0.34,10721.9,2.27,35.67
12.44,1.12,49.26,0.34,10679.1,2.31,35.13
12.33,1.12,48.04,0.34,10742.1,2.3,34.87
12.53,1.12,47.76,0.34,10665.6,2.17,34.81
12.05,1.12,47.2,0.34,10600.1,2.1,34.74
13.24,1.12,44.96,0.34,10675.2,2.06,34.6
13.78,1.13,45.62,0.34,10793.7,2.07,34.65
14.11,1.12,44.62,0.34,10769.4,2.04,34.57
13.64,1.12,46.07,0.34,10605.1,2.05,34.58
13.23,1.12,45.62,0.34,10608.6,2.1,34.57
13.64,1.12,44.5,0.34,10533.4,2.1,34.66
14.19,1.12,43.13,0.34,10554.1,1.95,34.6
14.6,1.12,43.18,0.34,10501.3,1.83,34.67
14.85,1.12,43.71,0.35,10533.7,1.79,34.75
14.39,1.12,43.7,0.34,10644.5,1.78,34.8
14.14,1.12,45,0.34,10563.7,1.78,34.9
14.18,1.12,46.06,0.34,10799.1,1.8,34.9
14.14,1.12,45.57,0.34,10880,1.77,34.87
14.33,1.13,47.36,0.34,10879.6,1.81,34.93
14.33,1.12,46.12,0.34,10830.5,1.82,34.85
14.72,1.11,44.15,0.34,10780.2,1.85,34.88
13.98,1.12,43.55,0.34,10817.3,1.79,34.76
14.98,1.12,46.24,0.34,10753.5,1.8,34.63
15.6,1.11,46.98,0.34,10808.4,1.77,34.73
14.32,1.12,47.22,0.34,10780.7,1.77,34.63
13.81,1.12,47.37,0.33,10845.2,1.81,34.59
12.84,1.13,46.8,0.33,10857.9,1.79,34.57
13.5,1.13,47.59,0.34,10798.1,1.74,34.56
13.35,1.13,47.39,0.34,10822.5,1.7,34.66
14.02,1.13,48.4,0.34,10823.8,1.73,34.53
13.07,1.13,48.33,0.34,10803.7,1.73,34.63
14.17,1.14,46.9,0.34,10843.4,1.74,34.63
15.31,1.13,46.37,0.35,10838.3,1.68,34.66
15.69,1.13,45.59,0.35,10827.9,1.62,34.64
15.98,1.12,44.74,0.35,10775.1,1.58,34.54
15.75,1.12,41.48,0.35,10797.4,1.57,34.63
15.4,1.11,42.83,0.35,10789.9,1.65,34.6
15.85,1.12,41.99,0.35,10697.2,1.73,34.58
15.65,1.11,41.16,0.34,10660.9,1.79,34.77
15.55,1.11,39.7,0.34,10729.1,1.83,34.71
15.25,1.11,40.08,0.34,10768.8,1.85,34.77
15,1.12,41.35,0.34,10734.1,1.87,34.98
15.1,1.12,41.12,0.34,10727.9,1.87,35.06
15.44,1.12,41.93,0.34,10782.3,1.88,34.99
15.25,1.11,42.66,0.35,10754.9,1.87,34.76
15.18,1.11,43.07,0.34,10787.6,1.8,34.77
14.67,1.1,44.2,0.34,10764.3,1.8,34.77
14.39,1.1,44.6,0.34,10784.7,1.82,34.85
13.89,1.1,45.65,0.33,10758.6,1.86,34.94
12.88,1.1,44.59,0.33,10808.9,1.87,34.98
12.41,1.1,45.52,0.33,10806.2,1.95,35.02
12.55,1.1,45.14,0.33,10743.2,1.99,34.96
12.65,1.11,46.58,0.33,10685.6,1.94,34.95
12.21,1.11,44.58,0.33,10606,1.91,35.03
12.3,1.11,45.07,0.33,10461.1,1.89,35.01
12.61,1.11,47.88,0.33,10356.2,1.9,35.03
12.48,1.11,46.83,0.33,10495.1,1.97,35.2
12.79,1.11,49.55,0.34,10374.6,1.97,35.22
12.95,1.11,48.06,0.34,10254.9,1.99,35.15
12.87,1.11,46.59,0.34,10073.1,2.08,35.13
12.6,1.11,47.81,0.35,10084.5,2.11,35.22
12.14,1.11,50.3,0.35,10335.9,2.12,35.18
12.12,1.11,49.08,0.35,10573.5,2.12,35.03
11.75,1.1,50.22,0.34,10507.9,2.08,35.12
11.66,1.11,49.14,0.34,10481.2,2.05,35.1
11.34,1.14,48.29,0.34,10456.9,2.07,35.2
11.17,1.13,45.99,0.34,10343.6,2.08,35.29
11.52,1.12,47.45,0.35,10237.9,2.02,35.29
10.74,1.13,47.9,0.35,10294.7,2.06,35.12
10.59,1.13,48.52,0.34,10310.1,2.07,35.17
10.67,1.12,48.85,0.34,10400.1,2.12,35.22
10.22,1.13,50.47,0.34,10501.6,2.09,35.19
10.75,1.12,51.45,0.34,10581.2,2.06,35.21
11.52,1.13,49.71,0.33,10620.2,2,35.29
10.39,1.13,48.88,0.34,10554.6,2.1,35.24
10.64,1.13,48.82,0.33,10508.5,2.16,35.28
11.31,1.14,49.54,0.33,10385.9,2.27,35.17
11.32,1.14,49.31,0.33,10479.9,2.28,35.28
11.02,1.14,49.7,0.33,10438,2.29,35.14
10.71,1.11,49.09,0.33,10462.3,2.29,35.1
11.16,1.11,48.08,0.33,10399.1,2.29,35.24
9.56,1.12,48.46,0.33,10275.8,2.33,35.36
9.47,1.12,47.87,0.33,10238,2.34,35.77
9.8,1.11,48.53,0.32,10189.8,2.45,35.75
10.01,1.12,47.9,0.32,10230,2.51,35.6
9.52,1.12,46.28,0.32,10312.7,2.44,35.65
9.32,1.12,46.41,0.32,10243.2,2.49,35.75
9.83,1.13,46,0.32,10305.9,2.46,35.67
9.28,1.13,43.25,0.33,10391.9,2.48,35.68
10.21,1.13,45,0.32,10323.3,2.51,35.68
10.16,1.14,43.85,0.32,10302.7,2.51,35.49
10.16,1.14,45.9,0.33,10432.2,2.46,35.41
9.81,1.15,45.3,0.32,10450.1,2.48,35.43
9.23,1.14,44.64,0.33,10480.2,2.52,35.32
9.72,1.14,42.96,0.32,10521.2,2.56,35.24
10.25,1.13,43.75,0.33,10528.5,2.61,34.95
9.68,1.13,43.42,0.33,10492.6,2.59,34.91
9.03,1.13,43.97,0.33,10487.8,2.63,34.99
8.8,1.12,40.8,0.32,10464.2,2.63,35.11
8.53,1.13,40.04,0.31,10524.5,2.64,35.12
8.48,1.13,38.75,0.32,10517.1,2.65,35.06
8.56,1.14,39.72,0.32,10463.6,2.63,35.07
8.45,1.13,37.52,0.31,10315.6,2.63,35.08
8.27,1.13,37.76,0.32,10154.1,2.5,34.86
8.36,1.14,35.5,0.32,10108.7,2.52,34.82
8.16,1.14,36.61,0.32,10113,2.53,34.94
7.68,1.14,38.14,0.32,10104.8,2.53,35
8.38,1.14,38.3,0.32,10227.1,2.53,35.11
8.18,1.14,38.52,0.32,10132.6,2.55,35.17
7.58,1.13,39.32,0.32,10236.8,2.56,35.25
7.39,1.13,39.55,0.32,10245.9,2.56,35.16
7.52,1.12,39.73,0.31,10071.4,2.58,35.13
7.12,1.12,41.19,0.31,10105.1,2.59,35.23
7.49,1.12,41.59,0.31,10032.9,2.6,35.33
6.94,1.12,39.06,0.31,10171.4,2.6,35.33
6.27,1.12,40.25,0.31,10169.9,2.65,35.3
6.5,1.13,38.59,0.31,10204.7,2.66,35.2
6.25,1.13,36.74,0.31,10216.6,2.69,34.94
6.16,1.12,37.37,0.31,10101.6,2.69,34.91
6.1,1.11,38.17,0.31,9986.5,2.75,34.91
6.08,1.11,37.99,0.31,10005.6,2.69,34.74
5.83,1.12,38.17,0.31,10073.3,2.71,34.88
5.8,1.12,37.94,0.31,9988.3,2.76,35.11
5.09,1.1,34.73,0.31,9954.2,2.74,35.08
5.21,1.1,33.89,0.31,9906.8,2.7,35
5.62,1.09,32.72,0.31,9952.2,2.75,35.23
5.74,1.09,33.04,0.31,9828.3,2.8,35.27
5.77,1.09,32.19,0.31,9746.4,2.85,35.4
6.22,1.1,31.28,0.31,9626.9,2.84,35.53
5.45,1.1,33.34,0.31,9615.2,2.84,35.58
5.09,1.1,30.6,0.31,9668.3,2.78,35.71
5.24,1.1,31.35,0.32,9534.7,2.73,35.65
5.33,1.11,29.14,0.32,9411.3,2.71,35.64
5.31,1.11,29.08,0.32,9582.8,2.73,35.72
5.39,1.11,27.3,0.32,9465.2,2.71,35.73
5.56,1.12,27.34,0.32,9532.9,2.69,35.57
5.21,1.13,30.17,0.31,9426.8,2.71,35.58
4.9,1.13,30.97,0.31,9317.9,2.68,35.63
4.87,1.12,31.64,0.31,9092.9,2.7,35.64
5.29,1.12,29.75,0.31,9092.9,2.64,35.2
5.22,1.09,31.37,0.31,9221.8,2.65,35.28
5.22,1.09,33.7,0.31,9132,2.64,35.52
4.77,1.09,32.19,0.31,9294.9,2.62,35.55
4.96,1.09,30.55,0.3,9471.8,2.61,35.83
4.19,1.09,29.81,0.3,9533,2.68,35.57
4.14,1.09,32.05,0.29,9578.9,2.68,35.8
3.87,1.08,29.84,0.3,9439.3,2.7,35.83
4.13,1.09,28.35,0.3,9374.8,2.65,35.84
4.2,1.09,28.33,0.3,9403.9,2.6,35.91
3.8,1.09,29.2,0.3,9295.3,2.63,36.02
3.72,1.09,31.18,0.3,9393.5,2.65,36.21
3.55,1.09,30.6,0.31,9343.1,2.65,36.25
3.37,1.09,30.54,0.31,9164.2,2.66,36.28
3.43,1.09,31.11,0.31,9214.9,2.55,36.31
3.74,1.09,32.94,0.31,9378.9,2.55,36.3
4.21,1.09,33.3,0.31,9387.5,2.54,36.28
4.25,1.09,34.09,0.31,9405.4,2.62,36.28
4.19,1.07,36.18,0.31,9619,2.65,36.25
4.1,1.09,37.6,0.31,9591.3,2.63,36.3
4.22,1.09,37.36,0.31,9575.2,2.63,36.24
4.2,1.1,36.7,0.31,9692.8,2.67,36.12
4.51,1.1,38,0.3,9751.4,2.67,36.05
4.34,1.09,37.86,0.3,9907.4,2.72,36.06
4.16,1.1,36.47,0.3,10020,2.73,36.07
4.3,1.09,35.8,0.3,10186.4,2.77,36.03
4.29,1.09,34.58,0.3,10277.5,2.77,36.05
4.22,1.08,34.87,0.3,10270.4,2.78,36.07
4,1.09,35.8,0.3,10226,2.77,36.12
3.9,1.09,36.79,0.3,10266.1,2.86,36.13
4.14,1.1,36.32,0.3,10180.6,2.88,36.16
4.23,1.1,35.4,0.3,10052.3,2.85,35.93
4.18,1.09,36.63,0.29,10017.1,2.82,35.96
4.27,1.1,37.68,0.3,10073,2.83,36.09
4.18,1.06,40.15,0.3,10267.8,2.73,36.12
4.46,1.06,41.69,0.3,10164.8,2.77,36.05
4.55,1.06,41.73,0.3,10057.3,2.87,35.96
4.75,1.06,41.77,0.3,9977.8,2.8,35.84
4.84,1.06,43.25,0.29,10074.1,2.87,35.75
4.78,1.06,42.69,0.29,10165.5,2.95,35.8
4.76,1.06,42.04,0.29,10415.6,2.99,35.87
4.71,1.06,41.49,0.29,10501.1,3.05,35.72
4.75,1.07,40.54,0.29,10447.1,3.11,35.74
4.69,1.07,40.72,0.29,10455.5,3.1,35.84
4.64,1.06,41.11,0.29,10442.6,3.07,35.73
4.5,1.07,41.96,0.29,10449.7,3.06,35.76
4.7,1.08,40.92,0.29,10379.3,2.92,35.96
4.84,1.08,41.61,0.29,10433.6,2.88,35.99
4.64,1.07,43.05,0.29,10460.2,2.88,35.97
4.9,1.07,43.63,0.29,10426.1,2.87,35.9
4.88,1.07,44.52,0.3,10285.4,2.84,35.85
4.94,1.09,45.41,0.29,10320,2.82,35.84
5.09,1.09,46.57,0.29,10143.4,2.82,35.87
5.22,1.1,46.11,0.29,10206.5,2.78,35.82
5.57,1.1,46.43,0.29,10335,2.85,35.53
5.73,1.1,45.74,0.29,10454.1,2.82,35.53
6.18,1.09,46.06,0.29,10486.7,2.85,35.57
6.23,1.11,43.44,0.29,10525.6,2.65,35.62
6.34,1.11,43.78,0.3,10563.9,2.65,35.66
6.77,1.1,44.74,0.29,10556.4,2.64,35.64
7.31,1.13,45.27,0.29,10474.6,2.69,35.51
7.81,1.13,45.88,0.29,10509.1,2.7,35.46
7.65,1.13,46.25,0.29,10504.4,2.74,35.54
7.92,1.14,47.27,0.29,10428,2.75,35.67
7.48,1.14,46.87,0.3,10420.8,2.81,35.42
7.65,1.15,46.28,0.3,10495.9,2.81,35.45
7.58,1.14,46.69,0.3,10342.8,2.8,35.27
7.75,1.14,47.46,0.3,10403.7,2.79,35.16
8.15,1.13,49.51,0.3,10377.2,2.78,35.33
8.09,1.12,49.69,0.3,10385.5,2.79,35.63
7.68,1.13,48.11,0.3,10407.3,2.79,35.35
7.52,1.12,49,0.29,10259.5,2.82,35.76
7.44,1.12,46.2,0.3,10267.5,2.85,35.89
7.24,1.12,45.07,0.3,10298.6,2.84,36.24
7.48,1.12,44.92,0.3,10376.7,2.81,36.26
7.38,1.12,44.5,0.3,10238.1,2.82,36.48
6.29,1.12,45.38,0.3,10212.4,2.82,36.43
5.83,1.12,45.05,0.3,10167.5,2.85,36.35
5.88,1.11,44.62,0.3,9755.8,2.85,36.17
5.92,1.12,46.54,0.3,9698.9,2.84,36.23
6.09,1.13,46.45,0.3,9612.6,2.85,36.21
6.05,1.14,44.97,0.3,9803.4,2.86,36.05
6.18,1.13,46.89,0.3,9913.6,2.86,35.81
6.36,1.13,47.13,0.3,9813.2,2.84,35.67
6.61,1.13,45.16,0.3,9923.7,2.84,35.76
6.88,1.13,44.11,0.3,9970.3,2.84,35.85
6.47,1.13,44.78,0.3,10049.4,2.85,35.91
6.15,1.12,45.71,0.3,10118.2,2.82,36.01
6.17,1.12,44.16,0.3,10217,2.83,36.06
6.09,1.12,45.79,0.3,10139.1,2.85,36.02
6.06,1.11,46.68,0.3,10008.6,2.91,36.19
6.14,1.12,46.11,0.3,10026.5,2.9,36.02
6.23,1.13,44.26,0.3,9987.5,2.96,35.96
5.97,1.12,48.1,0.3,9985,2.98,35.83
5.88,1.12,45,0.3,10193,2.96,35.74
6,1.12,42.68,0.3,9955.4,2.98,35.74
6.37,1.13,38.96,0.3,10044.4,3,35.83
6.38,1.15,39.69,0.3,9963.1,2.98,35.83
6.22,1.16,38.18,0.29,10176.5,2.96,35.63
5.85,1.14,40.3,0.29,10198.3,2.92,35.61
6.09,1.12,41.03,0.3,10199.2,2.97,35.52
6.54,1.11,40.58,0.3,10044.4,3.01,35.66
6.85,1.1,42.41,0.3,9692.4,3.04,35.66
7.33,1.11,41.88,0.29,9790.1,3.04,35.57
7.19,1.11,42.18,0.29,9864.3,3.07,35.53
6.87,1.11,42.23,0.29,10402.3,3.07,35.52
6.93,1.12,43.34,0.29,10618.4,3.11,35.52
6.95,1.1,43.58,0.29,10742.3,3.11,35.25
7.24,1.1,44.82,0.28,10799.5,3.1,35.13
7.3,1.09,45.16,0.28,10743.6,3.03,35.28
6.98,1.09,45.96,0.28,10736.4,3.11,35.32
6.46,1.09,45.35,0.28,10779.4,3.14,35.16
6.63,1.1,48.47,0.28,10725.9,3.11,35.11
6.67,1.09,47.81,0.28,10804.8,3.09,35.17
6.7,1.11,47.02,0.28,10779.5,2.98,35.11
6.67,1.11,48,0.28,10851.3,2.88,35.06
6.94,1.1,48.79,0.28,10874.2,2.81,35.15
7.58,1.1,49.23,0.28,10849.1,2.81,34.84
7.5,1.09,50.71,0.28,10908.3,2.78,34.87
7.62,1.09,49.95,0.28,10795.2,2.88,34.87
7.13,1.08,50.76,0.28,10698.9,2.88,34.79
7.9,1.08,50.91,0.28,10688.9,2.9,34.69
7.62,1.09,51.62,0.28,10830.8,2.91,34.42
7.48,1.09,53.4,0.28,10918.1,2.91,34.47
8.22,1.1,52,0.28,10897.1,3.04,34.23
8.75,1.1,52.15,0.28,10960.4,2.86,34.21
8.89,1.11,52.48,0.28,10991.3,2.98,34.17
9.06,1.1,51.83,0.28,11010.8,2.88,34.03
9.22,1.1,52.91,0.28,11013.3,2.88,34.01
9.09,1.11,52.75,0.28,10989.4,2.96,33.92
9.3,1.11,58.27,0.28,10944,2.98,33.94
9.72,1.12,58.84,0.28,10853.9,2.9,33.98
9.86,1.1,59.66,0.28,10689.5,2.88,33.84
10.31,1.12,60.22,0.28,10755.6,2.68,33.78
10.45,1.12,61.14,0.28,10765,2.55,33.76
10.48,1.12,60.21,0.28,10844.5,2.46,33.8
10.51,1.13,59.44,0.28,10859.1,2.55,33.76
10.36,1.14,60.5,0.27,10941,2.55,33.76
10.46,1.14,59.78,0.27,11048.6,2.62,33.75
10.39,1.13,60.03,0.27,11078.6,2.52,33.69
10.4,1.12,59.6,0.27,11132.4,2.53,33.63
10.62,1.13,59.9,0.27,11146.6,2.62,33.63
10.83,1.12,61.14,0.27,11104.7,2.59,33.59
10.5,1.13,60.58,0.27,11080.3,2.66,33.67
10.63,1.13,58.96,0.27,11032.5,2.73,33.66
10.71,1.11,57.99,0.27,11009.5,2.65,33.8
10.62,1.12,59.57,0.27,10940.5,2.74,33.59
10.77,1.12,61.02,0.27,10942.5,2.68,33.7
10.58,1.09,60.18,0.27,11072.5,2.66,33.85
10.75,1.1,57.97,0.27,10960.1,2.74,33.71
11.19,1.09,57.63,0.27,10975.2,2.73,33.7
10.99,1.09,58.32,0.27,10982,2.72,33.67
11.31,1.09,60.05,0.27,11101.9,2.73,33.66
11.48,1.1,60.66,0.27,11057.1,2.69,33.77
11.1,1.11,58.81,0.27,11081.7,2.77,33.77
11.1,1.11,58.32,0.27,11116.2,2.78,33.71
10.97,1.12,59.54,0.27,11128.8,2.72,33.58
11.36,1.13,59.85,0.28,11076.3,2.75,33.39
11.52,1.14,59.67,0.28,11197.6,2.75,33.6
11.61,1.14,60.1,0.28,11213.9,2.81,33.5
11.66,1.14,61.23,0.28,11212.5,2.74,33.4
12.3,1.12,59.43,0.28,11221.4,2.83,33.51
12.31,1.12,59.02,0.28,11214.4,2.82,33.45
12.05,1.13,60.72,0.28,11207,2.74,33.49
11.52,1.12,58.55,0.28,11203,2.83,33.72
11.11,1.12,56.93,0.28,11164,2.83,33.53
11.16,1.11,56.65,0.28,11131.5,2.69,33.51
11.44,1.1,57.3,0.28,11182.1,2.77,33.34
10.85,1.09,57.53,0.28,11138.6,2.82,33.01
10.96,1.09,56.28,0.28,11082.1,2.73,32.82
11.02,1.08,56.34,0.28,11075,2.65,32.63
11.22,1.07,56.41,0.27,11116.7,2.66,32.59
11.33,1.07,56.16,0.27,11162,2.68,32.57
10.73,1.07,56.56,0.27,11165.1,2.63,32.43
10.93,1.08,55.92,0.27,11226.4,2.71,32.38
10.95,1.08,51,0.27,11199.9,2.9,32.37
10.63,1.07,53.18,0.27,11128.1,2.93,32.4
10.58,1.08,49.59,0.27,11113.2,2.97,32.28
10.58,1.08,48.73,0.27,11115.8,2.97,32.39
10.94,1.1,48.57,0.27,11058.5,2.97,32.43
10.33,1.08,51.01,0.27,11113.5,2.99,32.55
10.6,1.08,49.02,0.27,11171.5,2.98,32.54
10.87,1.09,47.72,0.27,11028.8,2.96,32.39
10.52,1.09,47.46,0.27,11038.5,3,32.48
10.23,1.1,46.41,0.27,10936.8,2.93,32.59
10.46,1.09,43.99,0.27,10897.7,2.9,32.5
10.01,1.09,44.6,0.27,10914,2.82,32.54
10.23,1.08,42.51,0.27,10919,2.79,32.53
10.68,1.07,43.84,0.27,10860.6,2.79,32.49
10.82,1.09,44.81,0.27,10877.2,2.78,32.52
11,1.06,46.93,0.27,11037,2.76,32.57
10.92,1.06,48.44,0.27,11072,2.77,32.72
11.09,1.05,48.77,0.27,11089.7,2.74,32.69
10.76,1.06,49.6,0.27,10932.5,2.74,32.92
10.32,1.05,50.89,0.27,10976.8,2.77,32.91
10.19,1.07,49.8,0.27,10846.4,2.78,32.96
10.58,1.08,49.45,0.27,10843.7,2.74,32.82
10.6,1.1,48.97,0.27,10787.5,2.79,32.85
10.95,1.12,51,0.27,10784.1,2.72,32.71
10.19,1.12,49.16,0.27,10734.7,2.73,32.53
10.54,1.12,49.42,0.27,10686.6,2.76,32.43
10.96,1.14,50.75,0.27,10846,2.79,32.33
11.38,1.13,51.24,0.27,10964.2,2.81,32.39
11.65,1.13,50.55,0.27,11090.8,2.82,32.37
10.84,1.14,53.24,0.27,11053.7,2.72,32.52
10.78,1.14,52.75,0.27,11078.5,2.67,32.54
10.45,1.14,51.35,0.27,11111.8,2.69,32.55
10.51,1.14,49.42,0.27,11119.6,2.68,32.57
10.29,1.14,50.98,0.27,11082.1,2.69,32.54
10.7,1.14,52.43,0.27,11091.5,2.72,32.55
10.89,1.13,52.01,0.27,11025.3,2.74,32.57
10.45,1.13,50.86,0.27,11027,2.75,32.59
10.56,1.13,51.67,0.28,11054.5,2.91,32.61
10.65,1.13,49.79,0.27,11042.8,3.02,32.63
10.47,1.15,47.59,0.27,11009.9,3.05,32.62
10.58,1.15,44.63,0.27,10924.2,3.05,32.58
10.51,1.13,44.43,0.28,10883.9,3.06,32.63
10.57,1.13,45.83,0.27,10860.7,3.06,32.6
10.66,1.13,45.13,0.28,10831,3.07,32.6
11.06,1.13,45.2,0.28,10903.3,3.09,32.56
11.26,1.14,46.63,0.28,10803.5,3.07,32.73
11.17,1.12,47.35,0.28,10721.6,3.06,32.78
11.09,1.12,46.69,0.28,10568,3.13,32.55
10.83,1.14,48.69,0.28,10636,3.07,32.49
11.53,1.16,46.35,0.28,10617.9,3.01,32.55
11.28,1.16,48.6,0.27,10797.2,2.97,32.5
10.68,1.16,46.16,0.28,10793,2.97,32.59
11.16,1.16,45.69,0.27,10787.3,2.99,32.56
11.31,1.18,48.19,0.28,10854.2,3.02,32.69
11.46,1.18,48.92,0.28,10753.6,3.06,32.58
11.32,1.18,48,0.28,10646,3.04,32.76
11.02,1.18,50,0.28,10682,3.05,32.75
11.16,1.18,52.61,0.28,10508.6,3.04,32.8
11.61,1.22,53.72,0.28,10606.6,3.12,32.86
11.7,1.22,55.05,0.28,10622.6,3.12,32.85
11.1,1.22,55.86,0.28,10640.7,3.12,32.87
10.42,1.22,56.8,0.27,10712.6,3.1,32.94
9.44,1.22,55.39,0.27,10811.8,3.12,32.91
9.46,1.22,57.75,0.27,10963.5,3.09,32.79
9.52,1.23,55.5,0.27,10974.9,3.1,32.91
8.94,1.23,55.83,0.27,10975.3,3.09,32.88
9.07,1.25,55.5,0.27,10962.2,3.09,32.87
9.5,1.24,55.4,0.28,10935.7,3.14,32.87
9.65,1.25,57.07,0.28,10890.2,3.14,32.9
9.37,1.24,59.17,0.28,10835.3,3.12,32.97
9.01,1.24,61.12,0.28,10709.5,3.11,32.96
9.65,1.23,63.01,0.28,10411.5,3.15,32.8
9.52,1.24,65.46,0.28,10386.1,3.17,32.8
9.82,1.24,67.6,0.28,10535.5,3.22,32.77
9.94,1.25,69.24,0.28,10690.1,3.23,32.98
10.1,1.25,73.5,0.27,10671.1,3.18,32.88
9.85,1.25,73.87,0.27,10863.6,3.22,32.84
10.25,1.24,75.51,0.28,10957.4,3.26,32.76
10.17,1.24,76.62,0.28,10942.7,3.36,32.77
9.76,1.25,76.29,0.28,10888.4,3.4,32.77
10.28,1.26,74.25,0.28,10993.1,3.4,32.8
10.04,1.25,74.23,0.28,11036.8,3.39,32.74
10.1,1.25,75.49,0.28,11053.3,3.36,32.78
9.55,1.25,75.93,0.28,11038.9,3.32,32.83
9.4,1.25,74.36,0.28,10938,3.32,32.74
9.74,1.24,76.95,0.28,10888.1,3.31,32.79
9.69,1.25,77.5,0.28,10938.6,3.34,32.83
9.21,1.24,77.18,0.28,10896.6,3.35,32.76
8.81,1.25,77.86,0.28,10859.8,3.31,32.82
9.33,1.25,78.87,0.28,10861.5,3.3,32.82
9.53,1.25,78.22,0.28,10884.1,3.16,32.8
9.17,1.26,80.59,0.29,10907.5,3.18,32.76
9,1.26,81.04,0.29,10892.5,3.24,32.65
9.77,1.27,81.93,0.29,10824.1,3.24,32.67
9.24,1.27,81.55,0.29,10781.1,3.29,32.56
9.73,1.27,80.64,0.3,10834.4,3.3,32.55
10.57,1.26,81.27,0.3,10772.9,3.35,32.51
10.63,1.27,81.95,0.3,10626.1,3.39,32.41
10.69,1.28,82.55,0.3,10690.3,3.34,32.41
10.7,1.28,82.76,0.3,10576.9,3.31,32.36
10.96,1.28,83.13,0.3,10547.7,3.36,32.35
11.06,1.28,83.18,0.3,10529.3,3.38,32.25
11.11,1.27,81.06,0.3,10502.1,3.43,32.25
11.26,1.28,82.32,0.3,10370.7,3.42,32.38
11.23,1.26,84.98,0.3,10227.2,3.43,32.39
11.52,1.27,85.2,0.31,10212.9,3.46,32.41
11.75,1.27,84.39,0.3,10004.8,3.45,32.47
11.23,1.27,87.73,0.3,10083.9,3.45,32.4
11.75,1.25,90.45,0.3,10194,3.48,32.41
11.22,1.27,89.77,0.3,10317.5,3.5,32.41
11.32,1.26,91.38,0.3,10397.4,3.52,32.53
11.02,1.26,90.74,0.3,10615,3.51,32.57
10.97,1.27,91.36,0.3,10605.3,3.51,32.61
11.19,1.27,94.34,0.3,10671.7,3.48,32.43
11.51,1.28,93.35,0.3,10579.5,3.48,32.42
11.58,1.28,92.47,0.3,10557.3,3.49,32.42
11.88,1.28,92.89,0.3,10688.6,3.49,32.38
12.43,1.29,91.72,0.3,10745,3.5,32.28
12.59,1.28,90.7,0.3,10727.8,3.46,32.29
12.38,1.29,92.22,0.29,10732.3,3.5,32.18
12.21,1.29,92.97,0.3,10863.6,3.53,32.23
12.55,1.3,93.97,0.3,10818.8,3.51,32.25
12.73,1.29,94.71,0.3,10861.2,3.52,32.17
12.62,1.3,92.81,0.3,10978.6,3.48,32.21
12.74,1.29,92.13,0.3,11046.4,3.47,32.31
13.28,1.29,93.05,0.3,10998.4,3.48,32.17
13.18,1.29,92.79,0.3,10993.2,3.49,32.24
12.89,1.29,93.11,0.3,10890.5,3.49,32.17
13,1.31,94.57,0.3,10909.9,3.5,32.17
12.95,1.31,95.07,0.3,10965.3,3.5,32.06
12.88,1.37,92.3,0.3,10946.7,3.51,32.04
13.15,1.37,92.58,0.3,10994.1,3.52,32.07
14.13,1.36,93.96,0.3,11019.9,3.47,32.03
14.45,1.36,93.6,0.31,11070.2,3.44,31.91
13.78,1.32,94.56,0.31,11023.8,3.43,31.93
13.61,1.32,93.75,0.31,10999.7,3.44,31.88
13.59,1.32,93.88,0.31,11042.1,3.43,31.91
13.39,1.32,93.36,0.31,11016.4,3.44,31.95
13.66,1.32,93.34,0.31,10976.7,3.4,31.93
13.04,1.33,93.89,0.31,10973,3.4,31.96
13.14,1.33,93.49,0.31,10958.1,3.42,32
13.2,1.33,94.7,0.31,10909.3,3.45,31.91
12.64,1.34,96.56,0.31,10901,3.55,31.82
12.86,1.34,97.1,0.31,10824.3,3.56,31.84
13.14,1.34,95.5,0.31,10833.5,3.57,31.82
13.24,1.34,97.3,0.31,10756.3,3.58,31.94
12.95,1.34,97.2,0.31,10731.9,3.58,32.07
11.98,1.34,97.64,0.31,10709.1,3.55,32.07
12.19,1.34,96.89,0.32,10591.1,3.57,32.23
11.51,1.34,98.41,0.32,10677,3.56,32.16
12.12,1.34,97.67,0.31,10728.9,3.59,32.13
11.78,1.34,97.7,0.31,10692.2,3.59,32.13
11.53,1.34,99.47,0.31,10699.8,3.58,32.17
11.68,1.34,101.03,0.31,10866.3,3.53,31.94
11.55,1.34,101.6,0.31,10958,3.5,31.82
11.44,1.34,101.87,0.31,11005.3,3.52,31.79
10.89,1.34,102.04,0.31,10984.4,3.59,31.81
11.09,1.35,103.2,0.31,11038.6,3.57,31.82
11.15,1.35,101.96,0.31,11038.9,3.56,31.77
11.19,1.35,104.58,0.31,11027.4,3.59,31.76
11.36,1.35,102.97,0.31,10988.9,3.63,31.88
11.37,1.35,103.72,0.32,10951.2,3.67,32.13
11.47,1.35,101.49,0.32,10908.4,3.68,32.17
11.06,1.35,100.21,0.32,10982.7,3.68,32.09
12.04,1.36,100.93,0.32,11006.4,3.69,32.12
11.4,1.36,100.46,0.32,10995.7,3.71,32.12
11.35,1.36,101.95,0.32,10980.2,3.74,32.11
12.13,1.36,103.39,0.32,10928,3.75,32.18
11.89,1.36,104.06,0.32,10941.8,3.78,32.17
11.82,1.36,104.27,0.32,11008.8,3.74,32.4
11.79,1.36,105.21,0.32,11072,3.73,32.34
11.72,1.37,105.69,0.32,11070.4,3.72,32.35
11.82,1.37,105.64,0.32,11044.7,3.71,32.35
11.34,1.37,106.71,0.32,11002.4,3.74,32.4
11.43,1.36,106.14,0.32,10969.2,3.76,32.42
10.68,1.36,106.02,0.32,10934.8,3.74,32.45
10.63,1.36,107.42,0.32,10951.8,3.76,32.43
10.99,1.36,106.6,0.32,10902.7,3.77,32.43
10.87,1.36,106.11,0.32,10997.4,3.71,32.41
10.83,1.36,106.6,0.32,11017,3.7,32.41
10.39,1.36,106.59,0.32,11014,3.74,32.45
10.18,1.36,106.88,0.32,10992,3.69,32.41
9.88,1.35,106.84,0.32,10890.1,3.73,32.47
10.09,1.36,104.3,0.32,10849.6,3.68,32.34
10.03,1.35,104.46,0.32,10855.3,3.68,32.37
10.21,1.36,102.44,0.32,10836.7,3.7,32.43
10.12,1.35,102.37,0.32,10886.3,3.67,32.45
10.15,1.36,102.44,0.32,10906.9,3.66,32.38
10.35,1.37,102.92,0.32,10865.2,3.68,32.61
10.42,1.36,103.51,0.32,10788.5,3.68,32.64
10.53,1.36,103.06,0.32,10752.4,3.71,32.83
10.62,1.36,104.14,0.32,10760.5,3.73,32.81
10.25,1.36,104.34,0.32,10734.5,3.68,32.78
10.14,1.36,103.71,0.32,10716.5,3.66,32.67
10.57,1.36,103.85,0.32,10715.4,3.77,32.6
10.79,1.36,102.96,0.32,10713.5,3.63,32.56
10.76,1.37,102.6,0.32,10649.1,3.54,32.55
10.84,1.37,102.13,0.32,10618.4,3.51,32.46
10.9,1.37,101.56,0.32,10570.3,3.5,32.51
10.89,1.37,102.03,0.32,10601.6,3.54,32.46
10.93,1.37,101.91,0.32,10573.8,3.41,32.44
10.92,1.37,100.12,0.32,10572.8,3.39,32.5
10.88,1.37,100.27,0.32,10636.5,3.5,32.39
11.1,1.37,100.82,0.32,10698.7,3.55,32.58
11.23,1.38,99.38,0.32,10599.5,3.49,32.47
11.2,1.39,99.17,0.32,10625.4,3.55,32.38
11.6,1.39,100.76,0.32,10621,3.61,32.33
11.73,1.39,100.89,0.32,10625,3.61,32.35
12.7,1.38,100.49,0.31,10578,3.57,32.21
12.85,1.38,101.93,0.31,10555.5,3.52,32.25
12.68,1.38,101.54,0.32,10538.2,3.48,32.22
13.02,1.38,101.86,0.32,10552,3.49,32.35
12.57,1.38,104.36,0.32,10598,3.5,32.3
12.47,1.38,104.54,0.31,10594.7,3.53,32.3
12.5,1.38,103.84,0.31,10569.2,3.53,32.23
12.62,1.38,103.76,0.31,10533.3,3.53,32.16
12.81,1.38,103.34,0.32,10494.4,3.56,32.2
13,1.38,102.35,0.32,10450.6,3.59,32.26
13.1,1.39,100.69,0.32,10343.7,3.59,32.26
12.95,1.38,100.38,0.32,10479.6,3.66,32.24
13.28,1.37,99.29,0.32,10411.3,3.73,32.44
13.19,1.37,99.64,0.31,10641.3,3.73,32.47
12.89,1.38,101.69,0.31,10619.2,3.74,32.41
12.98,1.38,101.34,0.31,10585.1,3.69,32.33
12.8,1.38,100.3,0.32,10483.7,3.7,32.46
12.16,1.37,99.18,0.32,10398.4,3.72,32.51
12.04,1.38,99.43,0.32,10360.6,3.75,32.53
12.7,1.38,99.49,0.32,10417.1,3.8,32.56
12.72,1.38,98.59,0.32,10397.7,3.8,32.44
12.66,1.38,100.39,0.32,10401.1,3.78,32.35
13.12,1.38,99.53,0.32,10456.7,3.78,32.36
12.88,1.38,97.97,0.32,10338,3.74,32.28
13.17,1.39,99.39,0.32,10441.5,3.68,32.08
13.46,1.39,98.25,0.32,10384.9,3.68,32.22
13.94,1.39,98.1,0.32,10326.7,3.68,32.27
13.8,1.39,99.48,0.32,10282.1,3.73,32.32
13.3,1.39,100.94,0.32,10438,3.73,32.37
13.08,1.39,102.75,0.31,10386.6,3.77,32.36
13.01,1.39,101.97,0.31,10492.9,3.76,32.35
12.73,1.39,101.04,0.31,10491.2,3.77,32.32
12.96,1.39,104.89,0.31,10545.9,3.74,32.23
13.07,1.37,103,0.32,10506.6,3.7,32.26
12.99,1.37,102.15,0.32,10404.8,3.67,32.49
12.98,1.38,102.57,0.32,10349.3,3.69,32.51
12.49,1.37,102.04,0.32,10403.4,3.69,32.54
12.86,1.37,102.8,0.32,10340.4,3.73,32.55
12.92,1.37,102.29,0.32,10356.5,3.75,32.52
13.26,1.37,102.87,0.32,10370.6,3.77,32.49
13.58,1.37,103.41,0.32,10321.6,3.77,32.52
13.11,1.37,103.14,0.32,10316.9,3.79,32.54
12.81,1.37,100.32,0.32,10258,3.82,32.5
13.01,1.38,100.27,0.32,10291.1,3.84,32.46
12.98,1.37,100.46,0.32,10308.8,3.86,32.21
12.3,1.36,100.05,0.32,10134,3.9,32.51
12.48,1.36,97.97,0.32,10173.8,3.94,32.7
11.4,1.36,97.25,0.32,10048.1,3.96,32.75
11.23,1.36,97.67,0.32,9974.1,3.97,32.78
11.41,1.35,96.53,0.32,9837.7,4,32.71
11.58,1.35,97.97,0.32,9796.8,3.99,32.72
11.71,1.35,97.42,0.33,9779.4,3.98,32.93
12.67,1.36,97.17,0.32,9962.4,4.01,32.96
12.69,1.37,95.66,0.32,10014.4,3.99,32.92
13.06,1.37,96.9,0.32,10003.1,4.01,32.86
12.7,1.37,97.37,0.32,9981.4,3.97,32.86
13.49,1.37,96.69,0.32,10043.7,3.95,32.84
13.27,1.37,95.2,0.32,10222.1,3.97,32.88
13.08,1.35,94,0.31,10331.8,3.98,32.89
12.69,1.36,94.17,0.32,10368.2,3.95,32.84
12.5,1.36,94.29,0.31,10343.2,3.96,32.79
12.26,1.36,92.65,0.31,10379.2,3.98,32.75
12.06,1.36,91.51,0.31,10374.7,4.02,32.85
11.6,1.37,92.83,0.32,10351,4.07,32.78
11.83,1.37,92.3,0.32,10280.6,4.03,32.95
11.45,1.37,92.58,0.32,10371.1,4.05,33.05
11.37,1.36,93.96,0.32,10340.1,4.08,33.02
11.47,1.36,93.6,0.32,10324.8,4,33.04
