Crude_Oil,NYSE,USD_THB,Y
73.8,16898.3,34.35,33700
75.32,16859.5,34.56,33650
73.56,16770.4,34.61,33700
73.91,16724.9,34.8,33550
73.81,16534.7,34.99,33600
74.06,16798.4,34.84,33550
72.48,16656.8,34.98,29700
71.68,16609.8,34.89,29900
71.61,16723.9,34.88,29750
69.85,16560.7,35.34,33450
68.73,16285.9,35.7,33350
71.43,16274.4,35.75,33500
69.28,16092.4,35.16,33700
72.1,16123,35.24,33450
74.58,16232.8,35.25,33400
75.59,16263.8,34.91,33700
77.75,16088.8,35.29,33600
76.56,15963,34.83,34200
75.07,15929.2,34.77,33900
75.31,15930.9,35.07,33650
76.79,15983.8,35.4,33450
77.77,15907.9,35.25,33250
77.65,15861.6,35.18,33450
75.65,15881.6,35.21,33250
72.97,15813.5,35.11,33200
76.6,15716.5,35.21,32950
78.17,15765,35.59,32850
78.53,15732.7,35.53,32950
77.15,15403.1,35.98,33000
75.59,15388.4,35.97,32950
75.65,15235.2,35.74,33100
77.12,15352.2,35.53,32950
80.93,15388.5,35.58,33050
81.48,15440.5,35.52,32700
82.59,14919.2,36.12,33000
85,14825.9,35.9,33200
83.53,14675.8,36.16,33900
85.37,14858.7,36.28,33900
83.69,14914.1,36.23,34050
86.15,15025.8,36.2,33950
90.28,14946,36.31,34000
88.24,15196.4,36.42,33650
87.81,15325,36.38,33800
87.06,15541.4,36.34,33950
87.72,15484.5,36.25,33500
85.96,15323.7,36.25,33150
86.43,15450.2,36.62,32850
84.45,15318.1,36.97,32850
89.42,15070.9,36.91,32150
88.67,15049.6,37.08,32450
90.82,15230,36.95,31850
91.76,15398.2,36.55,32000
93.78,15478.1,36.56,31900
90.53,15394.7,36.67,32050
89.88,15381.6,36.4,32250
90.55,15593.7,36.19,32500
89.62,15569.5,35.99,32750
89.3,15601.6,36.16,32800
91.55,15859.6,36.14,32700
92.22,15929,36.02,32850
91.2,15952.5,35.69,32850
90.67,15973.7,35.71,32850
88.81,16089.5,35.79,32500
88.75,15926.6,35.72,32400
87.4,15953.9,35.6,32250
86.78,15879,35.64,32200
86.72,15864.2,35.65,32200
86.06,15942.5,35.47,32200
83.63,16091.8,35.25,32300
81.7,16000.4,35.01,32250
81.29,16074.2,35.05,32250
79.98,16041.5,35.02,32050
80.15,15879.6,35.22,32050
78.88,15766.9,35.16,32000
78.57,15683,34.99,31900
79.64,15823.3,34.98,31800
80.8,15690.3,35.04,31700
81.43,15746.2,35.22,31650
80.04,15750.2,35.38,31400
79.25,15734.4,35.48,31450
81.23,15818.1,35.45,31500
82.52,15911.3,35.38,31700
82.83,16116,35.24,31800
82.88,16135.2,35.13,31850
82.53,16176.3,35.03,31750
79.77,16208.2,34.84,31800
82.05,16174.5,34.49,31850
80.65,16356.5,34.35,31850
78.9,16363.3,34.26,31600
79.34,16418.2,34.2,31600
78.85,16385.2,34.49,31700
77.01,16369.1,34.53,31900
75.7,16289.1,34.43,31950
75.35,16263.7,34.2,31950
75.84,16230.9,34.04,31900
74.18,16156.5,34.07,31850
75.02,16054.2,34.61,31750
77.16,16040.2,34.65,31850
75.85,16106.8,34.52,31850
74.83,16011.3,34.67,31950
73.19,15897.3,34.78,32050
71.89,15748.9,35.11,31950
71.8,15641.7,35.19,31800
70.45,15835.5,34.99,31850
69.82,15875.9,35.31,31800
69.25,15737.4,35.64,31750
68.01,15617.4,35.57,31850
69.49,15646.7,35.24,32050
69.84,15518.7,35.19,32050
69.53,15469.3,35.24,32000
72.43,15600.7,35.13,32050
70.9,15657,34.81,32000
71.45,15648.9,34.84,31800
70.55,15795.1,34.76,31800
68.7,15826.3,34.61,31900
69.35,15642.7,34.69,32000
67.31,15667.8,34.64,32000
70.27,15548.5,34.64,31850
70.94,15499.9,34.6,31850
71.56,15502.6,34.63,32000
71.99,15391.8,34.79,32050
70.21,15275.2,34.8,32100
67.6,15031.1,34.58,32200
69.62,14887.1,34.72,32150
73.23,14994.6,34.71,32250
71.89,15078.7,34.72,32150
74.21,14976,34.71,32050
73.77,15022.9,34.65,31850
72.1,15172.3,34.61,31900
71.7,15318.8,34.47,32100
71.94,15324.3,34.37,32200
72.75,15345.4,34.42,32050
70.6,15313.9,34.27,32100
71.32,15129.3,34.06,31900
70.04,15322.6,33.79,32050
71.42,15246.4,33.93,32150
73.58,15352.8,33.72,32250
72.84,15391.3,33.87,32200
74.91,15233.8,33.93,32250
74.38,15545.9,34.13,32300
77.08,15431.6,34.15,32250
78.74,15228.6,34.15,32050
77.97,15363.5,34.4,32150
77.13,15606.7,34.36,32350
78.87,15578.9,34.39,32350
80.92,15582.9,34.33,32300
81,15653.6,34.44,32450
82.48,15685,34.28,32350
81.44,15668.3,34.5,32500
80.5,15601.8,34.29,32500
81.01,15520.9,34.28,32500
80.44,15379.1,34.16,32500
74.37,15487.8,34.22,32300
72.98,15200.6,34.13,32350
73.61,15124,34.18,32000
72.86,14949.3,34.26,31850
69.42,14894.8,34.43,31700
69.51,14758.6,34.22,31800
69.95,14693,33.99,31800
69.48,14741.1,34.28,31950
67.62,14986,34.43,32000
66.62,14777.7,34.08,31750
68.26,14599,34.09,31650
68.22,14831,34.45,31800
71.56,14662.5,34.64,31600
74.7,14944.7,34.58,31150
76.6,14764.4,34.52,31100
75.65,14894.2,34.76,31000
77.32,15140.8,34.98,31000
80.5,15439,35.1,30550
77.89,15694.3,34.47,30250
77.74,15524.5,34.82,30050
76.85,15436.3,34.71,30150
75.76,15429,35.23,30150
76.42,15492.9,35.01,30100
75.6,15464.5,34.96,30250
73.92,15584.9,34.69,30000
76.11,15530.8,34.62,29950
76.53,15572.5,34.6,29900
78.07,15840.2,34.39,29850
78.54,15873.8,34.37,30000
78.83,16016.1,34.27,29950
79.06,16025.1,33.89,29800
79.94,16052.3,33.81,29700
77.68,15910.7,33.71,29750
77.49,15828.6,33.59,29650
73.23,16021.6,33.54,29650
75.92,15999.4,33.44,29600
76.79,16122.6,33.01,29700
79.06,16121.3,32.82,29700
77.91,15818.9,32.78,29900
80.04,15962.6,32.83,30100
81.22,15985.9,32.82,29900
80.48,15889.3,32.77,29800
80.26,15868.2,32.8,29800
81.62,15880.1,32.73,29950
81.79,15777.5,32.74,30000
80.84,15569.6,32.92,29950
79.43,15649.1,32.96,29850
81.34,15883.6,33,29800
80.34,15918.4,33.04,29900
78.58,15859.5,33.2,29750
77.9,15749.1,33.43,29650
75.06,15608.2,33.49,29700
73.87,15539.7,33.77,29700
74.18,15225.4,34.05,29600
73.51,15184.3,34.54,29750
80.66,15241.2,34.61,29750
78.59,15037.3,34.77,29600
78.61,15218.3,34.64,29600
79.75,15188.5,34.69,29650
80.97,15081.5,34.86,29500
78.44,15219.5,34.71,29550
78.47,15000.6,34.68,29700
76,14938,34.86,29700
75.77,15018.2,34.87,29500
75.54,15182.3,35.05,29450
76.24,15495,34.53,29450
77.26,15562.5,34.61,29500
75.19,15468.7,34.87,29550
73.42,15399.9,34.72,29300
72.07,15328.4,35.1,29400
72.57,15767,34.71,29350
74.47,15780,35.14,29400
80.56,15433.5,35.48,29350
78.75,15370.4,35.73,29350
76.54,15605.7,35.9,29450
75.93,15545.5,35.74,29650
77.51,15481.8,36.13,29650
81.08,15278.3,36.27,29700
80.22,15309.8,35.81,29750
80.3,15314.4,35.83,29700
82.09,15090.1,35.75,29850
85.22,15381,35.56,29900
86.89,15445.1,35.72,29850
85.25,15320.4,35.97,29850
89.02,15234.7,36.2,29850
86.27,14587.8,36.85,29800
85.85,14808.6,37.37,29700
91.87,14702.8,37.42,29500
91,14455.7,37.99,29500
87.9,14497.8,37.78,29250
89.35,14790.7,37.73,29300
88.62,14747,38.06,29350
86.43,14795.6,37.94,29450
88.39,14569.9,37.82,29500
88.67,14531.7,37.8,29650
88.26,14440.7,38.01,29700
85.07,14226.1,38.22,29700
84.88,13840.5,38.11,29700
85.07,13947.3,38.32,29500
85.94,14089.2,38.07,29550
83.69,13923.2,38.09,29700
85.7,13607.3,38.3,29750
85.59,13693.6,37.98,29750
91.14,13798.3,37.56,29950
93.48,14262,37.47,30100
88.08,14319.5,37.46,30300
86.37,13472.2,37.85,30350
81.02,13608.3,37.88,29750
81.74,13833.2,37.74,29700
81.9,13541.8,37.98,29650
78.08,13580.4,37.92,29250
76.47,13797,37.53,29250
79.23,14116.6,37.38,29300
83.54,14236.6,37.15,29450
83.07,14474.7,37.02,29300
84.25,14674.5,36.96,29200
85.61,14573.9,36.9,29200
85.21,14722,36.94,29150
85.16,14843.2,36.6,29100
88.91,14820.8,36.66,29400
87.94,15352.2,36.33,29500
88.09,15190.8,36.34,29550
86.25,14961.8,36.49,29500
82.8,14689.5,36.42,29500
81.91,14771.9,36.58,29550
86.84,14931.4,36.64,29600
86.56,15118.8,36.73,29550
92.31,15178.2,36.47,29750
96.9,15595.2,36.32,29800
92.96,15392.1,36.19,29700
93.06,15338.2,35.86,29750
95.35,15341.8,36.1,29750
93.78,15588.3,36.05,29800
90.55,15763.9,36.12,29700
89.65,15734.1,35.74,29600
90.39,15846.8,35.66,29700
87.39,15794.3,35.45,29650
87.1,15804.4,35.42,29700
87.93,15602.9,35.51,29850
91.94,15552.7,35.3,30000
91.55,15305.8,35.19,29850
90.69,15273.2,35.36,29900
88.46,15267.2,35.62,30000
90.95,15162.7,35.74,30200
93.83,15286,36.24,30150
93.75,14793.5,36.22,30250
95.6,14899.1,36.15,29800
96.33,14790.8,36.73,29850
95.1,14871.1,36.69,29850
96.51,14778.5,36.68,29800
99.91,14766.6,36.78,29450
103.6,14403.2,36.69,29600
102,14449.7,36.61,29650
97.27,14171.2,36.65,29600
96.39,14340.3,36.65,29650
96.57,14502.4,36.58,29650
103.46,14642.3,36.21,29750
104.79,14465.3,36.25,29700
98.22,14499.5,35.86,29850
100.36,14487.6,36.21,30150
106.01,14599.6,35.94,30200
109.7,14667.3,35.59,30300
111.86,14835.3,35.31,30150
110.18,14811.5,35.2,30400
107.22,14402.1,35.18,30650
103.99,14352.8,35.37,30650
104.42,14414.3,35.5,30650
109.54,14097,35.5,30600
110.58,14142.2,35.39,30700
117.08,14595.2,35.33,30600
115.98,14444.6,35.34,30200
119.07,14527.9,35.03,30100
121.09,15096.7,34.81,30150
120.19,15472.5,35.02,30550
121.46,15843.8,34.9,30150
122.43,15848.5,34.75,30150
119.1,15797.2,34.56,29950
120.82,15827,34.52,30100
115.4,15942.6,34.38,29800
114.96,15664,34.34,29850
114.2,15412.2,34.33,29850
110.69,15290.4,34.08,29950
110.39,15343,34.24,30050
110.41,15081,34.28,29900
110.56,15035.9,34.1,30000
111.45,15044.5,34.15,29900
109.09,15541.9,34.42,29650
113.66,15259.8,34.46,29600
113.87,14931.1,34.64,29850
106.65,15057.9,34.52,30000
105.63,16119.6,34.72,30400
102.65,15729.5,34.75,30350
110.43,16032.7,34.58,30500
107.58,15741.8,34.04,30550
105.17,15694.2,34.37,30800
102.11,16054.8,34.46,30600
101.76,16056.9,34.34,30850
98.64,16499.3,34.31,30650
101.38,16761.3,34.14,30950
104.07,16658.9,33.96,31200
102.5,16466.2,33.91,31200
103.05,16511.5,33.78,31100
107.75,16690,33.8,31500
107.03,16631.5,33.69,31500
98.4,16830.9,33.63,30750
97.17,16787.8,33.59,30550
97.16,16670.9,33.49,30450
103.66,16932.8,33.46,30500
98.95,17014.8,33.29,30350
101.23,16798.7,33.35,30500
107.45,16792.8,33.48,30300
105.24,16701.8,33.78,30400
103.47,16558.5,33.57,30700
112.92,16735.5,33.51,30950
111.75,16606.7,33.61,30950
114.47,16612.6,33.51,30850
108.85,16483.6,33.54,30350
112.9,16261.5,33.28,30700
105.13,15895.7,33.21,30400
103.62,15694.4,33.4,30450
95.34,15753.7,33.54,30350
95.23,15929.6,33.45,30300
102.28,15977.5,33.3,30750
109.42,15708.2,33.14,31100
105.99,16380.9,33.04,31200
110.41,16069.2,33,30800
120.67,16428,32.53,30850
111.33,15996,32.71,29600
107.12,16019.6,32.71,29800
96.09,16215.6,32.63,29300
94.99,16392.3,32.27,29450
93.32,16492,32.42,29400
92.52,16770.4,32.27,29150
91.74,16531.3,32.11,29050
91.75,16665,32.28,29050
91.63,16856,32.44,28600
90.9,16853.7,32.69,28400
94.83,16722.8,32.71,28550
93.91,16904.5,32.91,28550
90,16829.7,33.02,28200
89.86,16397.9,33.13,28300
91.64,16152.1,33.18,28300
87.98,16236.5,33.43,28300
88.35,16340.3,33.31,28250
87.45,16414,33.12,28250
87.5,16397.3,33,28300
87.15,16663.8,33,28450
85.26,16819,32.96,28700
84.15,16950.9,32.91,28650
84.91,17219.1,32.92,28600
84.57,17259,33.08,28600
86.23,17353.8,33.09,28550
86.61,17294.5,33.22,28400
84.32,17119.6,33.3,28350
81.73,17156.5,33.35,28550
82.82,17112.6,33.63,28650
81.38,17226.1,33.56,28600
78.42,17164.1,33.21,28550
79.62,17149.9,33.24,28400
77.24,17134.2,33.24,28450
76.02,17141.1,33.51,28400
76.58,16963.4,33.54,28400
76.04,16874.9,33.53,28600
75.97,16744.3,33.44,28650
73.38,16442.3,33.67,28600
73.03,16668.6,33.68,28600
71.27,16849.1,33.61,28500
69.21,16813.6,33.34,28500
70.07,16652.6,33.42,28450
71.92,16719.6,33.42,28350
71.48,16856.6,33.43,28100
70.35,16780.5,33.39,28000
71.12,16592,33.57,28200
72.04,16475.2,33.58,28250
71.86,16319,33.84,28300
69.72,16684,33.88,28500
67.5,16624.9,33.75,28400
65.63,17036.8,33.72,28400
67.01,17007.9,33.71,28300
70.04,16945.8,33.39,28400
69.23,16974,33.11,28550
78.34,17117.7,33.02,28350
78.48,17192.7,32.81,28150
76.46,17302.8,32.58,28250
75.75,17285.5,32.62,28650
78.76,17297.7,32.76,28650
78.34,17192,32.72,28750
80.54,17286.9,32.75,28700
80.93,17242.4,32.83,28800
80.66,17168.9,32.77,28700
81.41,17115.2,33.17,28600
84.53,17131.1,33.36,28250
81.13,17016.4,33.27,28400
79.37,17077,33.3,28250
83.07,16920.4,33.31,28100
83.87,17145.2,33.21,28150
83.09,17169.1,33.3,28150
82.25,17122.2,33.22,28250
84.39,17099.2,33.06,28050
83.72,16988.2,33.32,28150
83.98,16862,33.37,28200
83.58,16871.7,33.33,28150
83.34,16744.3,33.49,27950
82.37,16513.2,33.42,27900
82.6,16517.2,33.17,27950
81.48,16511.8,33.2,28150
80.59,16327.1,33.86,28050
80.5,16198.6,33.78,27800
79.59,16344.9,33.83,28050
78.86,16328.8,33.77,28100
79.04,16599.8,33.95,28100
77.58,16539.2,33.85,28150
74.78,16352.2,33.6,27750
74.38,16184.5,33.43,27800
75.43,16168.2,33.47,27800
74.19,16460.3,33.38,27700
71.97,16576.8,33.37,27950
70.85,16626.9,33.32,28050
70.59,16497.2,33.14,27800
71.92,16635.4,32.89,27550
72.62,16563.5,32.95,27550
72.65,16731,32.87,27900
70.76,16801.2,32.69,28050
70.64,16909.7,32.77,27800
69.74,16926.7,32.66,27650
69.36,16846,32.44,27650
68.37,16819.6,32.49,27850
69.11,16844.8,32.46,28000
69.76,16694.3,32.31,27800
68.29,16812.8,32.48,27750
69.18,16741.2,32.55,27750
69.3,16648.5,32.76,27900
67.75,16516.7,32.81,27750
68,16429.1,32.88,27700
67.63,16550.3,33.26,27950
65.54,16707.1,33.36,28200
61.96,16836.7,33.35,28050
64.05,16868.1,33.3,28050
64.58,16871.1,33.36,28050
66.58,16875.4,33.41,28000
67.43,16792.8,33.34,28150
67.71,16727,33.05,27950
68.91,16748.1,33.19,27450
68.51,16695.5,33.46,27300
66.85,16713.5,33.47,27450
67.88,16576.2,33.44,27450
69.14,16602.3,33.27,28350
70.32,16697.1,33.03,28250
71.52,16573.6,32.95,28150
73.91,16565.3,32.89,28200
73.41,16455.9,32.86,28300
72.4,16503.5,32.87,28150
72.22,16321.9,32.91,27900
71.71,16052.7,32.9,28000
70.22,16364.7,32.83,27900
66.45,16499.1,32.84,28000
66.6,16543.8,32.86,28100
71.49,16575.8,32.79,28100
71.48,16673.1,32.69,28200
72.96,16633.3,32.61,28100
75.17,16359.7,32.64,27850
74.18,16542.8,32.69,27850
74.74,16674.8,32.52,27800
73.26,16555.3,32.54,27800
73.85,16547.6,32.26,27450
75.35,16573.7,32.11,27250
73.5,16658.8,32.16,26750
73.47,16558.6,32.03,26700
72.78,16437.6,32.11,26850
73.99,16449,31.92,26750
73.32,16412,31.8,26700
73.28,16144,31.9,26750
72.91,16411.7,31.83,26700
73.41,16542.8,31.72,26650
71.52,16655.8,31.61,26400
71.1,16662.4,31.47,26450
71.65,16694.9,31.41,27000
72.45,16620,31.28,27300
71.16,16685.5,31.15,27350
70.65,16685.1,31.12,27450
69.76,16708.7,31.07,27700
70.01,16555.7,31.16,27800
69.29,16532,31.18,27900
69.52,16452,31.14,27750
68.91,16464.7,31.2,27500
66.68,16375,31.3,28100
66.95,16350.5,31.25,27950
66.16,16233.3,31.34,27950
66.02,16337.7,31.38,27700
63.87,16423,31.37,27900
61.89,16415.4,31.41,27700
63.39,16181.6,31.43,27700
65.28,16043,31.49,27700
66.33,16516.8,31.36,27700
65.5,16590.4,31.36,27400
63.83,16289.3,31.29,26950
65.75,16325.2,31.11,26900
64.9,16219.3,31.09,26900
65.57,16376,31.18,26850
64.9,16322.1,31.13,26700
66.45,16273.3,31.16,26200
64.88,16241.2,31.19,26050
63.7,16206,31.35,26350
63.04,16030.6,31.35,26250
61.97,16121.6,31.43,26350
62.06,15944.6,31.42,26350
61.65,16107.6,31.39,26500
61.11,16186.3,31.32,26500
62.39,16116.9,31.28,26300
63.47,15886.6,31.23,26050
62.98,15838.9,31.21,26150
63.32,15870.3,31.17,25950
59.52,15601.7,31.37,25700
61.5,15626.1,31.35,25500
59.49,15611.9,31.22,25200
60.45,15682.5,31.25,24900
61.96,15410.4,31.31,25200
60.93,15276.6,31.2,25450
58.48,15346.5,31.12,25450
60.8,15551.6,31.15,25400
57.4,15562.3,31.01,25300
61.28,15589.1,31,25300
61.55,15731.1,30.87,25300
59.56,15669.3,30.82,25250
64.42,15775.5,30.89,25350
64.75,15715.2,30.7,25150
65.33,15648,30.76,25100
65.56,15521.8,30.74,25050
65.96,15288.4,30.72,24850
64.7,15251.8,30.55,25000
64.73,15277,30.69,24600
66.68,15327.8,30.81,24700
64.16,15539.4,30.52,24400
59.55,15359.1,30.25,24800
60.23,15340.5,30.23,24550
63.39,15362.7,30.05,25500
61.29,15290.6,30.03,25650
62.16,15402.6,30,25600
58.88,15423,29.97,25300
60.2,15370.2,30.01,25100
61.68,15297.1,30,25250
60.24,15273.9,29.95,25400
59.98,15226.6,29.9,25700
58.4,15069.6,29.87,25950
58.11,14768.6,29.91,25950
57.06,14596.2,29.99,25700
55.96,14669.5,30.08,25900
55.05,14487.7,30.01,26100
53.48,14867.4,29.99,26300
52.15,14935.3,29.98,26100
52.65,14951.8,30.01,26050
52.76,15019,29.97,26100
52.91,15097.3,29.99,26250
52.17,14987.3,29.99,26250
53.1,14894.2,29.93,26350
52.93,15044.4,29.97,26400
53.13,14983.6,29.99,26150
52,15010.3,30.12,26150
53.8,14938,29.99,26200
52.84,14788.8,30.02,26150
53.31,14536.5,30.05,26350
52.18,14524.8,30.15,26300
52.58,14397.9,29.94,26050
50.53,14405.8,29.92,27100
49.82,14382.5,29.99,27500
48.4,14398.6,30.06,27050
48.13,14321.3,30.18,26650
47.72,14378.9,30.03,26650
48.23,14467.8,30.2,26900
48.09,14516.7,30.22,26750
46.79,14408.9,30.09,26550
47.93,14402.3,29.83,26700
48.54,14214.9,29.79,26800
48.43,14355.3,30.03,26450
47.85,14394.3,30.05,26350
47.6,14374.1,30.1,26250
46.99,14217.2,30.08,26000
46.73,14188.2,30.07,26100
45.66,14146.6,30.08,26500
44.99,14198.5,30.21,26050
44.38,14191.6,30.25,25850
45.34,14249.5,30.34,25500
45.9,13998.2,30.29,25900
44.82,13827,30.34,25950
42.84,13863.2,30.35,26250
42.46,13808.6,30.3,26750
41.7,13949.1,30.37,26700
41.61,13982.2,30.31,26800
41.35,13761.3,30.16,26800
41.44,13551.5,30.2,26900
40.17,13708,30.17,27000
40.94,13218.7,30.22,26850
41.47,13199.1,30.36,26700
41.79,12979,30.63,26900
37.34,12662.2,30.76,28200
38.54,12429.3,30.99,28150
39.17,12502.3,31.12,27900
37.03,12415.4,31.16,27800
35.24,12817.9,31.22,27650
36.07,12936.4,31.27,27600
37.39,13199.9,31.23,27700
38.97,13040.1,31.27,28100
38.59,13092.2,31.32,28150
39.69,13018.5,31.19,28100
40.04,13169.3,31.23,28200
41.22,13137.2,31.2,28200
40.65,13143.2,31.18,28000
40.69,13212,31.22,28000
40.88,13190.6,31.15,28050
41.13,13042.3,31.27,27900
40.19,12837.9,31.21,27900
40.4,12949.6,31.24,28200
41.31,12701.9,31.25,28000
39.99,12602.6,31.3,27800
39.83,12677.5,31.61,27800
39.35,12485.4,31.62,28200
38.6,12293.9,31.67,28300
39.9,12314.6,31.65,28150
39.16,12630.5,31.59,28300
40.58,12575.2,31.57,28200
40.07,12617.5,31.39,27800
40.15,12937.6,31.3,27750
39.6,12866.2,31.12,27800
39.76,13013.5,31.19,28200
39.63,13011,31.1,28300
40.98,12868.3,31.19,28550
40.97,12780,31.3,28650
40.19,12924.5,31.31,28650
38.35,12806.2,31.31,28800
37.28,13022.5,31.26,28850
37.32,13253.8,31.41,28750
37.01,13032,31.4,28750
37.8,13134.4,31.4,28650
36.79,13115.4,31.34,28550
41.63,13066.1,31.08,28750
42.83,13006.2,31.1,29000
42.91,13029.9,31.3,28800
42.98,12905,31.27,28550
43.45,12782.1,31.46,28650
43.39,12751.3,31.49,28550
42.36,12931.1,31.57,28750
42.48,12967.9,31.41,28750
42.75,12942.3,31.28,28850
42.74,12864.7,31.15,28750
42.6,12914.7,31.15,29300
42.79,12984.9,31.13,29250
42.24,12797.8,31.05,28450
42.33,12655.7,31.09,28550
42.57,12708.5,31.13,28300
41.5,12713.7,31.21,29800
41.97,12548.9,31.12,30250
42.19,12509.3,31.03,29750
41.56,12491.5,31.04,29350
40.78,12533.5,31.19,28950
40.34,12488.7,31.38,28900
41.32,12567.2,31.43,29000
41.13,12508.7,31.48,28950
41.06,12492.1,31.72,28100
41.95,12413.1,31.62,27750
41.54,12395.8,31.59,27550
40.65,12310.2,31.79,27150
40.64,12377.6,31.7,27050
40.72,11989.4,31.71,26900
40.97,12159.8,31.54,26950
40.55,11935.3,31.54,26850
39.6,12023.6,31.4,26700
40.35,12056.2,31.32,26600
39.58,12088.7,31.23,26600
40.87,11907.8,31.23,26550
40.48,11736.8,31.11,26450
40.68,11683.1,31.04,26150
39.78,11796.4,30.91,25900
39.84,11680.4,30.89,26000
39.64,11956.3,30.91,25800
37.96,12157.4,30.91,25750
39.09,11963.3,30.87,25700
38.05,12240.3,30.94,25650
39.99,11994.5,30.96,25750
40.68,12193.4,30.98,25600
39.18,12304.1,31.1,25600
38.85,11565.8,31.14,25300
37.74,12090.1,31.13,25350
37.93,12616.6,31.02,25350
37.05,12734.5,30.97,25300
36.03,12175.1,31.13,25300
39.09,11900.2,31.31,25250
38.5,11799.9,31.49,25350
39.41,11751,31.55,25150
37.33,11935.9,31.66,25500
36.76,11787.6,31.84,25500
35.56,11636.5,31.88,25950
35.21,11325.1,31.92,26000
33.68,11393.9,31.88,25750
32.1,11408.6,31.97,25700
34.14,11374.2,31.85,25700
33.3,11282.9,31.82,26000
33.95,10927.4,31.93,25900
33.53,10661.9,32.01,26100
31.89,11035.2,32.07,26150
32.83,11244.2,32.1,26100
29.53,11281.3,32.08,26400
27.64,11196.9,32.1,26050
25.56,11189,32.2,25800
25.3,11473.2,32.35,25700
24.49,11546.4,32.37,25800
23.35,11462.4,32.39,25950
21.24,11106,32.41,25800
15.64,11000.7,32.47,25950
13.35,10961.2,32.47,25950
12.96,10920,32.44,25900
16.84,10763.7,32.34,26150
16.78,11016.9,32.37,26150
14.2,11101.3,32.52,25900
13.12,10882.8,32.51,25700
14,10862,32.49,25800
17.73,11151.2,32.68,25600
20,11136.6,32.7,25900
20.15,10641.5,32.66,26000
20.72,10264.1,32.7,25900
22.36,10012.5,32.69,26050
24.6,9815.3,32.73,25500
26.28,10387.7,33.03,25150
24.3,10238.1,32.94,25200
24.81,10135.7,33.11,24850
21.22,10060.5,32.67,24650
20.23,9749.8,32.54,24700
20.93,9276.6,32.63,24700
23.29,9014.6,32.75,24500
24.25,9577.9,32.76,24250
24.37,9313.8,32.83,24500
23.87,9562.5,32.7,24350
22.52,9726.2,32.6,23150
24.73,10852,32.61,22700
22.3,10445.4,32.16,22900
26.94,10466.7,32.15,23350
28.69,11523.9,31.84,22600
33.75,11748.6,31.76,23200
30.77,12696.6,31.5,23650
33.07,12845.1,31.43,24350
34.62,12441.4,31.42,24600
32.87,12547.2,31.42,25150
46.09,12841.4,31.49,24900
46.94,13194.3,31.53,24350
47.72,13570.2,31.68,23750
43.7,13654,31.85,23650
46.49,14014.6,31.75,24450
48.63,14061,31.7,24750
50.08,14077.5,31.64,24650
51.37,14047.9,31.45,24700
52.6,14104.8,31.21,24850
53.74,14069.2,31.21,24150
53.5,14117.8,31.19,23700
52.12,13984.5,31.15,23500
52.23,13904,31.12,23300
51.51,13987.5,31.27,23100
51.72,14066.9,31.33,23050
49.96,13826.1,31.32,23050
49.61,13655.9,31.14,23100
51.11,13783.8,30.99,23000
51.17,13745.2,31.08,22750
49.94,13912.8,31.21,23100
51.01,13812.6,31.1,23300
52.92,13746.6,30.97,23100
53.09,14120,30.83,23100
53.97,14064.3,30.71,22750
52.77,14147.9,30.58,22900
53.7,14126.1,30.51,22850
55.69,14168.1,30.4,22450
56.11,14103.5,30.41,22300
58.26,14022.3,30.36,22250
59.17,14024.2,30.38,22400
58.59,13980.5,30.31,22300
58.1,14018.1,30.26,22200
58.2,13974.1,30.21,22100
58.03,13911.2,30.24,22000
59.04,13856.7,30.28,22200
59.61,13951.3,30.37,22100
59.99,13976.9,30.17,22300
62.91,13911.2,30.17,22150
63.71,13903,30.17,22400
61.71,13906.9,30.18,21500
61.73,13831.7,30.17,21450
61.2,13801.7,30.18,21350
60.63,13805.2,30.2,21150
60.41,13795.1,30.21,21050
61.11,13781.6,30.24,21050
60.86,13711.2,30.26,21050
60.55,13587.7,30.23,21050
60.23,13554.1,30.21,21050
59.87,13570.5,30.17,21000
59.36,13515.5,30.27,20900
58.88,13408.1,30.33,21000
59.06,13363.7,30.35,20900
59.11,13554.3,30.38,20900
58.32,13595.9,30.27,21100
56.43,13577.5,30.28,21100
55.96,13532.6,30.23,20850
55.47,13471.5,30.24,20800
58.13,13412.3,30.23,20750
58.27,13420.3,30.24,20800
57.92,13460.3,30.21,20750
57.92,13489.8,30.22,20850
58.31,13488.5,30.2,20900
57,13432.8,30.2,20950
55.16,13385,30.21,20950
56.9,13387.6,30.26,20900
57.88,13392,30.21,20900
56.91,13347.3,30.25,20900
57.39,13376.9,30.34,20850
56.79,13339.8,30.35,20850
56.89,13321.2,30.38,20850
57.4,13231.2,30.3,21000
56.35,13239.4,30.26,21300
57.26,13215.9,30.19,21250
56.41,13170.9,30.18,21500
54.15,13183.9,30.22,21450
54.9,13106.2,30.26,21300
55.53,13119.6,30.24,21250
55.8,13097,30.18,21300
56.65,13019.2,30.27,21450
56.07,13032.5,30.29,21400
55.9,13030.5,30.27,21300
53.39,12997.5,30.32,21200
53.71,12897,30.32,21300
54.09,12688.6,30.37,21300
52.99,12622.5,30.44,21350
52.92,12816.2,30.42,21300
53.51,12689.9,30.34,21400
52.69,13002.3,30.43,21550
52.57,12988.9,30.46,21550
52.69,13053.2,30.55,21650
52.29,13042.2,30.6,21700
54.28,12991.1,30.64,21200
56.54,13087.7,30.65,21600
56.51,13084.8,30.61,21750
56.69,13148.4,30.55,21800
56.7,13121.2,30.48,22050
58.44,13109.6,30.49,21850
59.25,13087.9,30.54,21800
58.65,13134,30.54,21600
58.2,13150.8,30.53,21550
58.81,13096.2,30.52,21600
61.96,12954.3,30.49,21600
61.48,12975,30.48,21650
55.15,12796.3,30.59,21550
55.93,12757.2,30.65,21550
58.03,12740.2,30.65,21550
56.8,12657.2,30.56,21850
55.95,12467.4,30.62,22250
53.92,12562,30.64,22250
56.63,12430.7,30.64,22050
55.88,12643.9,30.63,22250
55.71,12724.2,30.6,22200
53.76,12691.8,30.68,22050
53.25,12687.9,30.81,22200
55.35,12687.8,30.79,21750
55.94,12442.2,30.79,21800
56.05,12386.2,30.87,21850
56.1,12641.3,30.92,21750
54.96,12589.8,30.88,21950
54.74,12633,30.84,22100
54.9,12627.6,30.81,22050
56.74,12497.3,30.85,21800
54.73,12839.5,30.83,21950
52.33,12920.8,30.74,21700
53.42,13066.6,30.76,21450
55.38,13187.2,30.93,20950
54.54,13222.8,30.91,20800
57.85,13169.3,30.8,20500
58.34,13234.9,30.88,20700
57.07,13172.5,30.97,20700
55.93,13109.9,30.92,20700
55.9,13112,30.91,20750
57.23,13168.7,30.84,20700
56.17,13109.3,30.84,20650
56.22,13195.2,30.82,20700
55.72,13234.8,30.9,20900
56.6,13173.3,30.94,20650
57.52,13138,30.91,20500
60.25,13210.9,30.66,20550
60.44,13231.8,30.82,20500
58.4,13152.5,30.78,20250
57.77,13127.7,30.68,20250
57.38,13049.7,30.58,20500
56.49,12965.5,30.67,20500
59.14,12912.1,30.68,20150
59.27,12936.6,30.8,20150
59.22,13020,30.76,20550
59.27,13047.2,30.77,20400
58.84,13068.4,30.67,20550
57.74,12954.1,30.82,20550
57.72,12924.3,30.86,20350
57.26,12837.5,31.2,20350
54.12,12789.7,31.23,20150
54.09,12808.9,31.37,19800
51.95,12816.4,31.25,19800
52.5,12797.9,31.22,19750
52.18,12867.2,31.29,19750
51.07,12631.1,31.27,19650
53.04,12288.5,31.35,19600
53.43,12280.8,31.41,19650
51.66,12402.5,31.47,19650
52.86,12398.2,31.79,19600
56.46,12597.7,31.83,19300
59.12,12595.5,31.85,19200
59.07,12569.3,31.83,19250
58.94,12682.5,31.93,19300
58.21,12668.3,31.94,19300
61.31,12652.4,31.96,19200
62.95,12676,31.88,19200
63.22,12559.7,31.67,19200
63.12,12561,31.55,19200
62.12,12617.2,31.52,19250
61.37,12673.6,31.63,19250
60.86,12767,31.56,19350
61.65,12883.1,31.81,19200
62.02,13037.9,31.91,19250
61.44,12977.3,31.88,19350
62.17,12939,31.91,19300
61.55,13027.5,32.01,19200
63.61,12992.7,32,19250
63.58,12923.7,31.92,19300
62.95,12907.1,31.91,19350
65.13,12993.9,32.07,19300
65.81,12916.7,32.05,19300
66.17,12900.4,31.99,19200
65.75,12912.2,31.9,19200
64,12984.3,31.83,19250
63.75,12955.7,31.79,19150
64.32,12892.6,31.84,19200
63.71,12867.3,31.78,19450
64.48,12892,31.78,19550
64.22,12833.3,31.88,19550
64.4,12819.1,31.74,19500
62.5,12840.4,31.77,19350
62.64,12775.8,31.88,19350
61.81,12691.8,31.74,19300
60.24,12601.2,31.79,19350
59.53,12635.2,31.68,19400
59.4,12598.5,31.68,19700
60.03,12526.5,31.87,19700
59.12,12709.3,31.91,19650
58.98,12659,31.63,19600
59.87,12749.6,31.55,19600
59.99,12826.1,31.72,19650
59.02,12732.3,31.74,19500
59.01,12679.1,31.65,19500
58.45,12668.8,31.69,19400
58.51,12621.7,31.71,19400
58.35,12576.8,31.63,19450
57.09,12513.5,31.77,19450
56.76,12638.2,31.61,19350
56.2,12729,31.65,19350
56.28,12698.2,31.68,19300
56.45,12671.2,31.86,19400
55.83,12680.9,31.85,19450
57.22,12685.3,31.79,19600
57,12746.4,31.59,19600
55.95,12654.4,31.45,19650
55.46,12644,31.28,19600
57.17,12627.6,31.27,19600
56.84,12503.5,31.32,19550
57.24,12422.2,31.22,19650
55.94,12462.9,31.09,19700
54.48,12366.3,31.15,19400
53.96,12252.9,31.34,19400
53.35,12345.5,31.4,19350
52.47,12409,31.32,19350
52.59,12315.5,31.43,19300
53.94,12312.3,31.21,19300
54.86,12223,31.26,19400
55.32,12130,31.31,19400
54.01,12080.4,31.3,19500
54.28,12040.7,31.23,19450
53.24,12106.4,31.26,19450
52.12,12006.2,31.46,19400
53.56,12044.5,31.53,19350
53.17,12075.4,31.52,19150
52.45,12070.9,31.72,19200
52.95,11873.8,31.69,19250
53.73,11885,31.78,19200
52.23,11798,31.8,19300
52.3,11783.5,31.77,19300
52,11806.8,31.7,19400
50.78,11731.5,31.91,19450
51.73,11681.9,31.92,19450
52.28,11539.4,31.9,19450
52.18,11304.4,31.94,19450
48.73,11345.7,31.96,19450
48.3,11238.8,31.96,19450
46.9,11343.9,31.96,19600
46.26,11081.9,32.25,19600
45.8,10801.5,32.27,19550
45.44,10976.2,32.05,19550
46.58,11199.3,32.53,19500
42.85,11338.4,32.58,19500
45.45,11540.2,32.64,19400
46.25,11594.1,32.62,19350
47.39,11716.1,32.65,19250
45.93,11845.4,32.75,19250
49.16,11976.3,32.72,19250
51.25,11983,32.8,19150
52.83,11982.8,32.83,19200
51.2,11922.7,32.77,19200
51.95,12156.8,32.77,19250
50.89,12043.4,32.85,19250
51.76,12555,32.89,19150
52.93,12602.9,32.84,19200
53.13,12373,32.85,19050
52.45,12385,32.74,19000
51.27,12225.7,32.8,19000
50.31,12135.4,32.97,18950
52.09,12111.2,32.91,18950
51.54,12034.7,32.9,19050
50.62,12108.7,33.05,19050
54.66,12158,33.03,19100
53.39,12388.1,33.08,19000
57.39,12329.4,32.97,18950
56.72,12215.2,32.97,18950
56.58,12398.9,32.94,18900
56.02,12358.9,32.87,18750
55.27,12517.7,32.96,18700
58.88,12566.3,32.96,18800
60.7,12564.8,32.96,18900
60.75,12414,33.17,19000
61.74,12364.4,33.06,19100
62.7,12208.1,32.97,19150
62.99,12198.6,32.93,19100
64.88,11961.6,32.93,19000
66.32,12084.5,32.85,19150
66.68,12006.8,33.11,19250
67.55,12023.5,33.27,19250
66.95,12274.4,33.28,19150
66.36,12474.1,32.99,19150
66.17,12469.7,32.93,19050
69.41,12570.7,32.93,18850
68.68,12612.2,32.86,18850
70.03,12425.7,32.55,18800
72.17,12952.1,32.62,18800
71.72,12970.2,32.53,18850
70.99,12955.7,32.5,18750
74.66,13043.5,32.65,18450
74.21,13089.2,32.95,18500
74.4,13146.3,32.92,18550
74.67,13071.4,32.78,18500
76.18,13112,32.7,18400
73.29,13164.8,32.51,18150
72.18,13203.9,32.32,18150
72.01,13235.2,32.42,18350
72.09,13243.4,32.44,18400
72.25,13183.7,32.4,18350
71.14,13105.1,32.42,18350
70.2,13044.9,32.39,18500
71.39,13059.2,32.35,18450
69.71,13042.4,32.41,18450
68.8,13022.6,32.56,18450
68.93,12896.8,32.6,18450
68.79,12952.1,32.67,18550
70.24,12898.4,32.61,18550
67.53,12944,32.71,18500
67.82,12976,32.83,18550
67.88,13007.4,32.79,18600
69.43,13094.8,32.8,18500
69.89,13098.9,32.81,18550
70.06,13125.3,32.68,18600
69.71,13043.4,32.72,18600
68.54,12968.8,32.78,18550
68.93,12978.6,32.7,18550
68.57,13007.6,32.58,18550
67.9,12998,32.56,18400
68.07,12930.1,32.59,18500
66.08,12839.7,32.9,18450
66.62,12784.8,32.69,18500
65.91,12752.5,32.65,18600
65.47,12792,32.93,18500
64.95,12868.1,33.17,18450
66.62,12995.9,33.17,18800
67.42,12939.8,33.32,18850
66.74,12893.9,33.29,19050
69.09,12818.6,33.36,19050
68.65,12949.9,33.25,19100
68.99,12903.4,33.22,19050
67.86,12929.8,33.24,19100
68.43,12836.4,33.3,19150
70.05,12836.6,33.15,19200
69.38,12788.5,33.2,19300
68.77,12778.2,33.3,19300
67.8,12786.4,33.24,19350
68.17,12786.3,33.37,19400
69.39,12731.5,33.45,19250
69,12758.5,33.32,19300
67.61,12744.8,33.48,19350
68.03,12746.7,33.3,19500
70.52,12738,33.33,19550
70.38,12712.3,33.26,19550
70.6,12578.9,33.3,19600
74.2,12553.8,33.2,19650
73.87,12542.3,33.32,19650
73.16,12430.7,33.17,19650
74.23,12537.2,33.13,19650
74.08,12412.2,33.2,19500
73.62,12528.4,33.16,19550
73.33,12501.3,33.16,19550
72.27,12585,32.99,19550
70.68,12653.3,33.15,19550
68.21,12620.4,33.05,19700
68.75,12676.4,33.03,19750
65.93,12708.6,32.94,19700
65.34,12660.7,32.92,19650
65.11,12727.4,32.9,19700
65.82,12812.1,32.81,19750
64.4,12856.1,32.75,19750
67,12861.7,32.68,19850
66.62,12845.1,32.62,19650
66.01,12778.2,32.21,19650
66.05,12797.9,32.14,19650
65.56,12696.5,32.09,19650
65.98,12606.2,32.07,19600
65.07,12514.3,32.01,19500
65.51,12646.6,32.02,19550
65.71,12715.3,31.92,19550
68.24,12701.6,31.94,19650
66.85,12832.2,32.02,19700
70.65,12771.6,32.1,19650
71.83,12735.1,31.99,19600
72.11,12741.5,32.11,19550
72.53,12710.6,32,19550
71.47,12711.9,32.17,19600
71.6,12791.9,32.19,19550
71.56,12748.9,32.09,19550
71.02,12660.2,32.03,19600
71.15,12565.2,32.12,19750
70.54,12493.4,31.91,19850
71.45,12335.4,31.88,19850
71.23,12395.5,31.97,19900
70.05,12486.1,32.13,19800
69.85,12490.2,31.94,19700
68.5,12615.4,31.73,19600
67.68,12567.7,31.62,19600
67.49,12539.6,31.77,19550
68.15,12491.4,31.7,19650
68.21,12659.9,31.57,19700
68.03,12618.1,31.49,19700
67.75,12670.9,31.61,19700
68.95,12714.6,31.53,19750
68.22,12737.1,31.46,19750
68.26,12680.4,31.54,19800
68.75,12559,31.34,19850
66.68,12380.6,31.23,19800
66.42,12412.9,31.21,19800
66.75,12511.6,31.21,19850
63.3,12512.4,31.22,19650
62,12218.9,31.12,19650
63.6,12356.2,31.28,19600
63.59,12325.3,31.25,19600
64.69,12466.4,31.26,19600
64.7,12327.1,31.22,19800
65.53,12413.6,31.19,19850
65.9,12574.2,31.31,19800
64.28,12663.7,31.22,19700
65.5,12663.2,31.13,19550
63.72,12755.5,31.18,19350
62.1,12752.7,31.32,19400
62.23,12788.2,31.17,19350
61.19,12874.5,31.2,19400
60.95,12938.5,31.19,19500
60.87,12930.4,31.22,19550
61.37,12725.2,31.21,19550
62.1,12634,31.16,19550
60.27,12498.5,31.24,19550
61.33,12644.4,31.3,19650
62.3,12852.1,31.34,19700
61.55,12986.9,31.33,19650
62.79,12922.2,31.31,19600
64.06,12766.1,31.42,19750
63.6,12732.8,31.43,19750
62.6,12777.4,31.5,19750
61.34,12817.1,31.48,19750
61.63,12826.9,31.28,19800
61.63,12817.2,31.4,19900
61.45,12515.5,31.5,19950
60.71,12512.3,31.55,19950
58.98,12701.9,31.52,19750
59.35,12697,31.41,19750
61.7,12974.2,31.3,19700
63.92,13294.4,31.34,19750
65.1,13416.8,31.47,19750
65.99,13441.2,31.65,19900
64.76,13592.8,31.66,19900
64.03,13547.3,31.51,19850
65.53,13548.9,31.47,19850
66.18,13520.1,31.32,19950
65.25,13461.9,31.41,20050
65.88,13388.3,31.43,20150
64.42,13343,31.35,20050
63.88,13341.8,31.45,20050
63.61,13282.5,31.54,20050
63.74,13343.8,31.82,20000
64.07,13106.6,31.84,20000
63.89,13108.2,31.84,20150
64.43,13123.8,31.92,20150
63.5,13096.6,31.95,19950
63.41,12860.9,31.93,19950
61.61,12878.4,31.93,20050
61.9,12839.5,32.16,20050
60.39,12808.9,32.27,20150
59.91,12794.1,32.23,19950
59.53,12804,32.16,19900
59.79,12771.2,32.58,19850
58.4,12782.6,32.69,19750
58.21,12803.2,32.81,19550
58.02,12760.5,32.77,19550
57.66,12650.1,32.76,19500
57.3,12706.8,32.72,19500
57.37,12709.1,32.72,19300
57.15,12680.7,32.75,19250
56.7,12517.7,32.64,19300
57.45,12550.2,32.51,19150
58.02,12635.7,32.51,19200
56,12685.8,32.53,19500
57.45,12636.7,32.6,19500
58.32,12596.4,32.61,19700
57.42,12529.5,32.63,19700
57.41,12412.1,32.62,19750
57.73,12421.3,32.6,19900
57.86,12423.7,32.59,19950
58.95,12406.1,32.65,19900
58.05,12352.6,32.57,19900
57.12,12306.7,32.59,19800
56.38,12281.3,32.62,19850
56.69,12258.8,32.68,20000
55.25,12222.1,32.68,19900
55.3,12316.8,32.76,19900
55.06,12281.2,32.82,19950
56.72,12324.4,32.83,19950
56.9,12326.3,32.91,19950
57.02,12361.2,33.01,20050
56.85,12398.8,33.05,20000
56.96,12383.9,33.07,19950
57.27,12333.8,33.07,20000
54.65,12349.4,33.1,19900
54.08,12339.6,33.12,20000
54.16,12406.2,33.14,19950
52.8,12406,33.1,19950
52.56,12408,33.24,20000
51.89,12336.1,33.23,20050
51.42,12371.3,33.22,20100
52.05,12355.2,33.23,20000
51.94,12366,33.18,20150
51.93,12347.2,33.2,20200
51.43,12329.6,33.11,20300
50.94,12298.1,33.15,20200
49.55,12274.7,33.12,20250
49.88,12209.2,33.06,20050
50.16,12179.3,33.05,20050
50.59,12147.6,33.25,20100
51.64,12154.5,33.37,20100
51.58,12142.1,33.35,20250
52.05,12144.1,33.39,20200
52.09,12134.5,33.42,20350
52.12,12140.2,33.31,20450
50.68,12137.5,33.4,20200
50.73,12126.2,33.31,20250
50.72,12094.8,33.21,20350
49.84,12065.3,33.1,20450
49.91,12042.5,33.07,20400
49.85,12049.7,33.1,20600
49.72,11943.5,33.1,20750
49.31,11874,33.08,20650
48.34,11859.3,33.09,20750
47.58,11894.9,33.1,20900
49.09,11898,33.06,21000
48.59,11833.9,33.14,20900
47.28,11783.4,33.11,20850
47.08,11733.8,33.12,20600
45.95,11831,33.07,20400
46.31,11804.9,33.17,20550
46.86,11806.9,33.16,20600
47.89,11770.6,33.18,20250
47.62,11743.4,33.2,20250
48.36,11700.1,33.19,20250
47.64,11702,33.18,20150
47.45,11839.9,33.25,20200
48.72,11868.2,33.34,20150
46.93,11861.2,33.35,20150
46.8,11754.4,33.24,20150
47.72,11906.6,33.25,20000
47.49,11987.8,33.22,20000
48.52,11968.5,33.25,20100
49,11979.1,33.27,19850
49.31,11976.2,33.3,19800
49.59,11977.9,33.26,19850
48.8,11983.8,33.24,19900
49.85,11973.1,33.27,19950
48.7,11918.5,33.29,19800
48.51,11944.5,33.25,19750
46.46,11956.3,33.29,19750
45.62,11894.3,33.37,19750
46.91,11878.8,33.41,19700
47.09,11894.7,33.47,19650
46.25,11844,33.4,19700
45.99,11832.8,33.44,19600
46.68,11794.4,33.56,19600
46.08,11748.2,33.61,19500
45.44,11713.7,33.58,19600
45.74,11766.1,33.62,19550
44.58,11801.5,33.77,19550
45.35,11777.6,33.94,19650
45.65,11835.5,33.95,19700
46.28,11771.1,34.08,19900
44.89,11765.8,34.12,20000
44.89,11761.5,34.07,20050
43.7,11716.6,34,20050
43.49,11704.1,33.99,19950
43.16,11742.5,33.93,20100
42.8,11801.2,33.99,20100
42.55,11801.8,33.96,20100
43.38,11745.3,33.97,20000
44.11,11703.2,33.97,20000
44.68,11810.9,33.94,20050
44.25,11770.1,33.98,20100
44.69,11749.4,34.01,20250
45.94,11678.9,34.02,20300
46.01,11677.8,33.97,20350
45.8,11661.9,33.94,20400
45.71,11702.1,33.96,20500
47.98,11616.2,33.9,20700
47.4,11610.9,33.91,20550
48.04,11607,34.06,20350
48.63,11625.3,34.06,20400
49.65,11641.4,34.08,20300
49.93,11605.3,33.96,20400
48.75,11602.4,34,20250
51.25,11574.8,34.16,20350
51.44,11475,34.04,20350
51.04,11392.9,34.14,20450
50.6,11523,34.12,20300
49.28,11635,34.14,20350
48.93,11547.4,34.33,20450
48.23,11571.7,34.43,20200
48.82,11602.4,34.32,20100
47.85,11607.3,34.28,20100
47.81,11554.1,34.51,20100
46.49,11544.1,34.48,20100
45.51,11550.4,34.48,20100
47.6,11579.3,34.54,20300
49.27,11601.3,34.65,20650
49.22,11594.7,34.77,20600
49.36,11573.7,34.65,20550
49.22,11515,34.62,20650
49.68,11419.5,34.55,20700
50.71,11375.7,34.59,20750
50.63,11402,34.58,20750
52.36,11426.8,34.49,20800
52.75,11351.7,34.42,20800
52.97,11460.2,34.36,20850
53.4,11456.2,34.38,20750
52.31,11454.1,34.4,20500
51.7,11501.6,34.39,20700
51.18,11463.8,34.33,20400
50.24,11495.3,34.28,20350
50.32,11497.8,34.36,20200
49.6,11494.9,34.55,20350
48.47,11463.7,34.62,20350
47.89,11403.7,34.47,20350
48.12,11341.3,34.35,20400
47.67,11440.9,34.44,20350
48.15,11410.5,34.41,20350
48.16,11406.6,34.44,20400
47.93,11598.6,34.37,20150
48.7,11582.7,34.55,20200
48.79,11614.9,34.59,20250
49.01,11619.1,34.55,20250
48.76,11490.3,34.72,20000
48.45,11479,34.65,20050
48.45,11507.2,34.85,20050
49.61,11510.9,34.92,20000
52.79,11511.8,35.08,20200
53.17,11547.8,35.32,20300
52.58,11575.9,35.29,20400
53.69,11633.6,35.33,20550
53.95,11528.9,35.37,20600
54.04,11531.4,35.14,20600
54.02,11556.1,35.07,20650
54.33,11587,35.05,20550
53.91,11544.2,34.99,20400
54.26,11517.9,34.84,20400
53.48,11468,34.91,20400
53.47,11519.3,34.97,20400
53.01,11469.1,35.03,20400
53,11419.1,35.03,20300
52.91,11347.9,35.02,20300
53.15,11222.1,35.01,20250
51.64,11278.4,35.03,20400
53.81,11268,35.02,20200
53.68,11196.1,35.06,20100
53.57,11195.5,35.06,20050
52.76,11228.4,35.04,20050
52.6,11311.3,35.02,19900
53.15,11335.7,35.07,19850
53.74,11297.4,35.1,19800
52.96,11183.6,35.22,19950
52.95,11178.4,35.25,20150
52.86,11175.5,35.34,20200
53.33,11195.8,35.2,20250
51.45,11187.3,35.25,20100
51.39,11209.7,35.26,20100
52.52,11218,35.42,20200
52.55,11213.9,35.4,20100
53.05,11181.9,35.42,19950
52.37,11209.7,35.27,19950
50.81,11235.4,35.41,19950
53.75,11138.9,35.35,19850
53.73,11094.8,35.49,19850
53.39,11071.1,35.56,19800
53.87,11148.3,35.72,19600
53.66,11153.6,35.7,19500
53.93,11111.5,35.8,19400
53.29,11127.8,35.91,19300
52.68,11170.4,36.01,19250
52.52,11145.3,36.01,19250
53.56,11127,35.97,19300
52.11,11152.2,36,19300
52.15,11087.1,35.98,19250
51.1,11214,36.01,19150
50.79,11216.8,35.87,19300
52.45,11153.1,35.86,19500
52.51,10977.4,35.77,19550
50.92,10890.1,35.67,19650
49.88,10829,35.57,19800
50.93,10860.4,35.58,19700
51.01,10872.4,35.64,19800
49.07,10798.9,35.61,19700
45.24,10857.5,35.59,20050
46.88,10854.7,35.67,20000
45.43,10772.6,35.7,20050
47.97,10793.3,35.67,19800
47.94,10753.2,35.57,20350
48.37,10725.3,35.65,20400
45.83,10717.9,35.67,20350
44.93,10705.5,35.51,20300
45.37,10680.4,35.53,20500
45.77,10660.5,35.56,20550
43.76,10644.6,35.48,20500
43.2,10679,35.5,20400
44.35,10462.8,35.44,21000
45.31,10416.3,35.49,21300
44.97,10308.3,35.41,21200
44.45,10350.6,35.3,21350
44.63,10390,35.04,21450
45.48,10508,34.99,21400
46.32,10476.9,34.98,21300
46.77,10495.3,34.98,21050
48.25,10561.5,34.95,21050
49.61,10506,35.03,21050
49.22,10575.2,35.03,20950
49.31,10545.1,35.01,21000
50.49,10587.8,35.13,20900
50.66,10580.5,35.03,20950
51.4,10578.9,34.88,20950
50.77,10516.3,35.03,20850
50.04,10579.8,35,20900
50.23,10487.6,34.83,20950
50.58,10656.2,35,20950
50,10671.2,35.23,21150
51.1,10664.5,35.33,20900
49.57,10666.4,35.36,20800
49.65,10721.9,35.67,20850
49.26,10679.1,35.13,20900
48.04,10742.1,34.87,21550
47.76,10665.6,34.81,21650
47.2,10600.1,34.74,21650
44.96,10675.2,34.6,21650
45.62,10793.7,34.65,21800
44.62,10769.4,34.57,21850
46.07,10605.1,34.58,21800
45.62,10608.6,34.57,21800
44.5,10533.4,34.66,21600
43.13,10554.1,34.6,21650
43.18,10501.3,34.67,21650
43.71,10533.7,34.75,21650
43.7,10644.5,34.8,21800
45,10563.7,34.9,21800
46.06,10799.1,34.9,21900
45.57,10880,34.87,21850
47.36,10879.6,34.93,21950
46.12,10830.5,34.85,22000
44.15,10780.2,34.88,21750
43.55,10817.3,34.76,21450
46.24,10753.5,34.63,21500
46.98,10808.4,34.73,21600
47.22,10780.7,34.63,21550
47.37,10845.2,34.59,21600
46.8,10857.9,34.57,21700
47.59,10798.1,34.56,21850
47.39,10822.5,34.66,21850
48.4,10823.8,34.53,21900
48.33,10803.7,34.63,22000
46.9,10843.4,34.63,22100
46.37,10838.3,34.66,22000
45.59,10827.9,34.64,21950
44.74,10775.1,34.54,22000
41.48,10797.4,34.63,22050
42.83,10789.9,34.6,22000
41.99,10697.2,34.58,22100
41.16,10660.9,34.77,22350
39.7,10729.1,34.71,22350
40.08,10768.8,34.77,22150
41.35,10734.1,34.98,22150
41.12,10727.9,35.06,22000
41.93,10782.3,34.99,22000
42.66,10754.9,34.76,21800
43.07,10787.6,34.77,21800
44.2,10764.3,34.77,21750
44.6,10784.7,34.85,21900
45.65,10758.6,34.94,21750
44.59,10808.9,34.98,22000
45.52,10806.2,35.02,22000
45.14,10743.2,34.96,22250
46.58,10685.6,34.95,22150
44.58,10606,35.03,22500
45.07,10461.1,35.01,22700
47.88,10356.2,35.03,22700
46.83,10495.1,35.2,22650
49.55,10374.6,35.22,21850
48.06,10254.9,35.15,21950
46.59,10073.1,35.13,22000
47.81,10084.5,35.22,22100
50.3,10335.9,35.18,21300
49.08,10573.5,35.03,21000
50.22,10507.9,35.12,21100
49.14,10481.2,35.1,21400
48.29,10456.9,35.2,21350
45.99,10343.6,35.29,21350
47.45,10237.9,35.29,21550
47.9,10294.7,35.12,21400
48.52,10310.1,35.17,21250
48.85,10400.1,35.22,21150
50.47,10501.6,35.19,21050
51.45,10581.2,35.21,20850
49.71,10620.2,35.29,20700
48.88,10554.6,35.24,20700
48.82,10508.5,35.28,20500
49.54,10385.9,35.17,20450
49.31,10479.9,35.28,20450
49.7,10438,35.14,20700
49.09,10462.3,35.1,20750
48.08,10399.1,35.24,21050
48.46,10275.8,35.36,21100
47.87,10238,35.77,21200
48.53,10189.8,35.75,21400
47.9,10230,35.6,21300
46.28,10312.7,35.65,21300
46.41,10243.2,35.75,21100
46,10305.9,35.67,21150
43.25,10391.9,35.68,21000
45,10323.3,35.68,21300
43.85,10302.7,35.49,21200
45.9,10432.2,35.41,20950
45.3,10450.1,35.43,20600
44.64,10480.2,35.32,20600
42.96,10521.2,35.24,20550
43.75,10528.5,34.95,20450
43.42,10492.6,34.91,20650
43.97,10487.8,34.99,20600
40.8,10464.2,35.11,20600
40.04,10524.5,35.12,20350
38.75,10517.1,35.06,20450
39.72,10463.6,35.07,20650
37.52,10315.6,35.08,20500
37.76,10154.1,34.86,20350
35.5,10108.7,34.82,20400
36.61,10113,34.94,20200
38.14,10104.8,35,20400
38.3,10227.1,35.11,20400
38.52,10132.6,35.17,20600
39.32,10236.8,35.25,20350
39.55,10245.9,35.16,20200
39.73,10071.4,35.13,20300
41.19,10105.1,35.23,20500
41.59,10032.9,35.33,20500
39.06,10171.4,35.33,20650
40.25,10169.9,35.3,20750
38.59,10204.7,35.2,20600
36.74,10216.6,34.94,20400
37.37,10101.6,34.91,20400
38.17,9986.5,34.91,20800
37.99,10005.6,34.74,21200
38.17,10073.3,34.88,20850
37.94,9988.3,35.11,21200
34.73,9954.2,35.08,20750
33.89,9906.8,35,20650
32.72,9952.2,35.23,20650
33.04,9828.3,35.27,20800
32.19,9746.4,35.4,20750
31.28,9626.9,35.53,20650
33.34,9615.2,35.58,20500
30.6,9668.3,35.71,20600
31.35,9534.7,35.65,20250
29.14,9411.3,35.64,20200
29.08,9582.8,35.72,20200
27.3,9465.2,35.73,20550
27.34,9532.9,35.57,20000
30.17,9426.8,35.58,19950
30.97,9317.9,35.63,19500
31.64,9092.9,35.64,19350
29.75,9092.9,35.2,19000
31.37,9221.8,35.28,18900
33.7,9132,35.52,18800
32.19,9294.9,35.55,18900
30.55,9471.8,35.83,18900
29.81,9533,35.57,18800
32.05,9578.9,35.8,18650
29.84,9439.3,35.83,18750
28.35,9374.8,35.84,18800
28.33,9403.9,35.91,18650
29.2,9295.3,36.02,18650
31.18,9393.5,36.21,18500
30.6,9343.1,36.25,18700
30.54,9164.2,36.28,18550
31.11,9214.9,36.31,18750
32.94,9378.9,36.3,18900
33.3,9387.5,36.28,18800
34.09,9405.4,36.28,18800
36.18,9619,36.25,18400
37.6,9591.3,36.3,18150
37.36,9575.2,36.24,18250
36.7,9692.8,36.12,18250
38,9751.4,36.05,18250
37.86,9907.4,36.06,18250
36.47,10020,36.07,18250
35.8,10186.4,36.03,18350
34.58,10277.5,36.05,18200
34.87,10270.4,36.07,18050
35.8,10226,36.12,18150
36.79,10266.1,36.13,18050
36.32,10180.6,36.16,18150
35.4,10052.3,35.93,18300
36.63,10017.1,35.96,18150
37.68,10073,36.09,18100
40.15,10267.8,36.12,17850
41.69,10164.8,36.05,18050
41.73,10057.3,35.96,18100
41.77,9977.8,35.84,17900
43.25,10074.1,35.75,18100
42.69,10165.5,35.8,18200
42.04,10415.6,35.87,18150
41.49,10501.1,35.72,18150
40.54,10447.1,35.74,18300
40.72,10455.5,35.84,18300
41.11,10442.6,35.73,18200
41.96,10449.7,35.76,18400
40.92,10379.3,35.96,18500
41.61,10433.6,35.99,18350
43.05,10460.2,35.97,18400
43.63,10426.1,35.9,18500
44.52,10285.4,35.85,18500
45.41,10320,35.84,18650
46.57,10143.4,35.87,18650
46.11,10206.5,35.82,19050
46.43,10335,35.53,19150
45.74,10454.1,35.53,19300
46.06,10486.7,35.57,19550
43.44,10525.6,35.62,19550
43.78,10563.9,35.66,19500
44.74,10556.4,35.64,19550
45.27,10474.6,35.51,19550
45.88,10509.1,35.46,19650
46.25,10504.4,35.54,19550
47.27,10428,35.67,19550
46.87,10420.8,35.42,19600
46.28,10495.9,35.45,19600
46.69,10342.8,35.27,19700
47.46,10403.7,35.16,19350
49.51,10377.2,35.33,19400
49.69,10385.5,35.63,19250
48.11,10407.3,35.35,19400
49,10259.5,35.76,19600
46.2,10267.5,35.89,19450
45.07,10298.6,36.24,19200
44.92,10376.7,36.26,19300
44.5,10238.1,36.48,19450
45.38,10212.4,36.43,19550
45.05,10167.5,36.35,19650
44.62,9755.8,36.17,19350
46.54,9698.9,36.23,19100
46.45,9612.6,36.21,19200
44.97,9803.4,36.05,19150
46.89,9913.6,35.81,19050
47.13,9813.2,35.67,18950
45.16,9923.7,35.76,18750
44.11,9970.3,35.85,18800
44.78,10049.4,35.91,18850
45.71,10118.2,36.01,18900
44.16,10217,36.06,18900
45.79,10139.1,36.02,19050
46.68,10008.6,36.19,19000
46.11,10026.5,36.02,19150
44.26,9987.5,35.96,19200
48.1,9985,35.83,19200
45,10193,35.74,19150
42.68,9955.4,35.74,19000
38.96,10044.4,35.83,18950
39.69,9963.1,35.83,19100
38.18,10176.5,35.63,19400
40.3,10198.3,35.61,19550
41.03,10199.2,35.52,19500
40.58,10044.4,35.66,19000
42.41,9692.4,35.66,18750
41.88,9790.1,35.57,18700
42.18,9864.3,35.53,18550
42.23,10402.3,35.52,18500
43.34,10618.4,35.52,18600
43.58,10742.3,35.25,18100
44.82,10799.5,35.13,18050
45.16,10743.6,35.28,18000
45.96,10736.4,35.32,18000
45.35,10779.4,35.16,18000
48.47,10725.9,35.11,18000
47.81,10804.8,35.17,18050
47.02,10779.5,35.11,18000
48,10851.3,35.06,18050
48.79,10874.2,35.15,17800
49.23,10849.1,34.84,18000
50.71,10908.3,34.87,17950
49.95,10795.2,34.87,18000
50.76,10698.9,34.79,18000
50.91,10688.9,34.69,18500
51.62,10830.8,34.42,18500
53.4,10918.1,34.47,18550
52,10897.1,34.23,18550
52.15,10960.4,34.21,18650
52.48,10991.3,34.17,18600
51.83,11010.8,34.03,18550
52.91,11013.3,34.01,18550
52.75,10989.4,33.92,18650
58.27,10944,33.94,18750
58.84,10853.9,33.98,18850
59.66,10689.5,33.84,18750
60.22,10755.6,33.78,18750
61.14,10765,33.76,18750
60.21,10844.5,33.8,18850
59.44,10859.1,33.76,19000
60.5,10941,33.76,19050
59.78,11048.6,33.75,18800
60.03,11078.6,33.69,18750
59.6,11132.4,33.63,18800
59.9,11146.6,33.63,18800
61.14,11104.7,33.59,18800
60.58,11080.3,33.67,18750
58.96,11032.5,33.66,18750
57.99,11009.5,33.8,18750
59.57,10940.5,33.59,18800
61.02,10942.5,33.7,19000
60.18,11072.5,33.85,18900
57.97,10960.1,33.71,18900
57.63,10975.2,33.7,18950
58.32,10982,33.67,18950
60.05,11101.9,33.66,19100
60.66,11057.1,33.77,19050
58.81,11081.7,33.77,19150
58.32,11116.2,33.71,19150
59.54,11128.8,33.58,19250
59.85,11076.3,33.39,19300
59.67,11197.6,33.6,19250
60.1,11213.9,33.5,19150
61.23,11212.5,33.4,18900
59.43,11221.4,33.51,18800
59.02,11214.4,33.45,18700
60.72,11207,33.49,18750
58.55,11203,33.72,18650
56.93,11164,33.53,18600
56.65,11131.5,33.51,18450
57.3,11182.1,33.34,18200
57.53,11138.6,33.01,18250
56.28,11082.1,32.82,18150
56.34,11075,32.63,18350
56.41,11116.7,32.59,18300
56.16,11162,32.57,18400
56.56,11165.1,32.43,18350
55.92,11226.4,32.38,18450
51,11199.9,32.37,18400
53.18,11128.1,32.4,18550
49.59,11113.2,32.28,18400
48.73,11115.8,32.39,18250
48.57,11058.5,32.43,18400
51.01,11113.5,32.55,18450
49.02,11171.5,32.54,18400
47.72,11028.8,32.39,18250
47.46,11038.5,32.48,18200
46.41,10936.8,32.59,18200
43.99,10897.7,32.5,18100
44.6,10914,32.54,18100
42.51,10919,32.53,17900
43.84,10860.6,32.49,17950
44.81,10877.2,32.52,18000
46.93,11037,32.57,17950
48.44,11072,32.72,17900
48.77,11089.7,32.69,17950
49.6,10932.5,32.92,18000
50.89,10976.8,32.91,18350
49.8,10846.4,32.96,18300
49.45,10843.7,32.82,18650
48.97,10787.5,32.85,18500
51,10784.1,32.71,18550
49.16,10734.7,32.53,18550
49.42,10686.6,32.43,18500
50.75,10846,32.33,18500
51.24,10964.2,32.39,18600
50.55,11090.8,32.37,18700
53.24,11053.7,32.52,18600
52.75,11078.5,32.54,18950
51.35,11111.8,32.55,18900
49.42,11119.6,32.57,18850
50.98,11082.1,32.54,19050
52.43,11091.5,32.55,19100
52.01,11025.3,32.57,19100
50.86,11027,32.59,19450
51.67,11054.5,32.61,19400
49.79,11042.8,32.63,19550
47.59,11009.9,32.62,19750
44.63,10924.2,32.58,19500
44.43,10883.9,32.63,19700
45.83,10860.7,32.6,19850
45.13,10831,32.6,19650
45.2,10903.3,32.56,19900
46.63,10803.5,32.73,19950
47.35,10721.6,32.78,19850
46.69,10568,32.55,19950
48.69,10636,32.49,19700
46.35,10617.9,32.55,19400
48.6,10797.2,32.5,19000
46.16,10793,32.59,19050
45.69,10787.3,32.56,19100
48.19,10854.2,32.69,18950
48.92,10753.6,32.58,18750
48,10646,32.76,18850
50,10682,32.75,18700
52.61,10508.6,32.8,18550
53.72,10606.6,32.86,18450
55.05,10622.6,32.85,18550
55.86,10640.7,32.87,18350
56.8,10712.6,32.94,18300
55.39,10811.8,32.91,18300
57.75,10963.5,32.79,18550
55.5,10974.9,32.91,18600
55.83,10975.3,32.88,18550
55.5,10962.2,32.87,18650
55.4,10935.7,32.87,18650
57.07,10890.2,32.9,18850
59.17,10835.3,32.97,18950
61.12,10709.5,32.96,19000
63.01,10411.5,32.8,18700
65.46,10386.1,32.8,18600
67.6,10535.5,32.77,18600
69.24,10690.1,32.98,18650
73.5,10671.1,32.88,18400
73.87,10863.6,32.84,18550
75.51,10957.4,32.76,18550
76.62,10942.7,32.77,18550
76.29,10888.4,32.77,18450
74.25,10993.1,32.8,18300
74.23,11036.8,32.74,18450
75.49,11053.3,32.78,18300
75.93,11038.9,32.83,18350
74.36,10938,32.74,18000
76.95,10888.1,32.79,18000
77.5,10938.6,32.83,18050
77.18,10896.6,32.76,17900
77.86,10859.8,32.82,17750
78.87,10861.5,32.82,17750
78.22,10884.1,32.8,18000
80.59,10907.5,32.76,18000
81.04,10892.5,32.65,18400
81.93,10824.1,32.67,18650
81.55,10781.1,32.56,18850
80.64,10834.4,32.55,18850
81.27,10772.9,32.51,18800
81.95,10626.1,32.41,18850
82.55,10690.3,32.41,19000
82.76,10576.9,32.36,18950
83.13,10547.7,32.35,18900
83.18,10529.3,32.25,18950
81.06,10502.1,32.25,19000
82.32,10370.7,32.38,18850
84.98,10227.2,32.39,18850
85.2,10212.9,32.41,18850
84.39,10004.8,32.47,18700
87.73,10083.9,32.4,18750
90.45,10194,32.41,18550
89.77,10317.5,32.41,18300
91.38,10397.4,32.53,18600
90.74,10615,32.57,18600
91.36,10605.3,32.61,18500
94.34,10671.7,32.43,18600
93.35,10579.5,32.42,18600
92.47,10557.3,32.42,18650
92.89,10688.6,32.38,18500
91.72,10745,32.28,18600
90.7,10727.8,32.29,18550
92.22,10732.3,32.18,18450
92.97,10863.6,32.23,18650
93.97,10818.8,32.25,18700
94.71,10861.2,32.17,18850
92.81,10978.6,32.21,18850
92.13,11046.4,32.31,18750
93.05,10998.4,32.17,18750
92.79,10993.2,32.24,19050
93.11,10890.5,32.17,19050
94.57,10909.9,32.17,19150
95.07,10965.3,32.06,19250
92.3,10946.7,32.04,19150
92.58,10994.1,32.07,19150
93.96,11019.9,32.03,19200
93.6,11070.2,31.91,19350
94.56,11023.8,31.93,19450
93.75,10999.7,31.88,19350
93.88,11042.1,31.91,19350
93.36,11016.4,31.95,19250
93.34,10976.7,31.93,19350
93.89,10973,31.96,19300
93.49,10958.1,32,19500
94.7,10909.3,31.91,19500
96.56,10901,31.82,19550
97.1,10824.3,31.84,19550
95.5,10833.5,31.82,19750
97.3,10756.3,31.94,19750
97.2,10731.9,32.07,19800
97.64,10709.1,32.07,20000
96.89,10591.1,32.23,19800
98.41,10677,32.16,19550
97.67,10728.9,32.13,19600
97.7,10692.2,32.13,19500
99.47,10699.8,32.17,19550
101.03,10866.3,31.94,19550
101.6,10958,31.82,19600
101.87,11005.3,31.79,19550
102.04,10984.4,31.81,19450
103.2,11038.6,31.82,19550
101.96,11038.9,31.77,19650
104.58,11027.4,31.76,19750
102.97,10988.9,31.88,19850
103.72,10951.2,32.13,20000
101.49,10908.4,32.17,19750
100.21,10982.7,32.09,19700
100.93,11006.4,32.12,19850
100.46,10995.7,32.12,20300
101.95,10980.2,32.11,20200
103.39,10928,32.18,20150
104.06,10941.8,32.17,20150
104.27,11008.8,32.4,20250
105.21,11072,32.34,20250
105.69,11070.4,32.35,20150
105.64,11044.7,32.35,20150
106.71,11002.4,32.4,20150
106.14,10969.2,32.42,20150
106.02,10934.8,32.45,20150
107.42,10951.8,32.43,20050
106.6,10902.7,32.43,20050
106.11,10997.4,32.41,19500
106.6,11017,32.41,19500
106.59,11014,32.45,19450
106.88,10992,32.41,19550
106.84,10890.1,32.47,19500
104.3,10849.6,32.34,19350
104.46,10855.3,32.37,19200
102.44,10836.7,32.43,19300
102.37,10886.3,32.45,19200
102.44,10906.9,32.38,19250
102.92,10865.2,32.61,19350
103.51,10788.5,32.64,19500
103.06,10752.4,32.83,19400
104.14,10760.5,32.81,19500
104.34,10734.5,32.78,19850
103.71,10716.5,32.67,19850
103.85,10715.4,32.6,19800
102.96,10713.5,32.56,19850
102.6,10649.1,32.55,19900
102.13,10618.4,32.46,19850
101.56,10570.3,32.51,19850
102.03,10601.6,32.46,19950
101.91,10573.8,32.44,19850
100.12,10572.8,32.5,19850
100.27,10636.5,32.39,19800
100.82,10698.7,32.58,19750
99.38,10599.5,32.47,20000
99.17,10625.4,32.38,19600
100.76,10621,32.33,19750
100.89,10625,32.35,19750
100.49,10578,32.21,19850
101.93,10555.5,32.25,19750
101.54,10538.2,32.22,19650
101.86,10552,32.35,19650
104.36,10598,32.3,19600
104.54,10594.7,32.3,19550
103.84,10569.2,32.23,19800
103.76,10533.3,32.16,19800
103.34,10494.4,32.2,20100
102.35,10450.6,32.26,19950
100.69,10343.7,32.26,19900
100.38,10479.6,32.24,19750
99.29,10411.3,32.44,19800
99.64,10641.3,32.47,19600
101.69,10619.2,32.41,19850
101.34,10585.1,32.33,19850
100.3,10483.7,32.46,20050
99.18,10398.4,32.51,20200
99.43,10360.6,32.53,20150
99.49,10417.1,32.56,20300
98.59,10397.7,32.44,20400
100.39,10401.1,32.35,20350
99.53,10456.7,32.36,20600
97.97,10338,32.28,20700
99.39,10441.5,32.08,21050
98.25,10384.9,32.22,20950
98.1,10326.7,32.27,20950
99.48,10282.1,32.32,20700
100.94,10438,32.37,20450
102.75,10386.6,32.36,20400
101.97,10492.9,32.35,20500
101.04,10491.2,32.32,20400
104.89,10545.9,32.23,20700
103,10506.6,32.26,20650
102.15,10404.8,32.49,20500
102.57,10349.3,32.51,20450
102.04,10403.4,32.54,20550
102.8,10340.4,32.55,20450
102.29,10356.5,32.52,20300
102.87,10370.6,32.49,20250
103.41,10321.6,32.52,20200
103.14,10316.9,32.54,20250
100.32,10258,32.5,20200
100.27,10291.1,32.46,19850
100.46,10308.8,32.21,19800
100.05,10134,32.51,19600
97.97,10173.8,32.7,19500
97.25,10048.1,32.75,19450
97.67,9974.1,32.78,19400
96.53,9837.7,32.71,19500
97.97,9796.8,32.72,19400
97.42,9779.4,32.93,19650
97.17,9962.4,32.96,19450
95.66,10014.4,32.92,19550
96.9,10003.1,32.86,19700
97.37,9981.4,32.86,19500
96.69,10043.7,32.84,19200
95.2,10222.1,32.88,19300
94,10331.8,32.89,19400
94.17,10368.2,32.84,19200
94.29,10343.2,32.79,19250
92.65,10379.2,32.75,19200
91.51,10374.7,32.85,19400
92.83,10351,32.78,19500
92.3,10280.6,32.95,19150
92.58,10371.1,33.05,19150
93.96,10340.1,33.02,19200
93.6,10324.8,33.04,19350
