Date,Dollar_Index,World_Gold_Price,Dow_Jones_Avg,Set_Index,Thai_Five_Bond,Thai_Ten_Bond,Oil_Price,Usd_Thb,Spx,Xag_Usd,Rhodium,Eur_Usd,Nyse,Bvn,Us_Five_Year,Us_Ten_Year,Copper,Palladium,Y
44938.00,102.59,2019.79,37309.22,1391.03,2.66,2.76,71.43,34.90,4719.19,23.83,4390.00,1.09,16609.80,12.50,3.91,3.91,3.89,1202.40,23.83
44937.00,103.50,2036.07,35950.96,1380.18,2.78,2.98,75.96,35.31,4567.78,25.25,4490.00,1.09,16088.80,9.54,4.27,4.33,3.85,1020.40,25.25
44936.00,106.66,1983.01,33052.74,1381.83,2.81,3.23,81.02,36.14,4193.80,22.90,4440.00,1.06,14919.20,8.10,4.85,4.93,3.65,1126.10,22.90
44935.00,106.22,1848.58,33507.76,1471.43,2.43,3.17,90.79,36.51,4288.05,22.16,4090.00,1.06,15398.20,8.52,4.62,4.58,3.74,1256.00,22.16
44934.00,103.62,1939.74,34721.16,1565.94,2.40,2.60,83.63,34.98,4507.66,24.44,4090.00,1.08,16000.40,8.54,4.25,4.11,3.82,1225.20,24.44
44933.00,101.86,1964.19,35559.53,1556.06,2.34,2.57,81.80,34.21,4588.96,24.77,4090.00,1.10,16427.30,7.72,4.18,3.97,4.01,1275.60,24.77
44932.00,102.91,1919.57,34407.60,1503.10,2.26,2.52,70.64,35.27,4450.38,22.75,4490.00,1.09,15875.90,7.35,4.16,3.84,3.76,1222.00,22.75
44931.00,104.33,1962.30,32908.27,1533.54,2.15,2.56,68.09,34.64,4179.83,23.48,6890.00,1.07,14887.10,6.81,3.76,3.65,3.64,1359.00,23.48
44930.00,101.66,1989.65,34098.16,1529.12,2.07,2.51,76.78,34.12,4169.48,25.04,8840.00,1.10,15545.90,7.07,3.50,3.43,3.88,1496.03,25.04
44929.00,102.51,1967.90,33274.15,1609.17,2.22,2.38,75.67,34.16,4109.31,24.07,7890.00,1.08,15374.90,8.18,3.58,3.47,4.09,1478.50,24.07
44928.00,104.87,1827.15,32656.70,1622.35,2.02,2.56,77.05,35.22,3970.15,20.91,10190.00,1.06,15429.00,7.58,4.19,3.93,4.07,1420.90,20.91
44927.00,102.10,1927.88,34086.04,1671.46,2.04,2.47,80.11,32.84,4076.60,23.70,11990.00,1.09,16036.40,8.09,3.62,3.51,4.23,1667.70,23.70
44573.00,103.52,1824.40,33147.25,1668.66,2.32,2.52,80.47,34.61,3839.50,23.97,12240.00,1.07,15184.30,7.45,4.00,3.88,3.81,1806.70,23.97
44572.00,105.95,1768.45,34589.77,1635.36,2.78,2.62,80.56,35.11,4080.11,22.19,13290.00,1.04,15780.00,8.16,3.75,3.61,3.74,1866.00,22.19
44571.00,111.53,1633.12,32732.95,1608.76,3.05,3.12,86.53,38.05,3871.98,19.14,14090.00,0.99,14747.00,6.94,4.23,4.05,3.38,1844.30,19.14
44570.00,112.12,1659.67,28725.51,1589.51,2.06,3.11,79.49,37.77,3585.62,19.00,13990.00,0.98,13472.20,6.73,4.09,3.83,3.41,2187.80,19.00
44569.00,108.70,1710.70,31510.43,1638.93,2.35,2.48,89.55,36.52,3955.00,17.97,14090.00,1.01,14801.20,5.32,3.35,3.20,3.52,2078.90,17.97
44568.00,105.90,1765.22,32845.13,1576.41,2.49,2.55,98.62,36.29,4130.29,20.32,14340.00,1.02,15327.70,5.44,2.68,2.66,3.58,2146.50,20.32
44567.00,104.68,1806.89,30775.43,1568.33,2.28,2.84,105.76,35.30,3785.38,20.25,13990.00,1.05,14487.60,6.60,3.04,3.02,3.71,1923.80,20.25
44566.00,101.75,1837.09,32990.12,1663.41,2.33,2.90,114.67,34.30,4132.15,21.54,15390.00,1.07,15827.00,8.54,2.82,2.85,4.30,2006.30,21.54
44565.00,102.96,1896.40,32977.21,1667.44,1.54,2.71,104.69,34.24,4131.93,22.74,18190.00,1.05,15615.30,9.44,2.96,2.94,4.41,2317.60,22.74
44564.00,98.31,1937.23,34678.35,1695.24,1.54,2.21,100.28,33.28,4530.41,24.77,19490.00,1.11,16670.90,10.07,2.47,2.35,4.75,2255.10,24.77
44563.00,96.71,1907.90,33892.60,1685.18,1.55,2.21,95.72,32.67,4373.79,24.42,19990.00,1.12,16313.90,9.90,1.71,1.82,4.45,2504.60,24.42
44562.00,96.54,1796.47,35131.86,1648.81,1.37,2.15,88.15,33.22,4515.55,22.43,16840.00,1.12,16659.80,8.10,1.61,1.78,4.33,2357.00,22.43
44208.00,95.97,1828.39,36338.30,1657.62,0.97,1.95,75.21,33.23,4766.18,23.27,14090.00,1.14,17164.10,7.32,1.26,1.51,4.46,1912.90,23.27
44207.00,95.99,1773.78,34483.72,1568.69,1.01,1.88,66.18,33.71,4567.00,22.80,13890.00,1.13,16319.00,7.31,1.17,1.46,4.28,1705.50,22.80
44206.00,94.12,1782.81,35819.56,1623.43,0.81,1.99,83.57,33.29,4605.38,23.85,14090.00,1.16,17016.40,7.88,1.19,1.56,4.36,1982.50,23.85
44205.00,94.23,1756.66,33843.92,1605.68,0.55,1.88,75.03,33.67,4307.54,22.20,13690.00,1.16,16144.90,6.76,0.97,1.49,4.09,1902.10,22.20
44204.00,92.63,1813.43,35360.73,1638.75,0.68,1.59,68.50,32.22,4522.68,23.89,17590.00,1.18,16806.40,7.50,0.78,1.31,4.37,2471.00,23.89
44203.00,92.17,1813.58,34935.47,1521.92,0.65,1.59,73.95,32.89,4395.26,25.46,18390.00,1.19,16602.30,8.26,0.69,1.23,4.47,2662.70,25.46
44202.00,92.44,1769.80,34502.51,1587.79,0.78,1.62,73.47,32.02,4297.50,26.10,20090.00,1.19,16555.30,9.05,0.89,1.47,4.29,2781.50,26.10
44201.00,90.03,1906.36,34529.45,1593.59,0.81,1.76,66.32,31.19,4204.11,28.05,25290.00,1.22,16555.70,11.52,0.79,1.58,4.68,2830.10,28.05
44200.00,91.28,1768.59,33874.85,1583.13,0.82,1.67,63.58,31.14,4181.17,25.90,29490.00,1.20,16219.30,9.72,0.85,1.63,4.47,2959.60,25.90
44199.00,93.23,1707.01,32981.55,1587.21,0.89,1.78,59.16,31.24,3972.89,24.39,26190.00,1.17,15601.70,10.03,0.94,1.74,4.00,2617.50,24.39
44198.00,90.88,1733.49,30932.37,1496.78,0.64,1.65,61.50,30.47,3811.15,26.62,26590.00,1.21,15010.50,11.06,0.73,1.41,4.09,2313.50,26.62
44197.00,90.58,1846.09,29982.62,1466.98,0.53,1.22,52.20,29.86,3714.24,27.00,19290.00,1.21,14397.20,10.18,0.43,1.07,3.56,2219.30,27.00
43842.00,89.94,1896.49,30606.48,1449.35,0.74,1.17,48.52,30.04,3756.07,26.36,16990.00,1.22,14524.80,12.19,0.36,0.92,3.52,2459.70,26.36
43841.00,91.87,1777.02,29638.64,1408.31,0.80,1.34,45.34,30.28,3621.63,22.60,16090.00,1.19,14006.50,11.10,0.36,0.84,3.43,2405.90,22.60
43840.00,94.04,1877.95,26501.60,1194.95,0.81,1.37,35.79,31.14,3269.96,23.63,13490.00,1.16,12429.30,12.27,0.38,0.87,3.05,2227.80,23.63
43839.00,93.89,1885.44,27781.70,1237.04,0.84,1.35,40.22,31.60,3363.00,23.21,13890.00,1.17,12701.90,12.22,0.28,0.69,3.03,2335.20,23.21
43838.00,92.14,1969.75,28430.05,1310.66,0.74,1.46,42.61,31.07,3500.31,28.22,12190.00,1.19,13045.60,14.08,0.27,0.71,3.06,2279.30,28.22
43837.00,93.35,1974.69,26428.32,1328.53,0.79,1.22,40.27,31.25,3271.12,24.37,8890.00,1.18,12465.00,11.86,0.21,0.53,2.88,2157.80,24.37
43836.00,97.39,1780.67,25812.88,1339.03,0.77,1.22,39.27,30.90,3100.29,18.13,7990.00,1.12,11893.80,9.14,0.29,0.66,2.73,1962.50,18.13
43835.00,98.34,1726.30,25383.11,1342.85,0.89,1.16,35.49,31.81,3044.31,17.84,8990.00,1.11,11803.00,7.85,0.30,0.65,2.43,1972.90,17.84
43834.00,99.02,1680.09,24345.72,1301.66,1.08,1.18,18.84,32.45,2912.43,15.02,7890.00,1.10,11372.30,7.49,0.37,0.65,2.34,1951.80,15.02
43833.00,99.05,1571.05,21917.16,1125.86,0.87,1.52,20.48,32.74,2584.59,13.97,10690.00,1.10,10301.90,7.29,0.37,0.67,2.23,2289.90,13.97
43832.00,98.13,1584.74,25409.36,1340.52,1.16,1.08,44.76,31.51,2954.22,16.66,12940.00,1.10,12381.00,11.15,0.95,1.16,2.54,2491.10,16.66
43831.00,97.39,1589.81,28256.03,1514.14,1.27,1.32,51.56,31.20,3225.52,18.03,10165.00,1.11,13614.10,12.93,1.32,1.51,2.52,2221.00,18.03
43477.00,96.39,1517.01,28538.44,1579.84,1.42,1.50,61.06,29.76,3230.78,17.83,6040.00,1.12,13913.00,15.10,1.69,1.92,2.80,1903.60,17.83
43476.00,98.27,1463.90,28051.41,1590.59,1.45,1.63,55.17,30.19,3140.98,17.02,5890.00,1.10,13545.20,15.37,1.62,1.77,2.66,1810.10,17.02
43475.00,97.35,1513.16,27046.23,1601.49,1.42,1.57,54.18,30.18,3037.56,18.13,5380.00,1.12,13171.80,15.34,1.52,1.69,2.64,1749.90,18.13
43474.00,99.38,1472.00,26916.83,1637.22,1.38,1.50,54.07,30.59,2976.74,17.00,5290.00,1.09,13004.70,15.18,1.55,1.67,2.58,1640.30,17.00
43473.00,98.92,1519.85,26403.28,1654.92,1.74,1.48,55.10,30.60,2926.46,18.35,4890.00,1.10,12736.90,15.24,1.39,1.50,2.55,1539.20,18.35
43472.00,98.52,1413.55,26864.27,1711.97,1.87,1.87,58.58,30.70,2980.38,16.26,3600.00,1.11,13066.60,15.24,1.82,2.01,2.67,1523.40,16.26
43471.00,96.13,1409.10,26599.96,1730.34,2.05,2.15,58.47,30.68,2941.76,15.31,3290.00,1.14,13049.70,16.67,1.77,2.01,2.71,1533.00,15.31
43470.00,97.75,1305.25,24815.04,1620.22,2.11,2.36,53.50,31.52,2752.06,14.57,2830.00,1.12,12264.50,15.17,1.92,2.13,2.64,1331.50,14.57
43469.00,97.48,1283.35,26592.91,1673.52,2.12,2.48,63.91,31.89,2945.83,14.94,2940.00,1.12,13060.70,16.21,2.28,2.50,2.90,1379.10,14.94
43468.00,97.28,1291.90,25928.68,1638.65,2.20,2.49,60.14,31.72,2834.40,15.14,3240.00,1.12,12696.90,17.28,2.24,2.41,2.94,1332.60,15.14
43467.00,96.16,1312.66,25916.00,1653.48,2.12,2.49,57.22,31.57,2784.49,15.60,2750.00,1.14,12644.80,16.64,2.52,2.72,2.95,1501.50,15.60
43466.00,95.58,1320.56,24999.67,1641.73,2.11,2.42,53.79,31.20,2704.10,16.07,2490.00,1.14,12299.00,15.65,2.44,2.63,2.79,1289.40,16.07
43112.00,96.17,1282.73,23327.46,1563.88,2.21,2.45,45.41,32.33,2506.85,15.48,2450.00,1.15,11374.40,16.22,2.51,2.69,2.63,1181.80,15.48
43111.00,97.27,1221.88,25538.46,1641.80,2.37,2.64,50.93,32.96,2760.17,14.17,2590.00,1.13,12457.50,14.14,2.82,2.99,2.79,1144.60,14.17
43110.00,97.13,1214.14,25115.76,1669.09,2.28,2.78,65.31,33.11,2711.74,14.22,2415.00,1.13,12208.10,13.84,2.98,3.15,2.67,1062.00,14.22
43109.00,95.13,1191.69,26458.31,1756.41,2.25,2.68,73.25,32.32,2913.98,14.60,2570.00,1.16,13082.50,13.41,2.96,3.07,2.81,1065.90,14.60
43108.00,95.14,1200.71,25964.82,1721.58,2.15,2.65,69.80,32.75,2901.52,14.50,2380.00,1.16,13016.90,12.59,2.74,2.86,2.66,969.90,14.50
43107.00,94.49,1223.41,25415.19,1701.79,2.09,2.60,68.76,33.19,2816.29,15.51,2330.00,1.17,12963.30,13.74,2.85,2.96,2.84,928.60,15.51
43106.00,94.64,1252.25,24271.41,1595.58,2.10,2.62,74.15,33.02,2718.37,16.08,2250.00,1.17,12504.30,13.63,2.74,2.86,2.97,945.60,16.08
43105.00,93.99,1297.92,24415.84,1726.97,1.91,2.65,67.04,32.05,2705.27,16.35,2230.00,1.17,12527.10,15.47,2.70,2.86,3.08,981.70,16.35
43104.00,91.84,1314.95,24163.15,1780.11,1.83,2.47,68.57,31.54,2648.05,16.31,2050.00,1.21,12515.40,15.95,2.80,2.96,3.07,955.80,16.31
43103.00,89.97,1324.00,24103.11,1776.26,1.87,2.44,64.94,31.17,2640.87,16.32,2030.00,1.23,12452.10,15.23,2.56,2.74,3.04,938.65,16.32
43102.00,90.61,1317.66,25029.20,1830.13,1.82,2.43,61.64,31.48,2713.83,16.41,1860.00,1.22,12652.50,15.55,2.65,2.86,3.13,1037.60,16.41
43101.00,89.13,1344.70,26149.39,1826.86,1.88,2.37,64.73,31.34,2823.81,17.31,1790.00,1.24,13368.00,15.43,2.52,2.71,3.21,1018.15,17.31
42747.00,92.12,1302.45,24719.22,1753.71,1.84,2.36,60.42,32.55,2673.61,16.95,1705.00,1.20,12808.80,14.08,2.21,2.41,3.30,1052.05,16.95
42746.00,93.05,1274.36,24272.35,1697.39,1.86,2.38,57.40,32.64,2647.58,16.42,1520.00,1.19,12627.80,13.99,2.14,2.42,3.06,1003.55,16.42
42745.00,94.55,1271.20,23377.24,1721.37,1.76,2.38,54.38,33.22,2575.26,16.69,1515.00,1.16,12341.00,13.79,2.02,2.38,3.11,971.00,16.69
42744.00,93.08,1279.10,22405.09,1673.16,1.81,2.32,51.67,33.32,2519.36,16.61,1165.00,1.18,12209.20,12.79,1.94,2.34,2.96,932.25,16.61
42743.00,92.67,1321.60,21948.10,1616.16,1.89,2.35,47.23,33.17,2471.65,17.57,1130.00,1.19,11875.70,13.43,1.71,2.12,3.09,932.25,17.57
42742.00,92.86,1269.05,21891.12,1576.08,1.97,2.49,50.17,33.29,2470.30,16.79,980.00,1.18,11967.70,12.24,1.84,2.30,2.90,877.55,16.79
42741.00,95.63,1241.20,21349.63,1574.74,2.14,2.51,46.04,33.92,2423.41,16.57,1030.00,1.14,11761.70,11.50,1.89,2.30,2.71,830.65,16.57
42740.00,96.92,1268.09,21008.65,1561.66,2.19,2.67,48.32,34.03,2411.80,17.29,920.00,1.12,11598.00,12.44,1.75,2.21,2.59,815.95,17.29
42739.00,99.05,1267.65,20940.51,1566.32,2.22,2.74,49.33,34.58,2384.20,17.19,1005.00,1.09,11536.10,12.01,1.82,2.29,2.61,826.45,17.19
42738.00,100.35,1248.63,20663.22,1575.11,2.20,2.72,50.60,34.34,2362.72,18.22,1015.00,1.06,11492.80,12.04,1.92,2.39,2.66,798.50,18.22
42737.00,101.12,1248.52,20812.24,1559.56,2.27,2.69,54.01,34.93,2363.64,18.31,910.00,1.06,11512.40,12.30,1.94,2.40,2.71,771.70,18.31
42736.00,99.51,1210.51,19864.09,1577.31,2.28,2.76,52.81,35.08,2278.87,17.53,835.00,1.08,11223.00,13.79,1.92,2.47,2.73,755.40,17.53
42381.00,102.21,1151.46,19762.60,1542.94,2.14,2.70,53.72,35.84,2238.83,15.93,760.00,1.05,11056.90,11.28,1.93,2.45,2.51,683.95,15.93
42380.00,101.50,1172.70,19123.58,1510.24,1.95,2.73,49.44,35.69,2198.81,16.48,755.00,1.06,10838.50,11.17,1.85,2.39,2.63,772.65,16.48
42379.00,98.44,1277.28,18142.42,1495.72,1.88,2.14,46.86,35.02,2126.15,17.87,705.00,1.10,10481.90,13.29,1.31,1.83,2.21,619.90,17.87
42378.00,95.46,1315.80,18308.15,1483.21,1.77,2.15,48.24,34.58,2168.27,19.15,675.00,1.12,10721.70,13.84,1.15,1.60,2.21,722.95,19.15
42377.00,96.02,1308.45,18400.88,1548.44,1.66,2.21,44.70,34.62,2170.95,18.61,655.00,1.12,10764.80,12.36,1.19,1.58,2.08,669.95,18.61
42376.00,95.53,1350.59,18432.24,1524.07,1.65,2.09,41.60,34.76,2173.60,20.31,630.00,1.12,10785.50,14.65,1.02,1.45,2.23,710.75,20.31
42375.00,96.14,1321.78,17929.99,1444.99,1.94,1.98,48.33,35.10,2098.86,18.69,640.00,1.11,10489.80,11.95,1.00,1.48,2.20,597.95,18.69
42374.00,95.89,1214.69,17787.20,1424.28,1.54,2.34,49.10,35.76,2096.96,15.98,655.00,1.11,10441.00,9.56,1.38,1.85,2.10,547.35,15.98
42373.00,93.08,1293.36,17773.64,1404.61,1.46,1.84,45.92,34.89,2065.30,17.82,730.00,1.15,10436.90,10.15,1.29,1.84,2.28,628.60,17.82
42372.00,94.59,1231.95,17685.09,1407.70,1.61,1.73,38.34,35.10,2059.74,15.42,730.00,1.14,10207.40,7.36,1.21,1.77,2.19,564.65,15.42
42371.00,98.21,1237.76,16516.50,1332.37,1.73,2.12,33.75,35.61,1932.23,14.88,660.00,1.09,9559.50,5.22,1.22,1.74,2.13,495.65,14.88
42370.00,99.61,1117.64,16466.30,1300.98,1.97,2.34,33.62,35.71,1940.24,14.26,640.00,1.08,9632.70,4.00,1.33,1.92,2.07,499.00,14.26
42016.00,98.63,1060.91,17425.03,1288.02,2.12,2.52,37.04,36.02,2043.94,13.83,650.00,1.09,10143.40,4.28,1.76,2.27,2.14,562.25,13.83
42015.00,100.17,1064.02,17719.92,1359.70,2.15,2.76,41.65,35.79,2080.41,14.09,730.00,1.06,10409.60,4.74,1.65,2.21,2.05,543.20,14.09
42014.00,96.95,1142.00,17663.54,1394.94,2.16,2.68,46.59,35.59,2079.36,15.52,760.00,1.10,10461.00,6.41,1.52,2.15,2.32,677.65,15.52
42013.00,96.35,1114.60,16284.70,1349.00,2.15,2.78,45.09,36.36,1920.03,14.51,750.00,1.12,9799.70,5.96,1.36,2.04,2.34,651.25,14.51
42012.00,95.82,1134.10,16528.03,1382.41,2.19,2.82,49.20,35.82,1972.18,14.60,805.00,1.12,10176.50,6.32,1.55,2.21,2.34,602.25,14.60
42011.00,97.34,1095.40,17689.86,1440.12,2.14,2.82,47.12,34.99,2103.84,14.77,815.00,1.10,10882.30,7.12,1.53,2.19,2.37,611.15,14.77
42010.00,95.49,1172.20,17619.51,1504.55,2.03,2.96,59.47,33.79,2063.11,15.74,865.00,1.11,10805.20,10.38,1.64,2.35,2.62,673.35,15.74
42009.00,96.91,1189.75,18010.68,1496.05,1.95,2.81,60.30,33.69,2107.39,16.70,1060.00,1.10,11056.30,11.20,1.49,2.12,2.73,777.10,16.70
42008.00,94.60,1183.85,17840.52,1526.74,2.19,2.46,59.63,33.01,2085.51,16.12,1135.00,1.12,11049.70,11.18,1.43,2.04,2.89,777.50,16.12
42007.00,98.36,1183.10,17776.12,1505.94,2.32,2.77,47.60,32.53,2067.89,16.62,1155.00,1.07,10899.20,10.13,1.37,1.93,2.74,736.15,16.62
42006.00,95.32,1212.55,18132.70,1587.01,2.22,2.88,49.76,32.35,2104.50,16.60,1170.00,1.12,11062.80,11.58,1.50,2.00,2.69,819.50,16.60
42005.00,94.80,1282.80,17164.95,1581.25,2.30,2.78,48.24,32.72,1994.99,17.22,1170.00,1.13,10537.20,11.42,1.15,1.64,2.50,773.15,17.22
41651.00,90.27,1183.55,17823.07,1497.67,2.36,2.91,53.27,32.90,2058.90,15.66,1235.00,1.21,10839.20,9.56,1.65,2.17,2.83,799.00,15.66
41650.00,88.36,1167.04,17828.24,1593.91,2.69,3.08,66.15,32.85,2067.56,15.41,1200.00,1.25,10955.40,9.25,1.49,2.17,2.86,813.30,15.41
41649.00,86.92,1173.92,17390.52,1584.16,2.91,3.36,80.54,32.58,2018.05,16.14,1230.00,1.25,10845.00,9.20,1.61,2.34,3.05,792.30,16.14
41648.00,85.94,1208.74,17042.90,1585.67,3.01,3.36,91.16,32.42,1972.29,16.94,1300.00,1.26,10702.90,11.58,1.76,2.50,3.01,775.55,16.94
41647.00,82.75,1287.07,17098.45,1561.63,3.09,3.47,95.96,31.92,2003.37,19.43,1315.00,1.31,11046.30,14.56,1.63,2.35,3.15,909.55,19.43
41646.00,81.46,1282.09,16563.30,1502.39,3.16,3.58,98.17,32.18,1930.67,20.35,1275.00,1.34,10726.40,11.71,1.76,2.56,3.24,874.05,20.35
41645.00,79.78,1327.19,16826.60,1485.75,3.13,3.72,105.37,32.41,1960.23,20.97,1105.00,1.37,10979.40,11.81,1.63,2.53,3.20,843.10,20.97
41644.00,80.37,1250.69,16717.17,1415.73,3.06,3.73,102.71,32.81,1923.57,18.68,1150.00,1.36,10756.30,10.69,1.54,2.48,3.12,836.35,18.68
41643.00,79.47,1291.29,16580.84,1414.94,3.17,3.61,99.74,32.34,1883.95,19.11,1070.00,1.39,10627.20,13.00,1.68,2.65,3.03,813.45,19.11
41642.00,80.10,1283.64,16457.66,1376.26,3.18,3.69,101.58,32.39,1872.34,19.71,1120.00,1.38,10527.80,12.57,1.72,2.72,3.02,777.80,19.71
41641.00,79.69,1325.79,16321.71,1325.33,3.36,3.67,102.59,32.52,1859.45,21.19,1075.00,1.38,10425.90,12.60,1.50,2.65,3.19,744.45,21.19
41640.00,81.31,1243.19,15698.85,1274.28,3.44,3.99,97.49,33.01,1782.59,19.10,1040.00,1.35,9967.70,12.40,1.49,2.64,3.20,705.15,19.10
41286.00,80.04,1204.94,16576.66,1298.71,3.55,3.91,98.42,32.68,1848.36,19.41,940.00,1.37,10400.30,11.22,1.75,3.03,3.40,719.75,19.41
41285.00,80.68,1251.99,16086.41,1371.13,3.52,4.13,92.72,32.03,1805.81,19.95,910.00,1.36,10183.20,11.80,1.37,2.75,3.22,719.65,19.95
41284.00,80.19,1323.19,15545.75,1442.88,3.63,3.95,96.38,31.14,1756.54,21.85,970.00,1.36,10009.70,14.50,1.33,2.55,3.30,738.65,21.85
41283.00,80.22,1326.94,15129.67,1383.16,3.87,3.92,102.33,31.21,1681.55,21.64,980.00,1.35,9621.30,11.71,1.39,2.62,3.32,728.60,21.64
41282.00,82.09,1395.69,14810.31,1294.30,3.71,4.31,107.65,32.13,1632.97,23.46,1000.00,1.32,9270.70,12.63,1.65,2.79,3.23,723.85,23.46
41281.00,81.45,1322.49,15499.54,1423.14,3.32,3.98,105.03,31.34,1685.73,19.80,965.00,1.33,9558.80,14.30,1.39,2.59,3.13,728.25,19.80
41280.00,83.14,1233.14,14909.60,1451.90,2.97,3.73,96.56,31.12,1606.28,19.61,990.00,1.30,9112.70,14.76,1.40,2.49,3.06,662.00,19.61
41279.00,83.26,1386.40,15115.57,1562.07,2.98,3.51,91.97,30.41,1630.74,22.21,1070.00,1.30,9302.30,17.95,1.02,2.13,3.30,753.65,22.21
41278.00,81.75,1476.60,14839.80,1597.86,3.11,3.42,93.46,29.26,1597.57,24.28,1150.00,1.32,9276.90,20.02,0.68,1.67,3.19,699.70,24.28
41277.00,83.22,1596.17,14578.54,1561.06,3.14,3.59,97.23,29.28,1569.19,28.32,1220.00,1.28,9107.00,25.96,0.77,1.85,3.41,769.65,28.32
41276.00,81.95,1579.76,14054.49,1541.58,3.21,3.68,92.05,29.76,1514.68,28.51,1240.00,1.31,8868.70,25.62,0.77,1.88,3.55,734.55,28.51
41275.00,79.21,1662.99,13860.58,1474.20,3.09,3.69,97.49,29.80,1498.11,31.41,1165.00,1.36,8883.80,29.59,0.88,1.99,3.74,747.10,31.41
40920.00,79.77,1674.34,13104.14,1391.93,3.20,3.54,91.82,30.58,1426.19,30.31,1030.00,1.32,8443.50,35.95,0.73,1.76,3.65,704.65,30.31
40919.00,80.15,1714.40,13025.58,1324.04,3.16,3.61,88.91,30.69,1416.18,33.40,1050.00,1.30,8260.40,32.77,0.62,1.62,3.65,688.20,33.40
40918.00,79.92,1720.55,13096.46,1298.87,3.36,3.42,86.24,30.69,1412.16,32.21,1075.00,1.30,8221.40,35.76,0.72,1.69,3.52,606.70,32.21
40917.00,79.93,1771.22,13437.13,1298.79,3.20,3.67,92.19,30.81,1440.67,34.46,1075.00,1.29,8251.00,38.96,0.63,1.63,3.76,639.65,34.46
40916.00,81.21,1691.15,13090.84,1227.48,3.19,3.39,96.47,31.32,1406.58,31.69,1070.00,1.26,8014.90,34.66,0.59,1.55,3.46,627.95,31.69
40915.00,82.64,1613.90,13008.68,1199.30,3.36,3.29,88.06,31.50,1379.32,27.91,1135.00,1.23,7863.90,36.42,0.59,1.47,3.42,589.75,27.91
40914.00,81.63,1598.60,12880.09,1172.11,3.54,3.51,84.96,31.54,1362.16,27.44,1200.00,1.27,7801.80,37.98,0.72,1.64,3.50,583.05,27.44
40913.00,83.04,1560.70,12393.45,1141.50,3.75,3.72,86.53,31.84,1310.33,27.65,1230.00,1.24,7464.00,39.14,0.66,1.56,3.37,612.10,27.65
40912.00,78.78,1664.36,13213.63,1228.49,3.67,3.85,104.87,30.72,1397.91,30.95,1335.00,1.32,8119.10,41.27,0.81,1.92,3.83,683.50,30.95
40911.00,79.00,1668.90,13212.04,1196.77,3.45,3.83,103.02,30.83,1408.47,32.22,1375.00,1.33,8206.90,40.31,1.04,2.21,3.83,653.15,32.22
40910.00,78.74,1695.20,12952.07,1160.90,3.13,3.59,107.07,30.44,1365.68,34.59,1475.00,1.33,8113.20,40.13,0.86,1.97,3.88,706.65,34.59
40909.00,79.29,1739.43,12632.91,1083.97,3.20,3.20,98.48,30.97,1312.41,33.12,1350.00,1.31,7838.50,42.90,0.71,1.80,3.80,685.20,33.12
40555.00,80.18,1564.30,12217.56,1025.32,3.29,3.34,98.83,31.52,1257.60,27.69,1600.00,1.29,7477.00,38.34,0.83,1.88,3.44,655.60,27.69
40554.00,78.38,1745.70,12045.68,995.33,3.22,3.41,100.36,30.84,1246.96,32.81,1575.00,1.34,7484.50,39.15,0.96,2.07,3.57,610.00,32.81
40553.00,76.17,1715.25,11955.01,974.75,3.65,3.44,93.19,30.70,1253.30,34.16,1650.00,1.39,7565.00,40.93,0.97,2.12,3.64,651.05,34.16
40552.00,78.55,1623.75,10913.38,916.21,3.48,3.69,79.20,31.17,1131.42,29.89,1825.00,1.34,6791.60,37.74,0.96,1.92,3.15,614.05,29.89
40551.00,74.12,1823.80,11613.53,1070.05,3.87,3.59,88.81,29.93,1218.89,41.47,1925.00,1.44,7528.40,46.83,0.97,2.23,4.20,788.10,41.47
40550.00,73.90,1626.64,12143.24,1133.53,3.79,4.03,95.70,29.75,1292.28,39.82,1950.00,1.44,8079.40,40.94,1.35,2.79,4.49,826.70,39.82
40549.00,74.30,1500.10,12414.34,1041.48,3.53,3.83,95.42,30.70,1320.64,34.65,1925.00,1.45,8319.10,37.98,1.76,3.16,4.28,759.40,34.65
40548.00,74.64,1535.35,12569.79,1073.83,3.45,3.75,102.70,30.30,1345.20,38.45,2275.00,1.44,8477.30,44.12,1.70,3.06,4.19,778.95,38.45
40547.00,72.93,1565.60,12810.54,1093.56,3.37,3.74,113.93,29.85,1363.61,47.95,2325.00,1.48,8671.40,41.67,1.97,3.29,4.18,791.95,47.95
40546.00,75.86,1432.00,12319.73,1047.48,3.41,3.79,106.72,30.26,1325.83,37.65,2375.00,1.42,8405.00,42.97,2.27,3.47,4.32,767.90,37.65
40545.00,76.89,1411.65,12226.34,987.91,3.37,3.94,96.97,30.60,1327.22,33.83,2450.00,1.38,8438.50,46.67,2.14,3.42,4.50,797.65,33.83
40544.00,77.73,1332.19,11891.93,964.10,3.23,3.89,92.19,30.91,1286.12,28.06,2350.00,1.37,8139.20,41.00,1.95,3.37,4.46,819.00,28.06
40190.00,79.03,1421.45,11577.51,1032.76,3.01,3.71,91.38,30.07,1257.64,30.91,2250.00,1.34,7964.00,48.96,2.01,3.29,4.45,803.30,30.91
40189.00,81.19,1384.85,11006.02,1005.12,2.89,3.64,84.11,30.19,1180.55,28.09,2225.00,1.30,7430.90,50.64,1.47,2.80,3.83,700.95,28.09
40188.00,77.27,1359.55,11118.49,984.46,2.64,3.29,81.43,29.94,1183.26,24.73,2250.00,1.40,7513.40,52.89,1.17,2.60,3.74,651.30,24.73
40187.00,78.72,1309.50,10788.05,975.30,2.71,3.07,79.97,30.35,1141.20,21.75,2075.00,1.36,7281.10,45.18,1.27,2.51,3.65,571.25,21.75
40186.00,83.20,1247.65,10014.72,913.19,3.07,3.02,71.92,31.27,1049.33,19.38,2175.00,1.27,6704.10,41.34,1.33,2.47,3.37,500.40,19.38
40185.00,81.54,1180.90,10465.94,855.83,2.95,3.33,78.95,32.24,1101.60,17.99,2450.00,1.30,6999.00,38.61,1.60,2.91,3.32,500.00,17.99
40184.00,86.02,1242.35,9774.02,797.31,3.02,3.23,75.63,32.42,1030.71,18.60,2625.00,1.22,6469.60,38.44,1.78,2.94,2.95,444.40,18.60
40183.00,86.59,1216.21,10136.63,750.43,3.13,3.35,73.97,32.53,1089.41,18.57,2800.00,1.23,6791.60,36.00,2.10,3.30,3.12,461.85,18.57
40182.00,81.87,1179.25,11008.61,763.51,3.54,3.58,86.15,32.35,1186.69,18.65,2525.00,1.33,7474.40,32.89,2.42,3.66,3.35,554.75,18.65
40181.00,81.07,1113.80,10856.63,787.98,3.31,3.97,83.76,32.35,1169.43,17.50,2525.00,1.35,7447.80,30.97,2.55,3.83,3.56,478.15,17.50
40180.00,80.36,1116.50,10325.26,721.37,3.30,4.10,79.66,33.06,1104.49,16.48,2400.00,1.36,7035.00,33.61,2.31,3.62,3.28,432.40,16.48
40179.00,79.46,1081.55,10067.33,696.55,3.58,4.04,72.89,33.18,1073.87,16.19,2450.00,1.39,6883.80,31.48,2.33,3.59,3.06,416.50,16.19
39825.00,77.86,1096.20,10428.05,734.54,3.68,4.29,79.36,33.36,1115.10,16.86,2750.00,1.43,7185.00,33.47,2.68,3.84,3.35,407.25,16.86
39824.00,74.78,1178.85,10344.84,689.07,3.90,4.40,77.28,33.24,1095.63,18.44,1900.00,1.50,7092.40,40.15,2.00,3.20,3.17,363.55,18.44
39823.00,76.30,1044.90,9712.73,685.24,3.45,4.50,77.00,33.46,1036.19,16.30,1600.00,1.47,6739.40,33.57,2.31,3.39,2.96,321.60,16.30
39822.00,76.65,1007.70,9712.28,717.07,3.17,4.16,70.61,33.44,1057.08,16.64,1600.00,1.46,6910.90,35.21,2.32,3.31,2.82,298.55,16.64
39821.00,78.17,951.15,9496.28,653.25,2.90,3.90,69.96,34.02,1020.62,14.92,1525.00,1.43,6643.20,25.27,2.39,3.40,2.82,291.80,14.92
39820.00,78.35,954.75,9171.61,624.00,2.99,3.85,69.45,34.03,987.48,13.93,1350.00,1.43,6424.30,26.05,2.52,3.48,2.62,247.00,13.93
39819.00,80.16,926.85,8447.00,597.48,2.86,3.76,69.89,34.06,919.32,13.60,1325.00,1.40,5905.10,24.03,2.56,3.54,2.27,236.05,13.60
39818.00,79.23,980.00,8500.33,560.41,2.22,4.15,66.31,34.31,919.14,15.78,1225.00,1.42,6004.10,28.33,2.34,3.46,2.20,218.10,15.78
39817.00,84.82,886.50,8168.12,491.69,2.40,3.04,51.12,35.28,872.81,12.38,1025.00,1.32,5513.40,21.16,2.01,3.12,2.05,218.80,12.38
39816.00,85.51,918.15,7608.92,431.50,2.76,3.60,49.66,35.50,797.87,12.98,1100.00,1.33,4979.00,23.98,1.67,2.67,1.85,194.85,12.98
39815.00,88.17,945.15,7062.93,431.52,2.50,3.95,44.76,36.19,735.09,13.13,1050.00,1.27,4617.00,19.26,1.99,3.02,1.54,184.50,13.13
39814.00,85.83,927.75,8000.86,437.69,2.20,3.55,41.68,34.98,825.88,12.67,1150.00,1.28,5195.80,18.84,1.88,2.85,1.48,186.65,12.67
39459.00,81.15,880.20,8776.39,449.96,3.32,2.51,44.60,34.79,903.25,11.36,950.00,1.40,5757.10,19.92,1.56,2.22,1.41,192.60,11.36
39458.00,86.52,817.50,8829.04,401.84,3.55,3.85,54.43,35.47,896.24,10.29,1590.00,1.27,5599.30,18.00,1.92,2.92,1.64,198.55,10.29
39457.00,85.63,725.05,9325.01,416.53,4.25,3.95,67.81,35.05,968.75,9.86,4275.00,1.27,6061.10,12.64,2.81,3.97,1.83,224.55,9.86
39456.00,79.45,871.95,10850.66,596.54,4.36,4.53,100.64,33.86,1166.36,12.07,6100.00,1.41,7532.80,23.48,2.99,3.83,2.88,303.80,12.07
39455.00,77.38,830.80,11543.55,684.44,4.75,4.50,115.46,34.23,1282.83,13.63,8225.00,1.47,8382.10,23.20,3.09,3.83,3.40,471.20,13.63
39454.00,73.23,913.85,11378.02,676.32,5.68,5.12,124.08,33.52,1267.38,17.73,9625.00,1.56,8438.60,26.91,3.25,3.96,3.66,435.00,17.73
39453.00,72.46,925.10,11350.01,768.59,4.64,5.99,140.00,33.43,1280.00,17.41,9775.00,1.58,8660.50,32.69,3.34,3.98,3.88,452.50,17.41
39452.00,72.88,886.90,12638.32,833.65,4.15,5.24,127.35,32.49,1400.38,16.88,9075.00,1.56,9401.10,32.90,3.43,4.07,3.61,571.95,16.88
39451.00,72.51,870.95,12820.13,832.45,3.79,4.70,113.46,31.66,1385.59,16.87,9050.00,1.56,9299.60,31.29,3.02,3.73,3.90,365.05,16.87
39450.00,71.80,915.70,12262.89,817.03,3.70,4.61,101.58,31.47,1322.70,17.23,8930.00,1.58,8797.30,34.25,2.45,3.42,3.83,348.65,17.23
39449.00,73.71,972.48,12266.39,845.76,3.55,4.47,101.84,31.08,1330.63,19.81,7200.00,1.52,8962.50,38.02,2.47,3.52,3.86,341.90,19.81
39448.00,75.18,925.62,12650.36,784.23,4.46,4.04,,31.30,1378.55,16.90,6775.00,1.49,9126.20,33.52,2.77,3.60,3.31,333.50,16.90
39094.00,76.69,833.60,13264.82,858.10,4.45,4.98,,30.05,1468.36,14.79,6725.00,1.46,9740.30,28.30,3.46,4.04,3.04,364.15,14.79
39093.00,76.15,782.90,13371.72,846.44,4.31,5.17,,30.70,1481.14,14.00,6150.00,1.46,9856.90,27.91,3.40,3.95,3.18,368.00,14.00
39092.00,76.48,796.20,13930.01,907.28,4.08,4.83,,31.68,1549.38,14.50,5925.00,1.45,10311.60,28.70,4.18,4.47,3.48,354.35,14.50
39091.00,77.72,744.10,13895.63,845.50,4.13,4.75,,31.90,1526.75,13.79,5900.00,1.43,10039.30,23.89,4.26,4.59,3.64,351.10,13.79
39090.00,80.79,673.00,13357.74,813.21,4.10,4.80,,32.54,1473.99,12.06,6025.00,1.36,9597.00,19.11,4.26,4.53,3.40,326.40,12.06
39089.00,80.77,663.50,13211.99,859.76,4.00,4.65,,29.95,1455.27,12.84,6070.00,1.37,9554.50,19.95,4.56,4.73,3.64,329.35,12.84
39088.00,81.92,649.65,13408.62,776.79,3.45,4.47,,31.70,1503.35,12.41,6225.00,1.35,9873.00,18.73,4.93,5.03,3.45,320.50,12.41
39087.00,82.30,660.95,13627.64,737.40,3.63,3.88,,32.90,1530.62,13.43,5950.00,1.35,9978.60,16.77,4.86,4.89,3.39,316.20,13.43
39086.00,81.45,678.25,13062.91,699.16,4.06,3.87,,32.85,1482.37,13.41,6075.00,1.36,9627.70,16.29,4.52,4.63,3.56,343.20,13.41
39085.00,82.93,663.60,12354.35,673.71,4.38,4.31,,32.33,1420.86,13.38,6000.00,1.34,9261.80,14.97,4.54,4.65,3.14,309.50,13.38
39084.00,83.57,669.95,12268.63,677.13,4.58,4.47,,34.03,1406.82,14.16,5925.00,1.32,9124.50,13.86,4.53,4.58,2.75,347.25,14.16
39083.00,84.61,653.20,12621.69,654.04,5.10,4.75,,34.75,1438.24,13.54,5550.00,1.30,9254.70,14.46,4.81,4.81,2.60,334.65,13.54
38729.00,83.72,636.80,12463.15,679.84,4.62,5.50,,35.45,1418.30,12.90,4800.00,1.32,9139.00,14.03,4.69,4.70,2.87,289.30,12.90
38728.00,82.92,648.30,12221.93,739.06,5.03,4.77,,35.90,1400.63,13.97,4880.00,1.32,8969.00,14.27,4.45,4.46,3.19,296.95,13.97
38727.00,85.32,606.60,12080.73,722.46,5.08,5.15,,36.69,1377.94,12.28,4750.00,1.28,8775.00,12.93,4.57,4.60,3.35,261.50,12.28
38726.00,85.97,598.30,11679.07,686.10,5.24,5.14,,37.57,1335.85,11.44,4550.00,1.27,8469.60,13.50,4.59,4.63,3.46,255.50,11.44
38725.00,85.05,626.90,11381.15,690.90,5.39,5.28,,37.58,1303.82,12.90,4550.00,1.28,8388.60,13.97,4.70,4.73,3.46,227.15,12.90
38724.00,85.30,634.58,11185.68,691.49,5.52,5.50,,37.86,1276.66,11.34,4800.00,1.28,8242.10,14.55,4.91,4.99,3.55,199.80,11.34
38723.00,85.22,613.10,11150.22,678.13,5.38,5.67,,38.12,1270.20,11.01,5800.00,1.28,8169.10,13.64,5.10,5.15,3.36,181.95,11.01
38722.00,84.72,643.70,11168.31,709.43,5.34,5.48,,38.16,1270.09,12.54,4700.00,1.28,8189.10,12.88,5.04,5.12,3.61,194.60,12.54
38721.00,86.11,654.50,11367.14,768.29,5.35,5.55,,37.53,1310.61,13.72,4000.00,1.26,8471.40,15.20,4.91,5.06,3.22,181.95,13.72
38720.00,89.73,583.65,11109.32,733.25,5.07,5.61,,38.88,1294.83,11.50,3400.00,1.21,8233.20,12.35,4.82,4.85,2.46,182.45,11.50
38719.00,90.11,561.75,10993.41,744.05,5.21,5.33,,39.11,1280.66,9.77,3250.00,1.19,8060.60,13.11,4.60,4.56,2.18,197.90,9.77
38718.00,88.96,568.95,10864.86,762.63,5.28,5.48,,38.93,1280.08,9.82,2975.00,1.22,8106.60,13.86,4.46,4.52,2.22,194.05,9.82
38364.00,91.17,517.60,10717.50,713.73,5.76,5.47,,41.03,1248.29,8.82,2950.00,1.18,7753.90,14.15,4.36,4.40,2.04,183.05,8.82
38363.00,91.57,493.85,10805.87,667.75,6.07,6.05,,41.25,1249.48,8.25,2600.00,1.18,7645.30,14.01,4.43,4.49,1.97,190.40,8.25
38362.00,90.07,465.20,10440.07,682.62,4.98,6.58,,40.78,1207.01,7.54,2500.00,1.20,7433.10,12.88,4.45,4.56,1.79,185.25,7.54
38361.00,89.52,469.15,10568.70,723.23,4.55,5.34,,41.05,1228.81,7.46,2025.00,1.20,7633.00,15.53,4.20,4.33,1.73,210.60,7.46
38360.00,87.58,435.25,10481.60,697.85,4.18,4.93,,41.28,1220.33,6.83,1900.00,1.23,7496.10,12.40,3.86,4.01,1.67,212.20,6.83
38359.00,89.35,430.20,10640.91,675.67,3.57,4.69,,41.66,1234.18,7.23,1900.00,1.21,7476.70,11.77,4.13,4.28,1.62,225.85,7.23
38358.00,89.11,435.25,10274.97,675.50,3.64,4.03,,41.33,1191.33,7.05,1535.00,1.21,7217.80,11.49,3.70,3.92,1.51,214.30,7.05
38357.00,87.76,417.35,10467.48,667.55,3.50,4.25,,40.63,1191.50,7.40,1450.00,1.23,7134.30,10.69,3.74,3.99,1.42,217.20,7.40
38356.00,84.43,434.88,10192.51,658.88,3.78,4.14,,39.45,1156.85,6.90,1480.00,1.29,7008.30,10.68,3.90,4.20,1.46,214.95,6.90
38355.00,84.06,428.45,10503.76,681.49,4.05,4.49,,39.12,1180.59,7.15,1475.00,1.30,7167.50,11.39,4.17,4.49,1.50,257.45,7.15
38354.00,82.51,435.62,10766.23,741.55,4.10,4.78,,38.24,1203.60,7.32,1475.00,1.32,7321.20,11.58,4.02,4.38,1.50,258.30,7.32
38353.00,83.60,422.62,10489.94,701.91,3.99,4.90,,38.55,1181.27,6.73,1275.00,1.30,7089.80,10.63,3.70,4.13,1.42,289.95,6.73
37998.00,80.85,438.45,10783.01,668.10,3.90,4.85,,38.87,1211.92,6.80,1275.00,1.36,7250.10,11.45,3.61,4.22,1.45,229.15,6.80
37997.00,81.82,450.88,10428.02,656.73,3.69,4.95,,39.42,1173.82,7.70,1180.00,1.33,7005.70,11.75,3.69,4.36,1.44,231.55,7.70
37996.00,84.91,428.52,10027.47,628.16,3.59,4.90,,41.04,1130.20,7.28,1080.00,1.28,6692.70,12.42,3.28,4.03,1.33,,7.28
37995.00,87.36,418.25,10080.27,644.67,3.60,4.73,,41.40,1114.58,6.89,1200.00,1.24,6570.20,11.88,3.32,4.12,1.40,,6.89
37994.00,88.94,409.82,10173.92,624.59,3.71,4.90,,41.63,1104.24,6.75,980.00,1.22,6454.20,11.36,3.33,4.24,1.28,,6.75
37993.00,89.96,391.25,10139.71,636.70,3.54,5.17,,41.30,1101.72,6.54,850.00,1.20,6403.10,10.77,3.69,4.49,1.30,,6.54
37992.00,88.80,394.38,10435.48,646.64,3.59,5.18,,40.94,1140.84,5.83,800.00,1.22,6603.00,11.05,3.77,4.58,1.21,,5.83
37991.00,88.95,395.50,10188.45,641.05,3.39,5.00,,40.55,1120.68,6.17,780.00,1.22,6484.70,11.71,3.71,4.67,1.27,,6.17
37990.00,90.48,387.60,10225.57,648.15,2.35,4.80,,40.05,1107.30,6.04,730.00,1.20,6439.40,10.82,3.60,4.51,1.21,,6.04
37989.00,87.61,426.62,10357.70,647.30,2.44,4.04,,39.25,1126.21,7.92,570.00,1.23,6599.10,14.45,2.78,3.84,1.36,,7.92
37988.00,87.31,396.45,10583.92,716.30,2.56,4.50,,39.28,1144.94,6.69,470.00,1.25,6692.40,12.11,2.94,3.97,1.35,,6.69
37987.00,87.20,402.57,10488.07,698.90,2.76,4.75,,39.26,1131.13,6.23,485.00,1.25,6551.60,11.70,3.14,4.13,1.14,,6.23
37633.00,86.92,415.05,10453.92,772.15,3.12,4.85,,39.62,1111.92,5.94,485.00,1.26,6440.30,14.14,3.21,4.25,1.05,,5.94
37632.00,90.21,397.88,9782.46,646.03,2.73,4.75,,39.93,1058.20,5.35,460.00,1.20,6073.00,14.55,3.25,4.33,0.91,,5.35
37631.00,92.73,384.40,9801.12,639.45,2.14,4.22,,39.95,1050.71,5.05,460.00,1.16,5959.00,11.90,3.23,4.30,0.94,,5.05
37630.00,92.85,385.25,9275.06,578.98,2.10,3.49,,40.03,995.97,5.12,460.00,1.17,5644.00,9.89,2.82,3.94,0.82,,5.12
37629.00,98.10,375.57,9415.82,537.71,1.93,3.22,,41.15,1008.01,5.10,460.00,1.10,5660.20,9.55,3.46,4.47,0.81,,5.10
37628.00,96.89,355.00,9233.80,484.11,1.56,2.92,,41.99,993.32,5.14,480.00,1.12,5559.00,8.31,3.21,4.41,0.82,,5.14
37627.00,94.73,346.40,8985.44,461.82,1.89,2.27,,42.10,974.50,4.56,510.00,1.15,5501.40,7.52,2.41,3.52,0.75,,4.56
37626.00,93.27,364.98,8985.44,403.82,2.04,2.69,,41.72,963.59,4.53,500.00,1.18,5435.40,7.36,2.29,3.37,0.78,,4.53
37625.00,97.19,339.62,8850.26,374.63,2.14,3.17,,42.79,916.92,4.65,530.00,1.12,5131.60,6.65,2.75,3.84,0.73,,4.65
37624.00,99.06,337.48,8480.09,364.55,2.11,3.28,,42.84,848.18,4.47,550.00,1.09,4730.20,6.25,2.71,3.80,0.72,,4.47
37623.00,99.71,349.85,7992.13,361.32,2.10,3.20,,42.79,841.15,4.60,575.00,1.08,4716.10,6.30,2.67,3.69,0.78,,4.60
37622.00,99.91,368.48,7992.13,370.01,2.47,3.16,,42.80,855.70,4.84,550.00,1.08,4868.70,6.91,2.94,3.97,0.80,,4.84
37268.00,101.85,347.00,7891.08,356.48,2.33,3.65,,43.13,879.82,4.77,650.00,1.05,5000.00,6.60,2.73,3.82,0.70,,4.77
37267.00,106.41,319.05,7891.08,364.90,2.61,3.55,,43.50,936.31,4.44,670.00,0.99,5236.90,5.62,3.26,4.21,0.75,,4.44
37266.00,106.64,317.80,8053.81,357.22,2.75,3.76,,43.32,885.76,4.51,670.00,0.99,5000.30,5.56,2.81,3.90,0.72,,4.51
37265.00,106.87,323.75,8053.81,331.79,3.00,3.86,,43.28,815.28,4.53,700.00,0.99,4710.00,5.35,2.56,3.60,0.67,,4.53
37264.00,106.98,312.75,8341.63,361.16,3.44,4.41,,42.24,916.07,4.46,710.00,0.98,5239.80,6.46,3.19,4.13,0.69,,4.46
37263.00,107.41,303.55,8341.63,376.02,3.60,4.99,,42.03,911.62,4.60,800.00,0.98,5195.60,5.15,3.48,4.46,0.68,,4.60
37262.00,106.11,314.62,8896.09,389.10,3.75,5.23,,41.53,989.82,4.83,815.00,0.99,5636.50,6.40,4.04,4.81,0.77,,4.83
37261.00,111.81,326.55,8397.03,407.96,3.78,5.48,,42.34,1067.14,5.01,900.00,0.93,6035.30,7.46,4.36,5.05,0.77,,5.01
37260.00,115.19,308.35,7591.93,371.42,3.94,5.56,,43.25,1076.92,4.54,925.00,0.90,6071.20,6.67,4.43,5.09,0.74,,4.54
37259.00,118.62,302.70,7591.93,373.95,3.58,5.94,,43.47,1147.39,4.64,900.00,0.87,6348.80,6.75,4.82,5.41,0.77,,4.64
37258.00,119.16,296.95,8663.50,371.81,2.89,5.06,,43.68,1106.73,4.51,2000.00,0.87,6118.00,6.48,4.20,4.87,0.72,,4.51
37257.00,120.24,282.35,8736.59,340.82,2.97,4.52,,44.07,1130.20,4.24,2225.00,0.86,6116.90,5.89,4.37,5.05,0.74,,4.24
36903.00,116.75,278.95,9243.26,303.85,3.51,4.65,,44.24,1148.08,4.62,,0.89,6236.40,5.18,4.34,5.03,0.66,,4.62
36902.00,116.13,274.40,9243.26,302.62,3.58,5.05,,43.94,1139.45,4.17,,0.90,6125.00,4.51,4.06,4.75,0.73,,4.17
36901.00,114.86,279.65,9925.25,275.09,4.40,5.54,,44.71,1059.78,4.22,,0.90,5776.90,5.07,3.47,4.24,0.63,,4.22
36900.00,113.48,292.95,9946.22,277.04,5.00,6.05,,44.45,1040.94,4.64,,0.91,5750.40,5.41,3.81,4.59,0.65,,4.64
36899.00,113.42,274.45,10403.94,335.57,5.00,6.38,,44.05,1133.58,4.20,,0.91,6215.70,4.80,4.38,4.84,0.68,,4.20
36898.00,117.18,266.85,10106.13,297.69,4.80,6.30,,45.72,1211.23,4.24,,0.88,6523.40,4.34,4.53,5.06,0.69,,4.24
36897.00,119.43,270.85,9920.00,322.55,4.60,6.15,,45.30,1224.38,4.31,,0.85,6574.30,4.61,4.97,5.40,0.71,,4.31
36896.00,119.07,266.05,9920.00,310.13,3.45,5.95,,45.38,1255.82,4.40,,0.85,6784.90,4.00,4.91,5.39,0.76,,4.40
36895.00,115.85,264.05,10021.57,300.63,3.33,5.12,,45.65,1249.46,4.34,,0.89,6712.50,3.77,4.89,5.34,0.78,,4.34
36894.00,117.37,257.95,10021.50,291.94,2.89,5.05,,45.03,1160.33,4.30,,0.88,6298.40,3.70,4.55,4.92,0.77,,4.30
36893.00,112.01,267.25,9851.56,325.20,,4.40,,43.10,1239.94,4.48,,0.92,6629.10,4.05,4.67,4.90,0.82,,4.48
