Date,Y,BOND10THB,OIL,SET,USD_THB,XAU_USD
28-12-2023,33800,2.72,74.04,1410.87,34.35,2077.34
27-12-2023,33750,2.72,75.57,1415.06,34.56,2066.7
26-12-2023,33800,2.72,73.74,1408.17,34.61,2055.73
19-12-2023,33550,2.8,72.93,1395.26,34.98,2027.3
14-12-2023,33800,2.83,70.08,1370.16,35.34,2026.59
13-12-2023,33550,2.84,68.99,1369.88,35.7,1979.74
12-12-2023,33500,2.855,71.67,1382.91,35.75,1981.59
07-12-2023,33800,2.85,69.57,1382.18,35.16,2025.3
06-12-2023,33700,2.98,72.33,1383.14,35.24,2019.74
30-11-2023,33750,3.03,77.79,1389.25,34.83,2044.8
29-11-2023,33550,3,76.67,1404.89,34.77,2041.24
28-11-2023,33350,3.09,75.32,1398.57,35.065,2013.94
27-11-2023,33550,3.03,75.57,1393.02,35.4,2002.78
22-11-2023,33300,2.99,77.92,1422.02,35.18,1998.69
21-11-2023,33050,3,77.69,1427.04,35.21,1977.49
20-11-2023,32950,2.98,75.8,1415.68,35.11,1980.39
16-11-2023,33100,3.12,76.71,1413.05,35.59,1959.44
15-11-2023,33050,3.04,78.1,1401.48,35.525,1963.05
14-11-2023,33200,3.14,78.48,1390.37,35.98,1946.19
09-11-2023,32800,3.11,75.63,1410.83,35.53,1950.09
08-11-2023,33100,3.13,77.03,1410.07,35.58,1968.84
07-11-2023,33300,3.16,80.69,1413.64,35.515,1978.19
06-11-2023,33500,3.19,80.76,1430.01,35.51,1992.3
02-11-2023,33850,3.27,80.44,1391.97,36.19,1983.53
01-11-2023,34000,3.25,80.98,1380.89,36.12,1983.01
31-10-2023,34000,3.235,81.96,1395.6,35.9,1996
30-10-2023,34150,3.295,84.25,1381.57,36.16,2004.8
26-10-2023,34100,3.37,84.58,1394.5,36.23,1979.97
25-10-2023,33750,3.29,82.99,1401.25,36.2,1971.36
24-10-2023,33900,3.38,85.05,1395.92,36.31,1972.97
19-10-2023,33600,3.35,87.22,1425.07,36.38,1947.99
18-10-2023,33250,3.38,86.41,1432.94,36.34,1923.7
17-10-2023,32950,3.32,85.69,1431.83,36.25,1920.14
16-10-2023,32950,3.27,86.37,1443.89,36.25,1929.3
12-10-2023,32300,3.28,81.84,1457,36.41,1874.1
11-10-2023,32250,3.35,84.16,1438.08,36.62,1859.99
10-10-2023,32550,3.33,84.7,1441.84,36.97,1861.27
09-10-2023,32450,3.36,83.2,1434.67,37.01,1832.74
05-10-2023,31950,3.37,82.85,1454.57,36.905,1820.49
04-10-2023,32000,3.31,87.44,1430.74,37.08,1824.3
03-10-2023,31900,3.17,87.01,1458.65,36.95,1827.96
28-09-2023,32600,3.27,91.44,1497.65,36.67,1875.73
27-09-2023,32850,3.22,88.92,1494.14,36.4,1900.69
26-09-2023,32900,3.29,88.3,1504.69,36.19,1916.03
25-09-2023,32800,3.2,88.83,1524.39,35.99,1925.24
21-09-2023,32950,3.17,88.07,1504.55,36.14,1930.99
20-09-2023,32950,3.14,90.63,1521.66,36.02,1931.69
19-09-2023,32600,3.02,90.97,1527.68,35.69,1933.68
18-09-2023,32500,2.98,90.41,1539.4,35.71,1924.19
14-09-2023,32300,3.02,88.19,1538.03,35.72,1906.68
13-09-2023,32300,2.98,88.07,1546.47,35.6,1913.55
12-09-2023,32350,2.94,86.62,1544.08,35.5,1922.9
11-09-2023,32300,2.62,86.74,1548.93,35.64,1919.16
29-08-2023,32000,2.6,79.55,1566,35.22,1920.23
24-08-2023,31750,2.6,78.3,1552.97,34.98,1914.15
16-08-2023,31950,2.6,80.74,1516.64,35.38,1901.59
08-08-2023,31950,2.6,82.04,1534.61,34.84,1936.76
07-08-2023,31850,2.57,82.27,1533.18,34.69,1942.59
27-07-2023,32000,2.57,78.49,1527.12,34.195,1972.08
26-07-2023,32050,2.59,78.88,1527.41,34.49,1964.99
20-07-2023,31850,2.54,75.33,1536.08,34.04,1976.8
17-07-2023,32050,2.53,74.88,1521.39,34.65,1954.9
06-07-2023,31850,2.51,71.85,1503.38,34.99,1916.05
05-07-2023,31900,2.49,70.25,1512.93,34.9,1925.9
27-06-2023,32150,2.52,69.63,1488.17,35.19,1923.21
22-06-2023,31900,2.54,72.4,1524.35,34.81,1932.09
13-06-2023,32100,2.49,67.45,1553.11,34.64,1957.69
07-06-2023,32300,2.49,71.7,1531.3,34.79,1963.59
01-06-2023,32250,2.46,67.81,1534.16,34.72,1962.8
23-05-2023,32150,2.54,72,1526.15,34.47,1971.99
22-05-2023,32200,2.51,71.87,1505.21,34.37,1977.8
17-05-2023,32250,2.52,70.6,1541.29,34.06,1988.94
11-05-2023,32400,2.48,72.54,1571.21,33.65,2030.56
08-05-2023,32450,2.46,71.27,1541.51,33.9,2015.95
03-05-2023,32150,2.47,71.43,1521.17,34.12,2014.8
27-04-2023,32250,2.51,74.3,1539.28,34.15,1987.58
19-04-2023,32600,2.54,80.96,1588.9,34.28,2007.49
03-04-2023,31850,2.43,80.6,1610.84,34.16,1970.84
29-03-2023,31900,2.34,73.74,1611.75,34.26,1972.82
27-03-2023,32050,2.25,69.75,1595.12,34.22,1977.66
23-03-2023,31850,2.31,70.07,1582.26,34.28,1967.91
09-03-2023,30150,2.48,76.65,1615.27,35.05,1813.65
08-03-2023,30150,2.52,77.36,1606.13,35.1,1813.61
22-02-2023,30100,2.52,76.29,1665.6,34.6,1834.71
21-02-2023,30050,2.52,76.64,1659.7,34.39,1841.71
16-02-2023,29800,2.55,78.68,1653.85,34.265,1836.56
13-02-2023,29750,2.56,80.05,1661.37,33.71,1865.69
02-02-2023,30200,2.47,77.06,1689.16,32.82,1950.54
31-01-2023,29900,2.47,78.19,1681.66,32.78,1922.82
24-01-2023,29950,2.47,81.94,1689.9,32.73,1931.35
23-01-2023,29900,2.48,82.12,1681.33,32.74,1926.2
19-01-2023,29850,2.42,79.43,1682.13,32.96,1903.83
12-01-2023,29750,2.44,77.9,1688.34,33.425,1876.43
11-01-2023,29800,2.43,75.06,1693.22,33.49,1877.3
09-01-2023,29800,2.47,73.87,1685.3,33.77,1865.45
29-12-2022,29700,2.52,79.01,1644.73,34.77,1804.16
28-12-2022,29750,2.56,80.02,1644,34.64,1814
27-12-2022,29600,2.5,79.99,1632.06,34.685,1796.67
22-12-2022,29800,2.5,78.28,1614.53,34.71,1814.2
21-12-2022,29800,2.52,76,1611.26,34.68,1818.06
19-12-2022,29550,2.46,74.62,1619.03,34.87,1793.13
14-12-2022,29650,2.37,75.22,1630.49,34.61,1810.49
07-12-2022,29500,2.47,74.73,1632.2,35.1,1771.14
06-12-2022,29450,2.52,77.46,1639.25,34.98,1768.67
29-11-2022,29550,2.62,76.66,1619.23,35.73,1740.82
23-11-2022,29800,2.64,80.86,1619.87,36.13,1740.3
21-11-2022,29800,2.74,80.26,1613.43,35.81,1750.82
16-11-2022,29950,2.69,86.23,1628.74,35.56,1778.34
09-11-2022,29800,2.93,87.73,1633.58,37,1712.6
01-11-2022,29550,3.22,85.2,1614.23,38.06,1633.4
12-10-2022,30100,3.12,87.25,1564.42,38.11,1666.49
11-10-2022,30050,3.16,89.75,1567.37,37.98,1668.4
04-10-2022,30350,2.97,82.57,1576.93,37.79,1699.4
03-10-2022,29850,3.11,80.29,1586.51,37.85,1661.3
26-09-2022,29400,3.12,78.75,1626.61,37.53,1645.4
21-09-2022,29300,2.83,83.6,1640.5,37.02,1663.67
20-09-2022,29300,2.83,85.02,1640.62,36.96,1675.47
14-09-2022,29600,2.7,87.24,1643.39,36.66,1701.86
31-08-2022,29850,2.45,91.85,1632.92,36.47,1723.83
30-08-2022,29900,2.45,95.8,1631.17,36.32,1738.36
29-08-2022,29800,2.47,92.28,1622.43,36.19,1736.19
25-08-2022,29850,2.45,94.82,1638.51,36.1,1751.55
23-08-2022,29800,2.51,90.1,1613.2,36.12,1736.4
22-08-2022,29700,2.57,89.63,1623.72,35.74,1747.05
16-08-2022,29950,2.35,87.39,1629.44,35.51,1779.74
15-08-2022,30100,2.38,91.3,1621.2,35.3,1802.05
10-08-2022,30050,2.46,89.71,1616.4,35.41,1794.21
09-08-2022,30000,2.49,89.87,1608.96,35.615,1789.21
04-08-2022,30300,2.44,89.99,1599.96,36.24,1765.34
02-08-2022,30350,2.44,92.2,1588.76,36.15,1772.23
01-08-2022,30300,2.49,96.44,1584.93,36.28,1765.05
26-07-2022,29950,2.55,93.95,1563.16,36.69,1719.69
25-07-2022,29950,2.55,92.83,1553.7,36.68,1728.15
18-07-2022,29700,2.53,94.34,1539.13,36.65,1707.94
14-07-2022,29750,2.77,94.14,1543.4,36.21,1735.7
05-07-2022,30550,2.77,105.6,1566.51,35.71,1808.74
30-06-2022,30400,2.86,106.67,1587.82,35.2,1817.8
29-06-2022,30250,2.88,109,1588.03,35.18,1819.95
27-06-2022,30750,2.9,104.37,1577.89,35.5,1838.15
23-06-2022,30750,2.97,102.53,1564.21,35.39,1837.87
16-06-2022,30300,3.05,114.09,1604.73,34.81,1833.99
15-06-2022,30200,3.05,116.41,1605.54,35.02,1808.35
14-06-2022,30250,3.2,118.45,1597.17,34.9,1819.1
13-06-2022,30650,3.04,117.71,1611.84,34.75,1875.8
08-06-2022,30200,2.87,117.7,1639.1,34.42,1852.51
25-05-2022,30150,2.9,107.68,1632.12,34.1,1865.09
24-05-2022,30000,2.99,107.68,1636.12,34.145,1853.59
17-05-2022,29950,3.39,111.61,1595.6,34.72,1824.18
12-05-2022,30500,3.36,103.94,1607.28,34.635,1852.58
11-05-2022,30200,3.31,97.74,1621.35,34.61,1838.41
10-05-2022,30450,3.36,100.96,1599.98,34.58,1853.74
28-04-2022,30700,2.71,100.59,1663.14,34.34,1886.14
05-04-2022,30600,2.205,102.16,1705.86,33.47,1933.38
31-03-2022,30400,2.205,105.3,1698.8,33.35,1932.8
07-03-2022,30700,2.1,116.03,1654.43,32.69,1977.09
03-03-2022,29700,2.09,107.27,1701.26,32.53,1926.49
01-03-2022,29400,2.15,93.88,1694.95,32.665,1908.19
21-02-2022,28850,2.205,91.62,1712.95,32.14,1900.4
10-02-2022,28400,2.16,88.84,1705.73,32.71,1832.94
27-01-2022,28550,2.15,85.71,1633.78,33.12,1818.44
25-01-2022,28750,2.125,83.32,1636.33,33,1843.34
21-01-2022,28700,2.18,83.65,1651.21,32.91,1838.65
18-01-2022,28450,2.2,83.77,1680.28,33.09,1819.77
14-01-2022,28650,2.095,81.21,1676.58,33.22,1822.55
13-01-2022,28750,2.09,82.12,1680.83,33.3,1825.94
12-01-2022,28700,2.07,80.71,1676.03,33.35,1822.49
10-01-2022,28650,2.05,78.51,1661.5,33.65,1795.41
07-01-2022,28500,2.03,79,1659.15,33.56,1789.55
04-01-2022,28500,2,75.8,1664.51,33.24,1801.34
29-12-2021,28700,1.95,75.71,1643.43,33.54,1805.59
23-12-2021,28700,1.95,72.59,1633.2,33.67,1803.69
22-12-2021,28600,1.99,70.97,1628.42,33.68,1788.94
20-12-2021,28550,1.88,69.88,1631.22,33.34,1799.4
16-12-2021,28200,1.99,71.28,1629.48,33.42,1777.4
15-12-2021,28100,1.99,70.12,1628.01,33.43,1770.49
08-12-2021,28400,1.99,71.62,1617.09,33.69,1784.4
03-12-2021,28500,1.9,67.17,1593.08,33.88,1768.84
01-12-2021,28400,1.92,66.68,1576.26,33.75,1774.15
30-11-2021,28500,1.88,69.69,1601.52,33.72,1785.34
29-11-2021,28650,2,68.93,1608.01,33.71,1790.05
24-11-2021,28250,2,77.9,1650.54,33.11,1790.34
23-11-2021,28350,1.99,75.81,1652.62,33.02,1805.65
22-11-2021,28750,1.955,75.07,1648.14,32.81,1846.74
18-11-2021,28850,1.97,77.49,1643.39,32.62,1866.97
17-11-2021,28800,1.99,79.6,1646.86,32.76,1850.34
16-11-2021,28900,1.96,79.8,1642.05,32.72,1862.94
11-11-2021,28700,1.95,80.1,1629.28,32.83,1849.69
09-11-2021,28350,1.895,80.87,1626.8,32.93,1824.74
08-11-2021,28500,1.9,80,1631.34,33.17,1818.44
05-11-2021,28350,1.945,78.32,1627.45,33.36,1792.14
04-11-2021,28050,1.98,78.93,1613.45,33.3,1769.98
03-11-2021,28200,1.94,81.7,1620.52,33.265,1787.71
01-11-2021,28200,2.04,81.58,1627.59,33.31,1783.24
29-10-2021,28250,1.99,81.71,1626.27,33.21,1799.03
27-10-2021,28150,1.99,83.11,1632.44,33.215,1793.04
26-10-2021,28250,1.99,82.61,1635.61,33.055,1807.9
25-10-2021,28300,1.98,82.64,1645,33.32,1794
21-10-2021,28250,2.06,82.45,1644.39,33.37,1782.1
20-10-2021,28050,2.09,82.46,1633.88,33.33,1769.28
19-10-2021,28000,2.03,81.58,1648.48,33.485,1764.99
15-10-2021,28250,1.99,80.93,1646.35,33.165,1795.81
12-10-2021,27900,2,79.89,1644.56,33.69,1754.12
08-10-2021,28200,1.97,78.47,1641.92,33.78,1755.89
07-10-2021,28200,1.91,76.63,1627.15,33.82,1762.74
06-10-2021,28200,1.92,78.58,1626.65,33.825,1760.45
05-10-2021,28250,1.895,77.29,1612.5,33.77,1769.75
04-10-2021,28050,1.9,75.63,1611.69,33.62,1762.15
01-10-2021,28000,1.89,74.74,1600.59,33.68,1756.91
30-09-2021,27850,1.88,74.47,1616.99,33.95,1726.4
29-09-2021,27900,1.83,73.95,1605.19,33.845,1733.97
28-09-2021,27900,1.855,75.05,1623.88,33.6,1750.45
27-09-2021,27800,1.83,73.83,1637.3,33.43,1751.24
23-09-2021,28050,1.8,71.6,1632.92,33.47,1768.4
22-09-2021,28150,1.81,70.48,1614.74,33.38,1774.51
21-09-2021,27900,1.79,70.43,1604.64,33.37,1764.19
20-09-2021,27650,1.83,71.81,1617.44,33.32,1754.3
17-09-2021,27650,1.84,72.33,1632.18,33.14,1753.67
16-09-2021,28000,1.66,72.42,1633.28,32.89,1794.34
15-09-2021,28150,1.66,70.47,1624.17,32.945,1804.53
14-09-2021,27900,1.695,70.38,1639.9,32.87,1793.77
13-09-2021,27750,1.695,69.35,1634.43,32.69,1788.55
10-09-2021,27850,1.68,67.73,1633.1,32.72,1794.61
09-09-2021,27750,1.705,69.11,1637.65,32.77,1789.19
08-09-2021,27950,1.73,68.13,1632.18,32.66,1794.41
07-09-2021,28100,1.69,68.9,1653.67,32.44,1823.27
06-09-2021,28100,1.65,68.75,1652.33,32.49,1828.66
03-09-2021,27900,1.65,69.51,1654,32.46,1809.98
01-09-2021,27800,1.61,68.31,1643.01,32.24,1813.57
31-08-2021,27850,1.58,68.89,1632.65,32.48,1810.26
30-08-2021,28000,1.595,68.94,1621.68,32.55,1817.55
27-08-2021,27850,1.62,67.47,1602.16,32.76,1792.6
26-08-2021,27800,1.635,67.78,1601.99,32.805,1791.09
25-08-2021,28050,1.61,67.33,1591.29,32.875,1802.86
24-08-2021,28300,1.585,65.24,1590.12,33.255,1805.61
23-08-2021,28150,1.56,61.75,1566.1,33.36,1780.55
20-08-2021,28150,1.54,63.65,1549.92,33.35,1780.44
19-08-2021,28150,1.55,64.45,1546.7,33.295,1788.05
18-08-2021,28100,1.55,66.34,1546.71,33.36,1786.21
17-08-2021,28250,1.56,67.17,1536.94,33.41,1787.51
16-08-2021,28050,1.56,67.63,1527.08,33.34,1778.44
13-08-2021,27550,1.56,68.75,1530.68,33.05,1752.72
11-08-2021,27400,1.565,68.28,1549.41,33.46,1729.01
10-08-2021,27550,1.565,66.62,1544.31,33.47,1729.74
09-08-2021,27550,1.58,67.62,1528.16,33.44,1763.34
06-08-2021,28450,1.51,68.77,1530.43,33.27,1804.28
05-08-2021,28350,1.5,67.64,1544.83,33.12,1811.69
04-08-2021,28350,1.56,69.88,1542.11,33.025,1810.6
03-08-2021,28250,1.575,70.86,1525.24,32.95,1813.64
02-08-2021,28300,1.59,73.11,1523.42,32.89,1814.34
30-07-2021,28400,1.585,72.75,1536.91,32.855,1828.21
29-07-2021,28250,1.605,71.8,1541.8,32.87,1807.15
27-07-2021,28000,1.61,71.61,1547.4,32.91,1797.53
23-07-2021,28100,1.63,70.97,1550.86,32.895,1806.95
22-07-2021,28000,1.63,69.5,1549.85,32.825,1803.58
21-07-2021,28100,1.61,65.86,1543.17,32.84,1810.32
20-07-2021,28200,1.69,66.61,1551.26,32.86,1812.61
19-07-2021,28200,1.69,71.09,1557.81,32.79,1811.65
16-07-2021,28300,1.66,71.21,1569.23,32.69,1829.45
15-07-2021,28200,1.67,72.43,1575.05,32.61,1827.35
14-07-2021,27950,1.475,74.58,1570.12,32.64,1807.72
13-07-2021,27950,1.62,73.51,1557.26,32.685,1806.17
12-07-2021,27900,1.62,73.92,1558.63,32.52,1807.94
09-07-2021,27900,1.62,72.51,1537.97,32.54,1802.89
08-07-2021,27600,1.62,71.55,1563.96,32.33,1803.67
07-07-2021,27550,1.62,73,1585.04,32.26,1796.96
06-07-2021,27350,1.62,74.43,1585.96,32.11,1791.88
05-07-2021,27150,1.62,75.15,1580.69,32.16,1787.69
02-07-2021,27050,1.62,74.07,1591.37,32.06,1776.83
01-07-2021,26850,1.62,72.78,1591.04,32.03,1770.06
30-06-2021,26800,1.62,72.77,1597.26,32.11,1761.35
29-06-2021,26950,1.62,72.04,1580.89,31.92,1778.44
28-06-2021,26850,1.62,73.27,1572.18,31.8,1781.24
25-06-2021,26800,1.635,72.65,1592.02,31.9,1775.46
24-06-2021,26850,1.62,72.56,1587.73,31.83,1779.01
23-06-2021,26800,1.665,72.1,1605.31,31.72,1778.8
22-06-2021,26750,1.65,73.04,1610.85,31.61,1783.23
21-06-2021,26500,1.63,71.15,1596.96,31.47,1764.44
18-06-2021,26550,1.68,70.8,1619.88,31.41,1772.73
17-06-2021,27100,1.7,71.48,1621.38,31.28,1812.18
16-06-2021,27400,1.68,72.13,1622.78,31.15,1858.96
15-06-2021,27450,1.665,70.91,1634.45,31.12,1866.26
14-06-2021,27550,1.68,70.36,1641.68,31.07,1874.59
11-06-2021,27950,1.67,69.91,1632.04,31.16,1898.42
10-06-2021,27800,1.67,69.61,1631.92,31.16,1888.57
09-06-2021,27900,1.71,69.81,1618.06,31.21,1893.49
08-06-2021,28000,1.74,69.08,1614.85,31.18,1898.99
07-06-2021,27850,1.75,69.25,1618.74,31.14,1888.49
04-06-2021,27600,1.78,68.71,1613.72,31.21,1871.32
02-06-2021,28000,1.77,67.8,1624.83,31.16,1900.05
01-06-2021,28200,1.77,66.45,1602.65,31.2,1907.53
31-05-2021,28200,1.76,66.58,1582.56,31.26,1903.69
28-05-2021,28050,1.74,66.68,1590.44,31.3,1897.05
27-05-2021,28050,1.72,65.93,1570.5,31.25,1896.49
25-05-2021,27800,1.735,65.76,1562.89,31.34,1880.69
24-05-2021,28000,1.75,63.61,1555.23,31.38,1882.34
21-05-2021,27800,1.76,61.73,1559.82,31.37,1876.84
20-05-2021,27800,1.74,63.35,1565.39,31.41,1869.74
19-05-2021,27800,1.69,65.3,1561.97,31.43,1869.59
18-05-2021,27800,1.67,66.31,1559.93,31.49,1866.59
17-05-2021,27500,1.67,65.44,1542.23,31.36,1843.84
14-05-2021,27050,1.7,63.84,1555.72,31.36,1826.49
13-05-2021,27000,1.69,65.78,1554.1,31.29,1815.9
12-05-2021,27050,1.695,65.44,1576.66,31.16,1837.4
11-05-2021,27000,1.69,64.94,1579.25,31.11,1834.58
10-05-2021,26950,1.68,65.25,1596.61,31.09,1833.24
07-05-2021,26800,1.65,64.86,1582.25,31.24,1815.48
06-05-2021,26350,1.65,65.26,1553.27,31.13,1787.09
05-05-2021,26300,1.65,66.2,1581.86,31.18,1778.91
30-04-2021,26150,1.7,64.76,1591.12,31.19,1772.9
29-04-2021,26450,1.71,63.59,1584.55,31.35,1780.9
28-04-2021,26350,1.72,62.92,1565.7,31.35,1776.8
27-04-2021,26450,1.66,61.8,1564.06,31.43,1780.42
26-04-2021,26450,1.68,62.03,1552.05,31.42,1776.34
23-04-2021,26600,1.73,61.56,1563.46,31.39,1784.33
22-04-2021,26600,1.72,61.05,1585.91,31.32,1794.15
21-04-2021,26400,1.74,62.33,1576.19,31.28,1778.64
20-04-2021,26150,1.73,63.53,1574.38,31.23,1770.3
19-04-2021,26250,1.74,63.01,1555.01,31.21,1779.5
16-04-2021,26050,1.72,63.35,1543.59,31.17,1763.84
12-04-2021,25950,1.76,59.43,1561.53,31.45,1743.8
09-04-2021,26100,1.71,59.78,1562.2,31.41,1756.54
08-04-2021,25800,1.76,59.56,1554.64,31.37,1737.84
07-04-2021,25750,1.765,59.28,1566.11,31.3,1742.96
05-04-2021,25600,1.79,61.48,1599.33,31.31,1728.74
01-04-2021,25300,1.79,59.48,1594.01,31.25,1708.09
31-03-2021,25000,1.78,60.4,1592.26,31.31,1685.59
30-03-2021,25300,1.75,61.92,1589.68,31.2,1712.55
29-03-2021,25550,1.75,60.94,1582.73,31.12,1732.15
26-03-2021,25550,1.72,58.44,1577.47,31.15,1727.3
25-03-2021,25500,1.72,60.8,1576.27,31.01,1735.65
24-03-2021,25400,1.68,57.42,1557.5,31,1727.8
23-03-2021,25400,1.76,61.18,1572.7,30.87,1739.05
22-03-2021,25400,1.8,61.6,1563.56,30.82,1745.74
19-03-2021,25350,1.83,59.65,1562.3,30.885,1735.9
18-03-2021,25450,1.81,64.44,1579.72,30.7,1745.09
17-03-2021,25250,1.81,64.87,1562.92,30.76,1730.61
16-03-2021,25200,1.79,65.34,1569.01,30.74,1730.57
15-03-2021,25150,1.83,65.56,1573.11,30.72,1727.74
12-03-2021,24950,1.69,65.95,1579.71,30.55,1721.59
11-03-2021,25100,1.76,64.62,1582.69,30.69,1726.55
10-03-2021,24950,1.78,63.81,1553.27,30.73,1715.94
09-03-2021,24700,1.91,64.6,1553,30.81,1682.55
08-03-2021,24800,1.79,66.5,1559.17,30.52,1702.8
05-03-2021,24500,1.78,63.94,1531.05,30.41,1698.59
04-03-2021,24700,1.78,60.93,1535.76,30.34,1711.84
03-03-2021,24900,1.68,59.4,1510.27,30.25,1738.59
02-03-2021,24650,1.655,60.04,1503.91,30.23,1724.1
01-03-2021,25200,1.65,61.42,1493.55,30.46,1733.4
25-02-2021,25600,1.61,63.22,1508.82,30.05,1804.8
24-02-2021,25750,1.545,61.07,1503.56,30.03,1805.34
23-02-2021,25700,1.51,61.9,1487.53,30,1809.09
22-02-2021,25400,1.51,58.93,1504.65,29.97,1782.24
19-02-2021,25200,1.43,60.18,1504.98,30.01,1776.19
18-02-2021,25500,1.39,61.71,1519.79,30,1776.69
17-02-2021,25500,1.39,60.28,1519.74,29.95,1794.65
16-02-2021,25800,1.38,59.83,1528.43,29.9,1819.34
15-02-2021,25850,1.36,60.36,1515.91,29.89,1825.34
11-02-2021,26050,1.31,58.26,1520.68,29.91,1842.65
10-02-2021,26050,1.3,58.33,1526.34,29.92,1837.55
09-02-2021,26050,1.315,57.99,1524.58,29.99,1830.59
08-02-2021,25800,1.27,56.95,1508.45,30.08,1815.44
05-02-2021,25650,1.24,56.32,1491.07,30.09,1792.49
04-02-2021,26000,1.255,55.8,1486.5,30.02,1834.34
03-02-2021,26200,1.255,54.96,1498.5,30.01,1837.49
02-02-2021,26400,1.235,53.35,1491.02,29.99,1860.84
01-02-2021,26250,1.23,51.9,1465.76,29.88,1863.05
29-01-2021,26200,1.205,52.03,1478.76,29.98,1840.9
28-01-2021,26150,1.205,52.54,1482.5,30.01,1844.34
27-01-2021,26200,1.215,52.67,1510.68,29.97,1850.65
26-01-2021,26350,1.21,52.81,1497.03,29.99,1855.55
25-01-2021,26350,1.205,52.08,1498.36,29.99,1855.75
22-01-2021,26450,1.22,53.01,1508.92,29.93,1870.09
21-01-2021,26500,1.22,52.81,1525.63,29.97,1871.07
20-01-2021,26250,1.24,53.06,1524.91,29.99,1840.05
19-01-2021,26250,1.25,52,1519.37,30.12,1838.09
18-01-2021,26050,1.25,52.2,1511.04,30.07,1828.94
15-01-2021,26300,1.29,53.77,1537.03,29.99,1846.8
14-01-2021,26250,1.23,52.89,1545.35,30.02,1843.94
13-01-2021,26450,1.25,53.34,1548.3,30.05,1856.19
12-01-2021,26400,1.23,52.19,1536.75,30.15,1845.34
11-01-2021,26150,1.21,52.55,1539.79,30.11,1849.34
08-01-2021,27250,1.23,50.9,1528.12,30.05,1912.9
07-01-2021,27200,1.2,50.55,1510.64,29.94,1919.4
06-01-2021,27600,1.16,49.93,1506.56,29.92,1950.3
05-01-2021,27400,1.11,47.54,1467.89,29.9,1942.65
04-01-2021,27150,1.17,48.49,1428.8,29.99,1906.05
30-12-2020,26750,1.165,48.26,1467.74,30.06,1878.34
29-12-2020,26750,1.19,47.87,1452.39,30.18,1872.24
28-12-2020,27000,1.19,48.39,1505.15,30.03,1885.93
24-12-2020,26850,1.18,48.2,1420.6,30.2,1872.74
23-12-2020,26650,1.17,46.93,1422.59,30.22,1859.99
22-12-2020,26800,1.205,48,1405.42,30.09,1876.65
21-12-2020,26900,1.22,49.26,1429.5,29.83,1883.2
18-12-2020,26550,1.225,48.57,1485.27,29.79,1885.8
17-12-2020,26450,1.265,48.07,1487.7,30.03,1864.26
16-12-2020,26350,1.235,47.77,1487.28,30.05,1853.94
15-12-2020,26100,1.255,47.18,1468.22,30.1,1827.8
14-12-2020,26200,1.28,46.92,1491.87,30.08,1839.3
09-12-2020,26550,1.265,45.75,1490.77,30.04,1871.19
08-12-2020,26600,1.29,45.82,1448.08,30.16,1863.55
04-12-2020,26250,1.315,45.76,1439.82,30.19,1841.05
03-12-2020,26150,1.355,45.14,1424.16,30.21,1831.34
02-12-2020,25950,1.36,44.54,1416.58,30.25,1815.19
01-12-2020,25550,1.345,45.25,1418.06,30.28,1777.4
30-11-2020,25600,1.35,45.57,1429.99,30.34,1789.05
27-11-2020,26000,1.355,46.12,1431.26,30.29,1811.09
26-11-2020,26000,1.34,45.77,1420.96,30.29,1805.74
25-11-2020,26050,1.36,45.05,1416.84,30.34,1807.69
24-11-2020,26350,1.345,43.04,1429.44,30.35,1836.65
23-11-2020,26850,1.35,42.64,1397.53,30.3,1869.84
20-11-2020,26800,1.355,41.88,1369.96,30.37,1867.59
19-11-2020,26900,1.355,41.87,1363.58,30.31,1871.44
18-11-2020,26900,1.35,41.55,1345.76,30.16,1878.6
17-11-2020,27000,1.365,41.65,1356.41,30.2,1889.15
16-11-2020,27100,1.37,40.44,1360.94,30.17,1888.74
13-11-2020,26950,1.36,41.21,1330.49,30.22,1876.44
12-11-2020,26800,1.38,41.72,1340.43,30.33,1865.3
11-11-2020,27000,1.38,42.08,1353.65,30.36,1877.34
10-11-2020,27100,1.37,40.19,1330.14,30.58,1862.15
09-11-2020,28300,1.34,37.64,1281.41,30.63,1954.65
06-11-2020,28250,1.335,38.82,1265.84,30.76,1949.24
05-11-2020,28000,1.36,39.42,1234.61,30.99,1903.65
04-11-2020,28000,1.4,38.46,1223.67,31.03,1908.59
03-11-2020,27900,1.37,37.37,1210.06,31.12,1895.8
02-11-2020,27750,1.375,35.5,1196.64,31.16,1878.59
30-10-2020,27700,1.375,36.41,1204.05,31.22,1868.24
29-10-2020,27800,1.37,37.76,1200.43,31.27,1876.94
28-10-2020,28200,1.36,39.3,1207.42,31.23,1908.05
27-10-2020,28250,1.36,38.95,1201.45,31.27,1902.19
26-10-2020,28200,1.38,39.98,1212.49,31.32,1902.34
22-10-2020,28300,1.37,40.31,1214.63,31.19,1924.34
21-10-2020,28300,1.395,41.45,1217.1,31.23,1908.65
20-10-2020,28100,1.385,40.93,1205.33,31.2,1904.24
19-10-2020,28100,1.38,40.92,1221.88,31.18,1899.94
16-10-2020,28150,1.375,41.16,1245.4,31.22,1907.95
15-10-2020,28000,1.365,41.43,1255.05,31.145,1900.31
14-10-2020,28000,1.365,40.49,1269.49,31.27,1891.9
12-10-2020,28300,1.375,40.72,1269.5,31.04,1930.5
09-10-2020,28100,1.365,41.6,1279.79,31.21,1894.19
08-10-2020,27900,1.365,40.23,1269.85,31.24,1887.4
07-10-2020,27900,1.375,40.12,1248.25,31.25,1878.84
06-10-2020,28300,1.38,39.62,1251.89,31.3,1913.28
05-10-2020,28350,1.37,37.34,1245.79,31.58,1902.24
02-10-2020,28400,1.355,38.92,1245.11,31.56,1905.65
01-10-2020,28250,1.35,40.15,1244.23,31.61,1885.8
30-09-2020,28400,1.35,39.43,1259.08,31.615,1897.81
29-09-2020,28300,1.35,40.84,1266.77,31.67,1881.4
28-09-2020,27900,1.34,40.24,1251.23,31.65,1859
25-09-2020,27850,1.355,40.35,1251.67,31.59,1868.61
24-09-2020,27900,1.34,39.87,1255.79,31.57,1863.42
23-09-2020,28300,1.36,40.03,1271.19,31.39,1900.2
22-09-2020,28400,1.32,39.84,1271.36,31.295,1912.8
21-09-2020,28650,1.32,41.19,1293.77,31.12,1949.55
18-09-2020,28750,1.36,41.2,1287.74,31.19,1943.87
17-09-2020,28750,1.335,40.41,1289.6,31.1,1959.99
16-09-2020,28900,1.32,38.65,1287.01,31.19,1956.19
15-09-2020,28950,1.31,37.6,1276.93,31.3,1957.31
14-09-2020,28850,1.33,37.6,1285.16,31.31,1941.05
11-09-2020,28850,1.39,37.34,1290.16,31.31,1955.2
10-09-2020,28750,1.44,38.16,1295.01,31.26,1946.06
09-09-2020,28650,1.43,37.18,1279.24,31.41,1932.26
08-09-2020,28650,1.445,39.86,1305.64,31.39,1929.14
03-09-2020,28850,1.43,41.96,1320.63,31.34,1943
02-09-2020,29050,1.45,43.35,1304.7,31.16,1969.71
01-09-2020,29100,1.45,43.12,1312.75,31.08,1967.58
31-08-2020,28900,1.45,43.3,1328.7,31.1,1965.39
28-08-2020,28650,1.49,43.27,1335.3,31.3,1929.44
27-08-2020,28750,1.415,43.78,1322.48,31.27,1953.35
26-08-2020,28650,1.4,43.74,1317.74,31.46,1928.66
25-08-2020,28850,1.35,42.71,1324.81,31.49,1932.66
24-08-2020,28850,1.325,42.72,1305.22,31.57,1938.63
21-08-2020,28950,1.33,43.01,1305.82,31.41,1946.96
20-08-2020,28850,1.34,42.95,1296.37,31.28,1929.28
19-08-2020,29400,1.32,42.81,1331.54,31.15,2001.22
18-08-2020,29350,1.3,43.05,1321.38,31.15,1985.47
17-08-2020,28550,1.31,42.45,1329.82,31.13,1946.22
14-08-2020,28650,1.34,42.62,1345.56,31.05,1953.98
13-08-2020,28400,1.34,42.88,1349.08,31.09,1920.87
11-08-2020,29700,1.31,42.21,1334.1,31.12,2027.11
10-08-2020,29900,1.26,41.63,1327.16,31.21,2033.71
07-08-2020,30350,1.225,42.19,1331.92,31.12,2064.52
06-08-2020,29850,1.225,42.42,1336.13,31.03,2040.03
05-08-2020,29450,1.2,41.8,1335.52,31.04,2018.98
04-08-2020,29050,1.225,41.08,1330.6,31.19,1976.45
03-08-2020,29100,1.22,40.7,1324.46,31.25,1980.43
31-07-2020,29000,1.23,40.65,1314.99,31.38,1960.96
30-07-2020,29100,1.25,41.59,1345.09,31.43,1970.89
29-07-2020,29050,1.25,41.29,1346.6,31.48,1959.71
24-07-2020,28200,1.24,41.23,1348.81,31.72,1886.83
23-07-2020,27850,1.23,42.1,1356.97,31.62,1871.97
22-07-2020,27650,1.25,41.68,1380.97,31.59,1841.89
21-07-2020,27250,1.25,40.8,1366.83,31.79,1815.53
20-07-2020,27150,1.27,40.77,1358.62,31.7,1809.28
17-07-2020,27000,1.27,40.9,1353.27,31.71,1797.3
16-07-2020,27050,1.26,41.19,1354.23,31.54,1811.72
15-07-2020,26950,1.3,40.79,1351.5,31.54,1808.14
14-07-2020,26800,1.3,39.84,1332.87,31.4,1802.77
13-07-2020,26700,1.29,40.57,1361.75,31.32,1798.69
10-07-2020,26700,1.29,39.83,1357.99,31.23,1801.71
09-07-2020,26650,1.33,41.03,1367.24,31.22,1810.68
08-07-2020,26550,1.33,40.57,1371.91,31.23,1794.93
07-07-2020,26250,1.31,40.75,1389.18,31.11,1784.57
03-07-2020,26150,1.29,40.23,1377.67,31.08,1774.03
02-07-2020,26000,1.28,39.85,1357.21,31.04,1769.6
01-07-2020,26100,1.24,39.88,1345.62,30.91,1780.91
30-06-2020,25900,1.2,39.76,1344.54,30.89,1771.77
29-06-2020,25850,1.2,38.12,1320.73,30.91,1773.27
26-06-2020,25800,1.23,39.23,1335.55,30.91,1762.35
25-06-2020,25750,1.21,38.26,1317.72,30.87,1759.76
24-06-2020,25850,1.25,40.16,1362.42,30.94,1769.09
23-06-2020,25700,1.26,40.78,1359.55,30.96,1756.03
22-06-2020,25700,1.28,39.02,1359.3,30.98,1749
19-06-2020,25400,1.275,39.03,1376.89,31.1,1723.16
18-06-2020,25450,1.315,38,1359.68,31.14,1725.57
17-06-2020,25450,1.28,38.21,1362.78,31.13,1727.34
16-06-2020,25400,1.26,37.38,1374.59,31.02,1725.79
15-06-2020,25400,1.21,36.26,1373.5,30.97,1732.35
12-06-2020,25450,1.22,36.46,1359,31.08,1728.32
11-06-2020,25350,1.17,39.25,1413.2,31.13,1737.11
10-06-2020,25450,1.22,38.72,1417.04,31.31,1714.33
09-06-2020,25250,1.23,38.51,1438.64,31.43,1700.25
08-06-2020,25250,1.36,39.67,1449.76,31.49,1684.16
05-06-2020,25600,1.37,37.64,1416.72,31.56,1711.2
04-06-2020,25600,1.29,37.06,1396.25,31.57,1699.11
02-06-2020,26050,1.18,35.94,1361.64,31.66,1740.93
01-06-2020,26100,1.19,35.62,1355.39,31.84,1736.42
29-05-2020,25950,1.2,34.06,1333.7,31.88,1721.7
28-05-2020,25900,1.2,32.48,1356.02,31.92,1709.68
27-05-2020,25900,1.11,34.54,1339.18,31.88,1712.03
26-05-2020,26200,1.07,33.77,1335.87,31.97,1729.65
25-05-2020,26150,1.07,32.92,1308.16,31.89,1734.73
22-05-2020,26100,1.11,34.41,1309.92,31.85,1725.26
21-05-2020,26300,1.12,33.93,1330.84,31.82,1750.18
20-05-2020,26350,1.14,32.41,1311.36,31.93,1744.44
19-05-2020,26300,1.16,32.39,1308.96,32.01,1733.37
18-05-2020,26600,1.13,29.81,1290.11,32.07,1742.93
15-05-2020,26250,1.11,28.02,1287.06,32.1,1731.13
14-05-2020,26000,1.1,25.97,1286.63,32.08,1715.01
13-05-2020,25900,1.13,25.8,1297.03,32.1,1701.21
12-05-2020,25900,1.09,25.39,1286.31,32.2,1696.25
11-05-2020,26000,1.11,25.91,1277.41,32.2,1703.76
08-05-2020,26150,1.11,24.81,1265.23,32.35,1717.46
07-05-2020,26000,1.12,25.56,1274.5,32.44,1686.08
05-05-2020,26000,1.19,23.56,1287.7,32.39,1701.78
30-04-2020,26150,1.22,19.33,1297.93,32.41,1715.22
29-04-2020,26150,1.25,18.01,1282.57,32.47,1708.72
28-04-2020,26100,1.29,18.24,1267.46,32.47,1716.19
27-04-2020,26350,1.26,21.13,1271.22,32.44,1724.86
24-04-2020,26350,1.27,21.85,1274.21,32.34,1733.32
23-04-2020,26100,1.27,20.99,1266.61,32.37,1713
22-04-2020,25900,1.23,20.26,1245.9,32.52,1686.47
21-04-2020,26000,1.28,21.32,1247.52,32.51,1694.22
20-04-2020,25800,1.38,24.76,1241.94,32.49,1691.44
17-04-2020,26100,1.38,26.42,1230.34,32.68,1713.49
16-04-2020,26200,1.4,26.26,1226.16,32.7,1716.29
15-04-2020,26250,1.41,27.84,1253.92,32.66,1729.43
14-04-2020,26250,1.42,29.2,1252.5,32.7,1714.09
13-04-2020,25700,1.44,30.3,1229.21,32.69,1682.25
09-04-2020,25350,1.49,30.82,1220.78,32.73,1644.28
08-04-2020,25400,1.47,29.21,1202,32.73,1645.94
07-04-2020,25650,1.45,30.21,1184.87,32.83,1662.38
03-04-2020,25050,1.64,27.34,1150.86,32.94,1609.99
02-04-2020,24850,1.62,24.19,1113.91,33.11,1590.75
01-04-2020,24650,1.55,24.18,1117.51,32.75,1569.45
31-03-2020,24900,1.47,24.25,1108.79,32.67,1612.25
30-03-2020,24900,1.46,24.68,1087.35,32.54,1617.38
27-03-2020,24800,1.47,26.23,1112.83,32.63,1634.99
26-03-2020,24550,1.49,27.04,1074.64,32.75,1620.16
25-03-2020,24800,1.52,26.64,1063.23,32.76,1618.79
24-03-2020,24450,1.5,25.87,1064.33,32.83,1565.36
23-03-2020,23250,1.57,24.4,1045.65,32.7,1508.25
20-03-2020,22800,1.77,25.59,1077.65,32.6,1470.39
19-03-2020,23000,1.59,22.82,1019.07,32.61,1486.1
18-03-2020,23450,1.32,27.3,1053.04,32.16,1527.3
17-03-2020,22700,1.32,28.99,1045.09,32.15,1512.05
16-03-2020,23300,1.2,32.69,1072.3,31.84,1550.59
13-03-2020,23750,1.03,31.35,1008.06,31.76,1576.83
12-03-2020,24450,1.03,33.43,1184.16,31.5,1634.69
11-03-2020,24700,0.98,35,1268.56,31.43,1649.69
10-03-2020,24800,0.89,30.75,1262.8,31.47,1678.9
09-03-2020,25250,0.89,32.87,1272.95,31.42,1694.6
06-03-2020,25000,0.96,46.22,1373.19,31.56,1670.66
05-03-2020,24400,1,47.38,1391.35,31.34,1635.83
04-03-2020,24450,1.01,47.1,1361.44,31.42,1639.85
03-03-2020,23850,1.1,47.98,1357.72,31.49,1590.78
02-03-2020,23750,1.075,43.93,1355.99,31.53,1590.99
28-02-2020,24550,1.08,46.68,1348.46,31.68,1642.14
27-02-2020,24850,1.05,48.7,1369.83,31.85,1640.56
26-02-2020,24750,1.065,50.22,1425.56,31.75,1635.46
25-02-2020,24800,1.09,51.5,1436.24,31.7,1660.72
24-02-2020,24950,1.1,52.79,1473.57,31.64,1658.96
21-02-2020,24250,1.1,53.93,1480.53,31.45,1619.79
20-02-2020,23800,1.15,53.7,1504.48,31.21,1611.71
19-02-2020,23600,1.13,52.36,1517.78,31.21,1601.8
18-02-2020,23400,1.15,52.49,1521,31.185,1583.31
17-02-2020,23350,1.215,52.34,1528.48,31.205,1584.75
14-02-2020,23200,1.26,51.73,1537.16,31.145,1576.29
13-02-2020,23150,1.29,51.87,1539.31,31.115,1565.62
12-02-2020,23150,1.28,50.16,1530.59,31.265,1567.73
11-02-2020,23200,1.21,49.78,1538.31,31.325,1572.01
07-02-2020,23100,1.28,51.31,1536.28,31.14,1566.96
06-02-2020,22850,1.33,51.35,1538.29,30.99,1556.88
05-02-2020,22900,1.35,49.68,1521.67,30.98,1552.57
04-02-2020,23200,1.295,50.04,1501.34,31.08,1576.3
03-02-2020,23400,1.3,51.15,1507.28,31.205,1589.85
31-01-2020,23200,1.35,52.97,1528.86,31.1,1574.27
30-01-2020,23200,1.355,53.1,1516.36,30.97,1576.98
29-01-2020,22850,1.38,54,1522.88,30.83,1566.21
28-01-2020,23000,1.35,52.72,1519.55,30.71,1582.05
27-01-2020,22950,1.36,53.57,1546.9,30.58,1579.99
24-01-2020,22550,1.4,55.72,1575.07,30.51,1563.29
23-01-2020,22400,1.435,56.13,1570.66,30.4,1558.93
22-01-2020,22350,1.43,58.24,1579.25,30.41,1558.03
21-01-2020,22500,1.46,59.35,1584.17,30.36,1560.85
20-01-2020,22400,1.47,59.28,1597.5,30.38,1558.56
17-01-2020,22400,1.45,58.61,1600.28,30.38,1552.9
16-01-2020,22300,1.425,58.12,1582.77,30.31,1556.17
15-01-2020,22200,1.43,58.23,1582.96,30.255,1546.26
14-01-2020,22100,1.41,58.06,1589.68,30.205,1548.31
13-01-2020,22300,1.385,59.08,1586.13,30.235,1562.29
10-01-2020,22200,1.4,59.51,1583.48,30.275,1552.26
09-01-2020,22400,1.41,59.85,1572.74,30.365,1555.76
08-01-2020,22750,1.35,62.63,1569.82,30.305,1573.99
07-01-2020,22250,1.375,62.67,1578.52,30.165,1565.93
06-01-2020,22500,1.41,63.43,1584.13,30.165,1560.59
03-01-2020,21900,1.48,60.96,1596.95,30.155,1529.11
02-01-2020,21650,1.495,61.29,1584.35,30.145,1517.13
30-12-2019,21600,1.495,61.49,1581.05,30.165,1511.49
26-12-2019,21450,1.5,61.07,1573.81,30.165,1499.41
23-12-2019,21150,1.565,60.19,1574.85,30.195,1478.2
19-12-2019,21150,1.555,60.81,1558.8,30.235,1475.29
18-12-2019,21150,1.585,60.49,1555.55,30.255,1476.45
17-12-2019,21150,1.58,60.16,1551.71,30.225,1476.25
16-12-2019,21600,1.605,59.83,1572.64,30.205,1475.45
12-12-2019,21100,1.545,58.77,1558.6,30.265,1474.85
11-12-2019,21000,1.54,58.98,1555.38,30.325,1464.04
09-12-2019,21000,1.605,59.03,1559.84,30.345,1459.19
04-12-2019,21200,1.59,56.33,1562.22,30.265,1477.21
03-12-2019,20950,1.64,56,1562.63,30.275,1462.5
02-12-2019,20900,1.64,55.45,1588.59,30.225,1466.73
27-11-2019,20900,1.675,58.2,1611.85,30.225,1461.35
26-11-2019,20850,1.695,57.85,1618.15,30.235,1455.28
25-11-2019,20950,1.71,57.83,1603.13,30.205,1462.14
21-11-2019,21050,1.67,56.91,1594.95,30.195,1471.4
20-11-2019,21050,1.69,55.26,1599.42,30.195,1472.39
19-11-2019,21000,1.735,57,1605.47,30.205,1470.85
18-11-2019,21000,1.73,57.97,1605.19,30.255,1467.51
14-11-2019,20950,1.73,57.42,1616.61,30.245,1463.18
13-11-2019,20950,1.73,56.83,1621.91,30.335,1457.19
12-11-2019,20950,1.73,56.91,1625.42,30.345,1455.79
11-11-2019,21100,1.74,57.38,1632.77,30.375,1458.96
07-11-2019,21400,1.61,56.37,1623.64,30.295,1490.29
06-11-2019,21350,1.63,57.3,1627.23,30.255,1484.1
05-11-2019,21550,1.6,56.6,1628.73,30.215,1509.64
04-11-2019,21600,1.555,56.47,1601.9,30.185,1513.8
31-10-2019,21400,1.58,54.99,1606.71,30.215,1496.39
30-10-2019,21350,1.59,55.62,1594.4,30.255,1487.6
29-10-2019,21400,1.59,55.88,1601.44,30.24,1492.64
28-10-2019,21550,1.55,56.7,1591.64,30.175,1504.21
24-10-2019,21400,1.57,55.9,1636.07,30.285,1492.3
22-10-2019,21300,1.595,53.6,1625.06,30.265,1484.66
21-10-2019,21400,1.575,53.83,1630.43,30.315,1492.02
17-10-2019,21450,1.55,53.08,1638.98,30.365,1490.4
16-10-2019,21400,1.545,52.98,1629.88,30.435,1481.28
15-10-2019,21500,1.54,53.56,1631.05,30.415,1493.25
10-10-2019,21650,1.51,52.61,1614.07,30.335,1505.6
09-10-2019,21650,1.49,52.57,1610.65,30.425,1506.06
08-10-2019,21550,1.49,52.7,1620.29,30.47,1493.4
07-10-2019,21750,1.47,52.59,1611.74,30.455,1504.76
03-10-2019,21750,1.49,52.31,1606.38,30.615,1499.55
02-10-2019,21450,1.5,53.85,1617.83,30.625,1479.19
01-10-2019,21300,1.495,54.13,1637.59,30.595,1472.3
30-09-2019,21700,1.52,56.39,1643.13,30.635,1497.08
26-09-2019,21900,1.53,56.55,1633.92,30.605,1503.89
25-09-2019,22150,1.485,56.45,1624.69,30.545,1531.6
24-09-2019,21950,1.505,58.21,1623.6,30.475,1522.5
23-09-2019,21900,1.525,58.98,1635.31,30.485,1516.65
19-09-2019,21650,1.555,58.17,1656.66,30.535,1493.6
18-09-2019,21700,1.59,58.62,1663.62,30.525,1501.4
17-09-2019,21700,1.59,61.72,1661.59,30.515,1499.45
16-09-2019,21750,1.62,60.16,1666.77,30.485,1503.59
12-09-2019,21650,1.63,55.85,1678.32,30.585,1497.45
11-09-2019,21650,1.71,57.76,1669.36,30.615,1486.45
10-09-2019,21650,1.69,57.91,1675.1,30.645,1499.6
09-09-2019,21950,1.55,56.68,1673.22,30.645,1507.1
05-09-2019,22350,1.48,55.77,1670.91,30.555,1552.45
04-09-2019,22350,1.46,53.75,1650.87,30.615,1547.05
03-09-2019,22150,1.475,54.76,1657.3,30.635,1529.6
29-08-2019,22150,1.445,55.69,1621.92,30.635,1539.2
28-08-2019,22300,1.43,55.54,1618.3,30.625,1541.69
27-08-2019,22150,1.46,53.65,1625.04,30.595,1526.25
26-08-2019,22300,1.47,53.16,1620.36,30.675,1539.25
22-08-2019,21900,1.54,55.7,1628.1,30.785,1502.1
21-08-2019,21950,1.55,55.78,1628.55,30.785,1507.7
20-08-2019,21850,1.535,56.13,1642.82,30.865,1495.55
19-08-2019,22050,1.5,54.95,1639.42,30.915,1511
15-08-2019,22150,1.46,54.92,1605,30.835,1516.74
14-08-2019,21900,1.525,56.73,1634.72,30.805,1501.38
13-08-2019,22050,1.51,54.68,1642.82,30.845,1510.61
08-08-2019,21800,1.58,52.24,1670.93,30.825,1501.95
07-08-2019,21550,1.72,53.37,1672.52,30.735,1474.25
06-08-2019,21350,1.72,54.8,1652.72,30.835,1464.2
05-08-2019,21050,1.77,55.36,1675.02,30.755,1440.6
01-08-2019,20600,1.9,57.96,1706.56,30.905,1411.21
31-07-2019,20800,1.885,58.42,1704.04,30.795,1430.91
30-07-2019,20800,1.895,57.07,1718.55,30.875,1426.71
25-07-2019,20850,1.96,56,1727.13,30.915,1426.6
24-07-2019,20800,1.985,57.26,1727.81,30.905,1417.26
23-07-2019,20750,1.995,56.28,1730.7,30.835,1425.15
22-07-2019,20800,1.94,56.2,1733.24,30.835,1425.15
18-07-2019,20750,1.99,56.72,1714.75,30.895,1426.9
17-07-2019,20600,1.99,57.65,1726.04,30.935,1406.41
15-07-2019,20650,2,60.36,1733.77,30.905,1415.9
11-07-2019,20600,1.99,60.5,1745.85,30.655,1419.4
10-07-2019,20350,2.02,58.45,1726.73,30.815,1397.8
09-07-2019,20350,1.995,57.69,1728.46,30.825,1395.3
08-07-2019,20350,2.05,57.89,1727.1,30.775,1399.95
03-07-2019,20600,2.05,56.59,1733.51,30.575,1419.95
02-07-2019,20250,2.13,59.23,1738.84,30.665,1383.4
01-07-2019,20250,2.19,59.14,1744.13,30.675,1392.83
27-06-2019,20500,2.17,59.3,1726.77,30.755,1409.56
26-06-2019,20650,2.17,58.86,1717.19,30.765,1423.91
25-06-2019,20650,2.16,57.8,1716.05,30.665,1419.17
24-06-2019,20450,2.21,57.8,1722.64,30.815,1401.35
20-06-2019,20250,2.18,54.38,1711.37,31.195,1360.36
19-06-2019,19900,2.18,54.3,1693.85,31.225,1346.56
18-06-2019,19900,2.17,52.15,1667.3,31.365,1340.09
17-06-2019,19850,2.16,52.71,1674.26,31.245,1341.91
13-06-2019,19750,2.18,51.31,1669.53,31.285,1334
12-06-2019,19700,2.25,53.3,1669.08,31.265,1326.78
11-06-2019,19750,2.25,53.6,1667.55,31.345,1328.26
10-06-2019,19750,2.26,54.4,1661.72,31.275,1335.96
06-06-2019,19750,2.255,51.8,1648.54,31.41,1332.36
05-06-2019,19700,2.315,53.01,1647.52,31.32,1325.5
04-06-2019,19650,2.3,53,1624.65,31.33,1325.05
30-05-2019,19300,2.415,59.21,1619.26,31.83,1279.71
29-05-2019,19350,2.415,59.29,1631.29,31.85,1279.71
28-05-2019,19400,2.43,59.01,1627.86,31.83,1285.59
23-05-2019,19300,2.455,61.35,1622.21,31.94,1273.8
22-05-2019,19300,2.48,63.04,1616.55,31.96,1274.61
21-05-2019,19300,2.47,63.3,1608.82,31.88,1277.95
16-05-2019,19350,2.44,62.33,1623.33,31.55,1296.75
15-05-2019,19350,2.46,61.56,1636.83,31.52,1297.17
14-05-2019,19450,2.45,61.06,1631.52,31.63,1300.11
13-05-2019,19300,2.475,61.8,1648.09,31.555,1286.56
09-05-2019,19350,2.47,62.13,1653.12,31.81,1280.49
08-05-2019,19450,2.455,61.58,1662.05,31.91,1284.16
07-05-2019,19400,2.46,62.15,1669.38,31.88,1281.55
02-05-2019,19350,2.475,63.7,1677,32,1276.81
30-04-2019,19400,2.48,63.5,1668.02,31.915,1279.98
29-04-2019,19450,2.455,62.98,1665.57,31.91,1286.4
25-04-2019,19400,2.47,65.85,1673.25,32.05,1275.6
24-04-2019,19300,2.49,66.13,1674.43,31.99,1272.31
23-04-2019,19300,2.49,65.75,1674.82,31.895,1275.26
22-04-2019,19350,2.48,64.07,1677.83,31.83,1275.83
17-04-2019,19300,2.51,64.46,1665.68,31.84,1276.86
11-04-2019,19650,2.45,64.51,1661.57,31.74,1307.95
10-04-2019,19650,2.455,64.2,1659.29,31.77,1303.96
09-04-2019,19600,2.45,64.4,1650.55,31.88,1297.24
04-04-2019,19450,2.495,62.56,1649.39,31.74,1289.95
03-04-2019,19450,2.5,62.7,1653.08,31.785,1292.21
02-04-2019,19400,2.54,61.92,1650.54,31.68,1287.55
01-04-2019,19450,2.5,60.36,1645.37,31.68,1291.33
28-03-2019,19800,2.41,59.61,1626.6,31.91,1309.85
27-03-2019,19800,2.43,60.16,1632.27,31.63,1315.81
26-03-2019,19750,2.45,59.22,1626.89,31.55,1321.51
25-03-2019,19700,2.42,59.24,1632.03,31.72,1313.05
21-03-2019,19750,2.49,60.25,1631.79,31.65,1312.64
20-03-2019,19600,2.59,59.29,1631.44,31.685,1305.61
19-03-2019,19600,2.55,59.31,1617.87,31.71,1303.45
18-03-2019,19500,2.545,58.75,1628.85,31.63,1301.64
14-03-2019,19550,2.535,58.65,1642.36,31.61,1309.61
13-03-2019,19550,2.53,57.4,1626.42,31.65,1302.01
12-03-2019,19450,2.54,57.1,1631.88,31.68,1293.71
11-03-2019,19500,2.52,56.43,1633.45,31.74,1298.7
07-03-2019,19450,2.54,56.57,1624.76,31.86,1286.71
06-03-2019,19400,2.57,56.65,1636.68,31.76,1287.62
05-03-2019,19500,2.56,56.93,1633.51,31.85,1286.67
04-03-2019,19550,2.555,56.15,1641.32,31.785,1293.62
28-02-2019,19700,2.495,57.43,1666.33,31.45,1320.18
27-02-2019,19750,2.48,56.35,1663.92,31.28,1328.91
26-02-2019,19700,2.495,55.9,1665.89,31.27,1327.44
25-02-2019,19700,2.5,57.62,1665.3,31.32,1328.57
21-02-2019,19750,2.47,57.66,1646.96,31.09,1338.89
20-02-2019,19800,2.495,56.39,1639.16,31.145,1341.25
14-02-2019,19500,2.45,54.31,1658.41,31.4,1306.16
13-02-2019,19450,2.445,53.71,1649.09,31.315,1310.88
12-02-2019,19450,2.46,52.78,1637.48,31.43,1308.55
11-02-2019,19550,2.44,53.04,1644.75,31.48,1314.22
07-02-2019,19400,2.4,54.26,1659.94,31.26,1305.87
06-02-2019,19500,2.425,54.05,1655.14,31.25,1315.03
05-02-2019,19500,2.43,55.13,1653.53,31.31,1311.75
04-02-2019,19500,2.41,55.6,1655.42,31.3,1317.55
31-01-2019,19550,2.43,54.44,1640.34,31.26,1320.18
30-01-2019,19550,2.42,53.54,1626.55,31.455,1312.27
29-01-2019,19500,2.445,52.37,1623,31.525,1303.53
28-01-2019,19450,2.44,53.91,1627.71,31.52,1303.49
24-01-2019,19300,2.42,52.76,1619.12,31.69,1282.74
23-01-2019,19350,2.465,53.28,1601.72,31.78,1285.34
22-01-2019,19300,2.47,53.95,1587.82,31.8,1279.73
17-01-2019,19400,2.475,52.6,1578.14,31.7,1293.99
16-01-2019,19500,2.485,52.29,1581.37,31.91,1289.13
15-01-2019,19550,2.52,51.08,1587.17,31.915,1291.76
14-01-2019,19550,2.525,52.03,1592.58,31.9,1287.16
10-01-2019,19550,2.56,52.5,1590.07,31.96,1293.11
09-01-2019,19500,2.6,50.16,1604.21,32.02,1285.36
08-01-2019,19550,2.52,49.09,1594.07,31.96,1289.13
07-01-2019,19550,2.49,48.61,1584.74,31.96,1285.78
03-01-2019,19700,2.38,46.56,1571.48,32.27,1285.12
02-01-2019,19650,2.51,46.12,1567.09,32.05,1281.62
27-12-2018,19600,2.41,46.87,1582.22,32.58,1266.89
26-12-2018,19600,2.41,43.07,1556.95,32.635,1270.33
20-12-2018,19350,2.5,47.77,1594.86,32.75,1243.7
19-12-2018,19350,2.57,46.31,1582.58,32.72,1249.67
18-12-2018,19350,2.61,49.46,1594.1,32.8,1246.01
17-12-2018,19250,2.62,51.52,1612.87,32.83,1237.25
13-12-2018,19300,2.645,51.43,1638.96,32.77,1246.02
12-12-2018,19350,2.61,52.14,1642.42,32.85,1243.25
11-12-2018,19350,2.55,51.1,1646.87,32.89,1244.53
06-12-2018,19300,2.58,53.15,1653.09,32.74,1237.87
04-12-2018,19150,2.64,53.31,1674.53,32.8,1231.35
03-12-2018,19100,2.64,51.93,1662.15,32.97,1223.12
29-11-2018,19050,2.69,50.48,1646.62,32.9,1221.43
28-11-2018,19050,2.67,52.3,1636.59,33.05,1214.64
27-11-2018,19150,2.65,51.72,1630.08,33.03,1222.65
26-11-2018,19150,2.63,50.71,1621.99,33.08,1224
21-11-2018,19100,2.66,53.52,1603.73,32.97,1221.55
20-11-2018,19050,2.665,57.51,1631.81,32.94,1224.37
19-11-2018,19050,2.72,57.03,1634.1,32.87,1221.76
15-11-2018,18850,2.73,56.24,1656.6,32.96,1210.87
14-11-2018,18800,2.71,55.49,1655.09,32.96,1202.26
13-11-2018,18900,2.72,59.03,1645.42,33.17,1200.96
12-11-2018,19000,2.75,60.85,1672.85,33.06,1209.46
08-11-2018,19100,2.75,61.82,1685.29,32.82,1225.99
07-11-2018,19200,2.75,61.87,1673.65,32.93,1227.24
06-11-2018,19250,2.75,62.84,1677.45,32.93,1231.66
05-11-2018,19200,2.75,63.02,1670.46,32.85,1233.36
01-11-2018,19100,2.785,65.03,1672.14,33.11,1215.2
31-10-2018,19250,2.81,66.41,1651.07,33.27,1223
30-10-2018,19350,2.785,66.81,1638.83,33.28,1230.17
29-10-2018,19350,2.8,67.66,1632.26,32.99,1234.16
25-10-2018,19250,2.8,66.47,1605.91,32.93,1234.59
24-10-2018,19150,2.8,66.32,1641.61,32.855,1231.06
22-10-2018,18950,2.78,69.6,1669.82,32.55,1228.61
18-10-2018,18900,2.75,69.94,1692.15,32.53,1222.35
17-10-2018,18900,2.74,72.07,1708.09,32.5,1224.08
16-10-2018,18950,2.75,71.54,1697.56,32.65,1227.12
11-10-2018,18650,2.75,72.54,1679.27,33,1195.01
10-10-2018,18550,2.775,74.65,1709.34,32.95,1189.59
09-10-2018,18600,2.8,74.14,1699.99,32.92,1189.01
08-10-2018,18650,2.78,74.4,1719.71,32.78,1203.14
04-10-2018,18500,2.68,76.05,1735.74,32.51,1197.35
03-10-2018,18500,2.69,74.95,1753.79,32.34,1203.39
02-10-2018,18250,2.71,75.12,1757.33,32.27,1189.2
01-10-2018,18250,2.68,73.07,1762.3,32.315,1192.55
27-09-2018,18450,2.69,71.86,1751.7,32.44,1194.8
26-09-2018,18500,2.69,71.91,1752.52,32.4,1201.23
25-09-2018,18450,2.71,71.94,1753.66,32.42,1198.84
24-09-2018,18450,2.71,70.75,1751.29,32.39,1198.56
20-09-2018,18550,2.72,70.98,1757.42,32.405,1204.16
19-09-2018,18550,2.74,69.46,1749.63,32.56,1197.84
18-09-2018,18550,2.7,68.58,1718.49,32.595,1202.14
17-09-2018,18550,2.72,68.7,1717.99,32.67,1193.18
13-09-2018,18650,2.71,70.02,1691.04,32.71,1207.3
12-09-2018,18600,2.725,69.61,1672.04,32.78,1198.93
11-09-2018,18600,2.675,67.41,1690.65,32.825,1195.73
10-09-2018,18650,2.64,67.64,1686.78,32.79,1195.12
06-09-2018,18650,2.66,68.34,1685.38,32.78,1197.19
05-09-2018,18600,2.67,69.09,1709.26,32.81,1191.18
04-09-2018,18650,2.645,69.49,1722.56,32.68,1201.29
30-08-2018,18700,2.64,69.37,1726.28,32.7,1206.32
29-08-2018,18650,2.64,68.23,1721.36,32.58,1201.28
28-08-2018,18650,2.62,68.6,1723.96,32.56,1211.45
27-08-2018,18700,2.635,68.2,1710.04,32.59,1206.92
23-08-2018,18600,2.62,67.72,1705.63,32.69,1195.83
22-08-2018,18550,2.62,65.72,1695.94,32.65,1196.68
21-08-2018,18600,2.63,65.44,1703.82,32.93,1190.59
20-08-2018,18700,2.615,65.21,1698.97,33.17,1183.71
16-08-2018,18550,2.625,64.35,1673.33,33.32,1175.73
15-08-2018,18900,2.62,65.92,1688.64,33.29,1194.5
14-08-2018,18950,2.61,66.75,1692.77,33.36,1194.17
09-08-2018,19150,2.62,65.95,1722.69,33.23,1213.89
08-08-2018,19150,2.65,68.26,1709.16,33.22,1210.7
07-08-2018,19150,2.64,67.89,1701.01,33.365,1207.67
06-08-2018,19200,2.64,67.55,1718,33.24,1214.1
02-08-2018,19200,2.645,66.63,1716.33,33.15,1215.25
01-08-2018,19250,2.6,67.34,1705.48,33.2,1224
31-07-2018,19300,2.63,68.83,1704.04,33.3,1221.73
26-07-2018,19400,2.6,68.05,1700.53,33.24,1231.31
25-07-2018,19400,2.63,67.43,1678.63,33.37,1224.31
24-07-2018,19450,2.64,66.68,1684.2,33.445,1225.06
23-07-2018,19500,2.67,66.59,1672.11,33.32,1231.28
19-07-2018,19400,2.66,67.96,1641.22,33.3,1227.42
18-07-2018,19450,2.615,66.72,1632.17,33.325,1227.73
17-07-2018,19600,2.63,67.11,1624.68,33.26,1240.83
16-07-2018,19650,2.63,69.52,1638.35,33.295,1241.76
12-07-2018,19700,2.66,69.21,1634.73,33.32,1242.06
11-07-2018,19750,2.6,72.67,1631.63,33.17,1255.81
10-07-2018,19750,2.63,72.19,1629.01,33.07,1257.69
09-07-2018,19750,2.6,71.59,1626.11,33.13,1255.12
05-07-2018,19750,2.58,71.68,1626.78,33.155,1256.9
03-07-2018,19600,2.61,71.75,1607.2,33.16,1242.21
02-07-2018,19650,2.62,72,1597.01,32.985,1253.5
28-06-2018,19650,2.58,70.7,1623.67,33.05,1251.91
27-06-2018,19650,2.61,69.46,1631.39,33.025,1258.21
26-06-2018,19800,2.64,67.23,1615.79,32.94,1265.72
25-06-2018,19850,2.665,67.55,1641.02,32.915,1272.66
21-06-2018,19750,2.68,64.9,1663.63,32.81,1268.58
20-06-2018,19800,2.65,64.93,1647.22,32.75,1274.75
19-06-2018,19850,2.66,65.7,1667.47,32.675,1278.41
18-06-2018,19850,2.61,64.22,1694.24,32.62,1279.16
14-06-2018,19750,2.595,66.49,1714.52,32.14,1299.85
13-06-2018,19750,2.59,65.94,1726.47,32.09,1295.47
12-06-2018,19750,2.57,66.03,1725.91,32.065,1300.09
11-06-2018,19750,2.56,65.5,1723.8,32.01,1299.17
07-06-2018,19600,2.58,65.03,1743.63,31.92,1296.41
06-06-2018,19650,2.58,65.43,1737.23,31.935,1297.15
05-06-2018,19600,2.635,64.93,1722.38,32,1292.34
04-06-2018,19650,2.63,65.65,1718.92,31.995,1293.16
31-05-2018,19750,2.685,68.1,1730.02,32.02,1301.51
30-05-2018,19800,2.67,66.7,1717.5,32.1,1299.02
24-05-2018,19700,2.7,71.76,1747.17,32.105,1294.06
23-05-2018,19650,2.755,71.93,1756.2,31.995,1291.5
22-05-2018,19650,2.77,72.62,1769.23,32.165,1292.85
21-05-2018,19700,2.71,71.5,1761.04,32.185,1290.9
17-05-2018,19650,2.64,71.62,1752.24,32.03,1291.13
16-05-2018,19700,2.62,71.14,1757.9,32.12,1290.32
15-05-2018,19850,2.57,71.22,1773.41,31.91,1313.09
14-05-2018,19950,2.555,70.5,1770.32,31.875,1318.56
10-05-2018,20000,2.61,71.15,1762.33,32.13,1312.12
09-05-2018,19900,2.61,69.97,1761.19,31.94,1314.46
08-05-2018,19850,2.51,69.93,1780.49,31.855,1313.57
07-05-2018,19800,2.495,69.69,1785.65,31.73,1315.03
03-05-2018,19700,2.52,67.57,1786.55,31.77,1305.18
02-05-2018,19650,2.475,67.34,1777.27,31.7,1304.38
30-04-2018,19750,2.46,68.04,1782.1,31.485,1322.81
26-04-2018,19800,2.5,67.89,1780.01,31.53,1322.39
25-04-2018,19800,2.47,67.64,1781.28,31.46,1330.12
24-04-2018,19850,2.48,68.78,1796.5,31.54,1324.71
23-04-2018,19850,2.445,68.05,1800.78,31.34,1335.81
19-04-2018,19950,2.46,68.73,1778.2,31.205,1349.33
18-04-2018,19900,2.45,66.69,1761.83,31.21,1347.5
17-04-2018,19900,2.43,66.4,1766.82,31.22,1345.65
12-04-2018,19950,2.43,66.69,1764.2,31.12,1352.7
11-04-2018,19800,2.435,65.42,1763.31,31.195,1339.94
10-04-2018,19750,2.435,63.31,1757,31.28,1336.87
09-04-2018,19750,2.44,62.03,1737.08,31.25,1333.14
05-04-2018,19700,2.45,63.63,1735.74,31.22,1333.02
04-04-2018,19700,2.445,63.53,1767.46,31.19,1332.82
03-04-2018,19800,2.44,62.82,1773.7,31.24,1340.69
02-04-2018,19650,2.44,64.84,1774.72,31.19,1326.2
28-03-2018,19900,2.45,64.65,1797.84,31.22,1345.74
27-03-2018,19950,2.45,65.41,1807.79,31.13,1353.51
26-03-2018,19900,2.445,65.81,1797.27,31.18,1347.91
22-03-2018,19650,2.455,65.29,1809,31.17,1332.15
21-03-2018,19450,2.465,63.53,1806.92,31.2,1311.28
20-03-2018,19500,2.455,62.2,1793.62,31.19,1317
19-03-2018,19450,2.435,62.3,1812.33,31.215,1313.94
15-03-2018,19600,2.415,61,1815.12,31.16,1324.39
14-03-2018,19650,2.425,60.88,1805.22,31.24,1326.42
13-03-2018,19650,2.42,61.33,1797.8,31.3,1322.81
12-03-2018,19650,2.42,61.95,1789.16,31.335,1323.69
08-03-2018,19750,2.395,61.22,1785.44,31.325,1325.84
07-03-2018,19800,2.39,62.13,1797.04,31.31,1334.5
06-03-2018,19700,2.405,62.43,1812.27,31.42,1320.36
05-03-2018,19750,2.4,61.37,1812.27,31.43,1323.75
28-02-2018,19700,2.425,62.7,1828.62,31.48,1318.53
27-02-2018,19850,2.415,63.85,1842.92,31.28,1333.13
26-02-2018,19850,2.44,63.47,1811.54,31.4,1327.56
22-02-2018,19850,2.45,61.17,1801.08,31.545,1323.93
21-02-2018,19900,2.455,61.38,1812.49,31.515,1329.82
20-02-2018,20000,2.445,61.51,1811.16,31.41,1346.74
15-02-2018,20050,2.45,60.55,1799.69,31.335,1350.78
14-02-2018,19850,2.415,58.88,1805.68,31.47,1329.53
13-02-2018,19850,2.435,59.24,1804.64,31.65,1322.29
12-02-2018,19850,2.45,58.77,1790,31.705,1315.04
08-02-2018,19800,2.425,61.45,1787.24,31.66,1318.61
07-02-2018,19850,2.42,63.63,1801.94,31.51,1325.16
06-02-2018,20150,2.395,63.15,1775.42,31.64,1339.68
05-02-2018,19850,2.38,64.69,1798.42,31.47,1332.32
01-02-2018,20000,2.38,64.53,1833.53,31.34,1345.4
31-01-2018,19950,2.385,63.68,1820.35,31.41,1338.87
30-01-2018,19950,2.38,65.39,1834.37,31.43,1340.67
29-01-2018,20050,2.345,66.01,1835.9,31.35,1350.07
25-01-2018,20250,2.34,65.65,1843.3,31.54,1358.48
24-01-2018,20150,2.35,64.25,1831.39,31.815,1341.45
23-01-2018,20150,2.37,63.85,1830.92,31.84,1334.45
22-01-2018,20150,2.37,63.5,1819.14,31.84,1334.88
18-01-2018,20100,2.36,64,1836.35,31.95,1327.75
17-01-2018,20250,2.305,63.82,1819.13,31.93,1338.29
16-01-2018,20250,2.305,64.33,1829.09,31.93,1340.06
11-01-2018,20050,2.34,63.34,1795.08,32.16,1316.89
10-01-2018,20050,2.39,63.31,1803.14,32.27,1313.28
09-01-2018,20150,2.345,61.89,1795.89,32.23,1320.63
08-01-2018,20150,2.33,61.59,1799.59,32.16,1320.04
04-01-2018,20050,2.36,61.83,1786.64,32.34,1312.53
03-01-2018,20050,2.355,60.37,1759.61,32.445,1318.16
28-12-2017,20000,2.37,59.58,1755.55,32.81,1287.31
27-12-2017,19950,2.39,59.83,1756.16,32.77,1283.64
26-12-2017,19850,2.4,58.48,1751.05,32.76,1274.91
21-12-2017,19550,2.43,58.05,1739.54,32.72,1265.62
20-12-2017,19500,2.42,57.68,1734.45,32.75,1261.69
19-12-2017,19500,2.43,57.34,1727.22,32.64,1261.7
18-12-2017,19300,2.42,57.4,1720.41,32.51,1253.79
14-12-2017,19400,2.44,56.67,1709.52,32.53,1255.54
13-12-2017,19250,2.44,57.43,1704.01,32.6,1243.88
12-12-2017,19300,2.41,58.11,1709.54,32.61,1242.25
07-12-2017,19600,2.37,56.09,1693.81,32.63,1264.26
06-12-2017,19600,2.385,57.53,1694.96,32.62,1266.62
04-12-2017,19800,2.39,58.44,1704.7,32.59,1272.93
30-11-2017,19850,2.35,57.45,1702.54,32.57,1283.88
29-11-2017,20000,2.37,57.84,1710.33,32.59,1293.9
28-11-2017,20050,2.41,57.99,1696.06,32.62,1294.85
27-11-2017,20000,2.42,58.92,1693.99,32.68,1288.57
22-11-2017,19900,2.38,57.26,1715.29,32.76,1280.38
21-11-2017,19950,2.38,56.51,1716.74,32.82,1276.7
20-11-2017,20100,2.39,56.8,1715.02,32.83,1292.68
16-11-2017,20000,2.38,55.51,1692.79,33.01,1278.47
15-11-2017,20050,2.385,55.25,1700.05,33.05,1281
14-11-2017,20050,2.385,56.96,1688.96,33.07,1278.17
13-11-2017,20050,2.38,57.16,1686.89,33.07,1275.16
09-11-2017,20100,2.32,57.07,1718.02,33.12,1281.62
08-11-2017,20050,2.31,57.22,1714.3,33.135,1275.85
07-11-2017,20100,2.3,57.49,1716.26,33.1,1281.82
06-11-2017,20000,2.31,56.2,1703.17,33.17,1269.49
02-11-2017,20100,2.34,54.52,1714.62,33.14,1274.91
01-11-2017,20000,2.38,54.86,1728.8,33.24,1270.88
31-10-2017,20100,2.38,54.29,1721.02,33.23,1276.29
30-10-2017,20050,2.38,54.35,1720.12,33.22,1273.59
25-10-2017,20100,2.32,52.75,1708.37,33.18,1276.85
24-10-2017,20150,2.29,52.08,1694.33,33.195,1282.01
19-10-2017,20100,2.26,52.26,1707.7,33.15,1281.25
18-10-2017,20250,2.26,52.17,1723.43,33.12,1285.18
17-10-2017,20300,2.25,52.2,1726.29,33.06,1295.32
16-10-2017,20400,2.24,51.7,1719.67,33.05,1303.88
12-10-2017,20300,2.245,51.29,1718.06,33.18,1292.01
11-10-2017,20300,2.29,51.24,1714.73,33.25,1287.91
10-10-2017,20350,2.32,49.87,1694.53,33.37,1284.35
09-10-2017,20250,2.31,49.65,1698.73,33.47,1275.45
05-10-2017,20150,2.31,50.2,1689.91,33.35,1275.16
04-10-2017,20150,2.31,50.5,1693.92,33.385,1271.64
03-10-2017,20200,2.36,50.92,1691.73,33.42,1270.71
02-10-2017,20200,2.32,51.84,1677.22,33.31,1279.5
28-09-2017,20300,2.29,52.35,1672.62,33.31,1281.11
27-09-2017,20450,2.29,52.4,1671.15,33.21,1293.61
26-09-2017,20550,2.22,52.12,1671.81,33.095,1309.9
25-09-2017,20300,2.27,50.68,1660.55,33.07,1297.67
21-09-2017,20450,2.34,50.72,1671.29,33.1,1301.02
20-09-2017,20550,2.35,49.84,1671.96,33.08,1310.94
19-09-2017,20500,2.36,49.91,1673.13,33.09,1307.3
18-09-2017,20700,2.34,49.85,1663.34,33.1,1320.5
14-09-2017,20750,2.35,49.31,1646.37,33.14,1323.56
13-09-2017,20850,2.315,48.34,1648.04,33.11,1331.95
12-09-2017,20850,2.255,48.12,1641.5,33.12,1327.86
11-09-2017,21000,2.24,47.58,1637.67,33.12,1337.45
07-09-2017,20950,2.28,49.14,1623.97,33.14,1334.27
06-09-2017,21000,2.28,48.59,1620.86,33.17,1339.55
05-09-2017,20950,2.3,47.28,1620.7,33.16,1335.07
31-08-2017,20500,2.39,45.95,1611.53,33.2,1308.8
30-08-2017,20650,2.37,46.31,1617.83,33.19,1309.26
29-08-2017,20700,2.38,46.86,1586.68,33.18,1317.75
28-08-2017,20350,2.4,47.89,1579.09,33.25,1292.76
24-08-2017,20350,2.41,48.36,1575.55,33.35,1289.98
23-08-2017,20250,2.44,47.64,1574.9,33.24,1285.56
22-08-2017,20300,2.42,47.45,1571.78,33.25,1291.18
21-08-2017,20250,2.39,48.72,1568.89,33.22,1283.6
17-08-2017,20250,2.405,46.8,1568.89,33.27,1283.61
16-08-2017,20100,2.45,47.72,1566.83,33.3,1271.87
15-08-2017,20100,2.4,47.49,1567.41,33.26,1282.36
10-08-2017,20050,2.33,49.68,1571.83,33.25,1277.56
09-08-2017,19950,2.36,49,1577.95,33.27,1261.41
08-08-2017,19900,2.38,49.31,1575.37,33.29,1257.61
07-08-2017,19900,2.37,49.72,1579.32,33.27,1259.03
03-08-2017,19950,2.39,49.74,1580.24,33.25,1266.46
02-08-2017,20000,2.4,49,1580.27,33.29,1268.8
01-08-2017,20050,2.435,50.3,1573.92,33.3,1268.8
31-07-2017,20000,2.49,49.97,1582.22,33.37,1270.16
27-07-2017,19900,2.49,48.79,1584.74,33.41,1260.5
26-07-2017,19850,2.51,48.64,1583.52,33.47,1250
25-07-2017,19850,2.46,46.63,1578.64,33.4,1254.77
24-07-2017,19850,2.48,45.78,1574.45,33.44,1255.66
20-07-2017,19750,2.49,47.27,1577.52,33.61,1241.03
19-07-2017,19800,2.485,46.48,1574.71,33.58,1242.58
18-07-2017,19700,2.5,46.17,1575.35,33.62,1233.84
17-07-2017,19700,2.505,46.89,1581.45,33.77,1228.6
13-07-2017,19700,2.49,45.62,1581.43,33.95,1220.21
12-07-2017,19650,2.53,45.9,1572.43,34.075,1217.95
11-07-2017,19650,2.56,44.76,1570.3,34.12,1214.59
06-07-2017,19800,2.5,45.87,1575.15,34,1227.06
05-07-2017,19800,2.47,47.25,1575.78,33.99,1223.55
03-07-2017,20000,2.51,46.51,1577.18,33.925,1241.46
29-06-2017,20150,2.46,45.12,1586.91,33.96,1249.18
28-06-2017,20150,2.43,43.89,1586.51,33.97,1247.37
27-06-2017,20050,2.42,43.65,1589.47,33.97,1243.65
26-06-2017,20200,2.41,43.38,1585.84,33.94,1258.13
22-06-2017,20200,2.44,42.72,1578.26,34.01,1245.55
21-06-2017,20100,2.51,43.61,1577.29,34.02,1243.16
20-06-2017,20100,2.49,44.33,1583.74,33.97,1244.04
19-06-2017,20150,2.46,44.89,1579.74,33.94,1254
15-06-2017,20100,2.46,44.9,1575.28,33.9,1260.7
14-06-2017,20400,2.51,46.13,1574.09,33.91,1266.28
13-06-2017,20450,2.55,46.22,1565.41,34.055,1264.75
12-06-2017,20500,2.54,45.8,1566.85,34.06,1267.42
08-06-2017,20750,2.56,45.85,1567.76,34.06,1287.45
07-06-2017,20800,2.555,47.98,1571.14,33.96,1294.39
06-06-2017,20650,2.585,47.4,1568.18,34,1280.26
05-06-2017,20600,2.565,47.71,1572.5,34.05,1279.34
01-06-2017,20500,2.67,48.84,1562.08,34.04,1268.89
31-05-2017,20400,2.69,49.88,1572.06,34.14,1263.05
30-05-2017,20500,2.66,50.23,1569.84,34.115,1267.24
25-05-2017,20450,2.68,51.47,1569.07,34.33,1258.49
24-05-2017,20450,2.73,51.71,1565.77,34.43,1251.26
23-05-2017,20550,2.73,51.29,1560.84,34.32,1260.13
22-05-2017,20400,2.73,50.93,1553.67,34.28,1256.1
18-05-2017,20550,2.71,49.25,1544.35,34.48,1261.56
17-05-2017,20300,2.71,48.53,1547.51,34.48,1237.31
16-05-2017,20200,2.73,49.12,1537.36,34.54,1231.46
15-05-2017,20200,2.745,48.19,1541.56,34.65,1228.4
11-05-2017,20150,2.755,47.81,1562.89,34.76,1218.74
09-05-2017,20200,2.755,46.92,1570.61,34.645,1226.12
08-05-2017,20250,2.765,46.69,1568,34.66,1225.67
04-05-2017,20400,2.75,47.96,1565.77,34.55,1238.66
03-05-2017,20550,2.74,48.52,1565.66,34.47,1256.71
02-05-2017,20600,2.745,49.09,1566.59,34.59,1256.51
27-04-2017,20700,2.75,49.52,1566.83,34.49,1268.8
26-04-2017,20650,2.76,49.71,1562.32,34.42,1264.41
25-04-2017,20750,2.71,49.22,1567.5,34.36,1276.96
24-04-2017,20800,2.66,49.68,1571.16,34.38,1269.88
20-04-2017,20850,2.64,50.63,1566.7,34.39,1280.06
19-04-2017,20900,2.6,52.36,1573.88,34.33,1290.21
18-04-2017,20900,2.63,52.75,1579.62,34.28,1284.94
17-04-2017,20950,2.68,52.97,1585.78,34.36,1292.96
12-04-2017,20850,2.67,53.4,1584.97,34.55,1274.51
11-04-2017,20600,2.68,53.13,1582.51,34.61,1255.23
10-04-2017,20600,2.665,52.31,1580.96,34.62,1254.26
07-04-2017,20800,2.66,51.7,1580.16,34.57,1252.11
05-04-2017,20500,2.7,51.18,1584.64,34.47,1255.73
04-04-2017,20450,2.63,50.24,1580.53,34.35,1255.46
03-04-2017,20300,2.72,50.69,1578.48,34.33,1248.4
31-03-2017,20300,2.72,50.32,1582.98,34.44,1242.83
30-03-2017,20450,2.72,49.6,1576.18,34.41,1253.1
29-03-2017,20450,2.74,48.47,1575.78,34.435,1251.64
28-03-2017,20450,2.75,47.89,1573.36,34.37,1253.82
27-03-2017,20500,2.78,48.12,1573.67,34.545,1248.01
24-03-2017,20450,2.78,47.67,1569.21,34.59,1244.88
23-03-2017,20450,2.8,48.15,1571.48,34.55,1248.86
22-03-2017,20500,2.8,48.16,1561.25,34.72,1244.15
21-03-2017,20250,2.76,47.93,1566,34.65,1233.78
20-03-2017,20300,2.78,48.7,1564.43,34.85,1229.79
17-03-2017,20350,2.78,48.79,1559.97,34.92,1227.31
16-03-2017,20350,2.77,49.01,1548.89,35.08,1219.03
15-03-2017,20100,2.81,48.76,1542.57,35.32,1199.11
14-03-2017,20150,2.81,48.45,1533.5,35.29,1204.25
13-03-2017,20150,2.83,48.45,1537.08,35.33,1205.43
10-03-2017,20100,2.86,49.61,1547.91,35.37,1200.8
09-03-2017,20250,2.8,50.22,1548.23,35.3,1207.63
08-03-2017,20300,2.775,52.79,1549.29,35.14,1215.65
07-03-2017,20400,2.75,53.17,1552.44,35.07,1225.62
06-03-2017,20500,2.75,53.19,1564.41,35.05,1232.81
03-03-2017,20500,2.74,52.58,1567.06,35.05,1234.8
02-03-2017,20650,2.73,53.69,1571.28,34.99,1249.44
01-03-2017,20700,2.73,53.95,1562.03,34.93,1248.57
28-02-2017,20600,2.69,54.04,1559.48,34.84,1252.48
27-02-2017,20650,2.67,54.02,1560.58,34.91,1257.41
24-02-2017,20550,2.685,54.33,1566.64,34.965,1249.52
23-02-2017,20400,2.7,53.91,1569.98,35.03,1237.79
22-02-2017,20400,2.71,54.26,1567.9,35.03,1236.22
20-02-2017,20400,2.68,53.78,1580.46,34.99,1235.2
17-02-2017,20400,2.685,53.47,1578.86,35.005,1239.25
16-02-2017,20350,2.68,53.01,1574.34,35.03,1233.34
15-02-2017,20300,2.71,53,1571.86,35.02,1228.89
14-02-2017,20300,2.715,52.91,1586.38,35.06,1225.74
10-02-2017,20250,2.7,53.15,1589.68,35.06,1230.62
09-02-2017,20450,2.67,52.37,1592.91,35.02,1242.48
08-02-2017,20400,2.69,51.64,1582.54,35.04,1234.04
07-02-2017,20350,2.7,53.14,1587.76,35.02,1235.23
06-02-2017,20200,2.75,53.81,1586.79,35.02,1219.67
03-02-2017,20100,2.77,53.68,1573.26,35.07,1215.89
02-02-2017,20050,2.78,53.57,1577.14,35.1,1209.53
01-02-2017,20050,2.775,52.76,1575.13,35.1,1210.89
31-01-2017,20000,2.755,52.6,1586.24,35.22,1195.38
30-01-2017,19950,2.72,53.15,1589.25,35.25,1192.85
27-01-2017,19900,2.755,53.74,1590.37,35.335,1188.78
26-01-2017,20050,2.745,52.96,1596.74,35.2,1199.93
25-01-2017,20250,2.69,52.95,1584.05,35.25,1208.79
24-01-2017,20300,2.65,52.86,1573.35,35.26,1217.4
23-01-2017,20300,2.68,53.33,1567.68,35.42,1209.43
20-01-2017,20200,2.68,51.45,1553.07,35.395,1205.16
19-01-2017,20200,2.74,51.39,1559.48,35.42,1203.92
18-01-2017,20300,2.65,52.52,1569.28,35.27,1216.56
16-01-2017,20150,2.7,52.46,1574.15,35.4,1200.55
13-01-2017,20050,2.71,53.05,1572.67,35.35,1195.96
12-01-2017,20050,2.73,52.37,1580.77,35.49,1191.75
11-01-2017,20050,2.74,50.81,1572.38,35.56,1187.74
10-01-2017,19950,2.74,51.83,1563.49,35.65,1181.32
09-01-2017,19950,2.78,53.75,1572.84,35.72,1172.64
06-01-2017,19950,2.7,53.73,1572.9,35.7,1180.38
05-01-2017,19900,2.7,53.39,1568.39,35.81,1163.67
04-01-2017,19750,2.7,52.49,1548.49,35.91,1159.28
30-12-2016,19700,2.73,53.87,1539.51,35.91,1158.68
29-12-2016,19600,2.8,53.66,1524.58,36.01,1142.39
28-12-2016,19500,2.9,53.93,1520.4,36.01,1139.64
27-12-2016,19400,2.93,53.29,1516.25,35.965,1134.06
23-12-2016,19350,2.88,52.68,1504.76,36,1128.89
22-12-2016,19350,2.87,52.52,1509.09,35.975,1131.8
21-12-2016,19400,2.9,53.56,1513.68,36.01,1132.14
20-12-2016,19400,2.9,52.11,1524.64,35.87,1139.34
19-12-2016,19350,2.89,52.15,1524.15,35.86,1134.35
16-12-2016,19250,2.83,51.1,1523.47,35.77,1128.44
15-12-2016,19400,2.8,50.79,1516.2,35.67,1143.81
14-12-2016,19600,2.73,52.45,1531.06,35.57,1158.39
13-12-2016,19650,2.73,52.51,1528.16,35.58,1162.45
09-12-2016,19750,2.74,50.92,1531.95,35.635,1170.48
08-12-2016,19900,2.76,49.88,1524.2,35.615,1173.65
07-12-2016,19800,2.76,50.93,1515.61,35.61,1169.64
06-12-2016,19850,2.74,50.97,1506.48,35.62,1170.18
02-12-2016,19900,2.74,51.01,1514.4,35.67,1171.05
01-12-2016,19800,2.67,49.07,1519.66,35.7,1173.29
30-11-2016,20150,2.67,45.24,1498.41,35.67,1188.72
29-11-2016,20100,2.67,46.88,1507.59,35.57,1193.3
28-11-2016,20150,2.67,45.43,1502.57,35.645,1183.1
24-11-2016,20100,2.66,48.03,1495.65,35.69,1188.11
23-11-2016,20450,2.64,47.94,1491.02,35.51,1212.24
22-11-2016,20500,2.67,48.37,1485.56,35.53,1214.29
21-11-2016,20450,2.65,45.83,1476.82,35.56,1208.1
18-11-2016,20400,2.64,44.93,1471.99,35.48,1216.39
17-11-2016,20600,2.65,45.37,1477.11,35.5,1225.68
16-11-2016,20650,2.56,45.77,1483.88,35.44,1228.38
15-11-2016,20600,2.59,43.76,1474.06,35.49,1220.24
14-11-2016,20500,2.4,43.2,1481.97,35.41,1227.91
11-11-2016,21100,2.35,44.35,1508.62,35.3,1259.82
10-11-2016,21400,2.3,45.31,1519.17,35.04,1277.68
09-11-2016,21550,2.19,44.82,1498.81,34.94,1275.45
08-11-2016,21300,2.2,44.97,1504.49,34.99,1281.66
07-11-2016,21450,2.19,44.45,1496.06,34.98,1291.61
04-11-2016,21550,2.19,44.63,1489.4,34.98,1302.61
03-11-2016,21500,2.19,45.48,1499.14,34.95,1297.16
02-11-2016,21400,2.2,46.32,1502.19,35.03,1287.9
01-11-2016,21150,2.16,46.77,1500.15,35.03,1277.17
31-10-2016,21150,2.21,48.25,1494.04,35.01,1278.01
28-10-2016,21150,2.18,49.61,1500.72,35.13,1268.39
27-10-2016,21050,2.12,49.22,1492.2,35.03,1267.15
26-10-2016,21100,2.16,49.31,1505.99,34.88,1273.3
25-10-2016,21000,2.14,50.49,1505.82,35.03,1265.67
21-10-2016,21050,2.12,50.66,1494.61,35,1266.1
20-10-2016,21050,2.12,51.4,1495.1,34.83,1269.55
19-10-2016,20950,2.17,50.77,1471.78,35,1262.63
18-10-2016,21000,2.23,50.04,1479.41,35.23,1256.6
17-10-2016,21050,2.21,50.23,1470.54,35.33,1250.25
14-10-2016,21050,2.27,50.58,1461.42,35.36,1258.79
13-10-2016,21250,2.36,50,1387.03,35.67,1256.14
12-10-2016,21050,2.3,50.84,1432.42,35.45,1253.45
11-10-2016,21000,2.26,51.1,1465.79,35.13,1259.06
10-10-2016,20900,2.24,49.57,1453.36,34.87,1257.47
07-10-2016,20800,2.25,50.59,1513.18,34.85,1255.34
06-10-2016,20950,2.21,49.65,1512.64,34.81,1267.73
05-10-2016,21000,2.15,49.26,1512.79,34.74,1269.41
04-10-2016,21550,2.16,48.65,1496.01,34.63,1312.18
03-10-2016,21650,2.15,48.04,1490.11,34.6,1318.24
30-09-2016,21750,2.19,47.76,1485.82,34.65,1320.56
29-09-2016,21750,2.18,47.2,1491.37,34.57,1322.08
28-09-2016,21750,2.18,44.96,1489.17,34.58,1326.9
27-09-2016,21900,2.19,45.62,1493.55,34.57,1337.77
26-09-2016,21950,2.22,44.62,1481.65,34.66,1337.07
23-09-2016,21900,2.2,46.07,1505.77,34.6,1337.69
22-09-2016,21900,2.26,45.62,1498.76,34.67,1335.12
21-09-2016,21700,2.28,44.5,1481.23,34.75,1315.1
20-09-2016,21750,2.27,43.13,1490.73,34.8,1312.8
19-09-2016,21750,2.28,43.18,1482.58,34.9,1310.77
16-09-2016,21750,2.32,43.71,1471.14,34.9,1313.91
15-09-2016,21900,2.22,43.7,1460.8,34.87,1322.72
14-09-2016,21900,2.24,45,1445.14,34.93,1318.88
13-09-2016,22000,2.19,46.06,1431.52,34.85,1327.99
12-09-2016,21950,2.21,45.57,1422.78,34.88,1328.29
09-09-2016,22050,2.17,47.36,1453.6,34.76,1338.41
08-09-2016,22100,2.22,46.12,1488.16,34.63,1345.11
07-09-2016,22100,2.27,44.85,1500.81,34.6,1348.67
05-09-2016,21750,2.31,44.12,1526.28,34.63,1324.42
02-09-2016,21550,2.31,43.55,1539.44,34.59,1314.13
01-09-2016,21550,2.29,44.85,1549.21,34.6,1309.12
31-08-2016,21600,2.21,46.24,1545.72,34.57,1311.25
30-08-2016,21700,2.18,46.98,1548.14,34.56,1323.2
29-08-2016,21650,2.17,47.22,1551.14,34.66,1320.47
26-08-2016,21700,2.12,47.37,1546.04,34.53,1321.89
25-08-2016,21800,2.12,46.8,1550.98,34.63,1323.75
24-08-2016,21950,2.11,47.59,1541.07,34.63,1337.88
23-08-2016,21950,2.12,47.39,1532.03,34.66,1339.34
22-08-2016,22000,2.12,48.4,1537.4,34.64,1340.83
19-08-2016,22100,2.1,48.33,1548.62,34.54,1352.91
18-08-2016,22200,2.1,46.9,1536.25,34.63,1349.05
17-08-2016,22100,2.1,46.37,1535.74,34.6,1345.7
16-08-2016,22050,2.09,45.59,1552.76,34.58,1339.69
15-08-2016,22100,2.05,44.74,1539.96,34.77,1338.08
11-08-2016,22150,2.06,41.48,1548.81,34.77,1347.26
10-08-2016,22200,2.06,42.74,1552.21,34.86,1340.95
09-08-2016,22100,2.07,42.83,1545.06,34.98,1334.85
08-08-2016,22200,2.07,41.99,1538.13,35.06,1335.18
05-08-2016,22500,1.98,41.84,1515.93,34.89,1360.72
04-08-2016,22450,2.03,41.16,1509.79,34.99,1358.41
03-08-2016,22450,2.05,39.7,1496.38,34.76,1363.65
02-08-2016,22250,2.05,40.08,1508.18,34.77,1353.47
01-08-2016,22250,2.05,41.35,1531.94,34.77,1349.88
29-07-2016,22100,2.08,41.12,1527.11,34.85,1335.75
28-07-2016,22100,2.09,41.93,1516.64,34.94,1339.38
27-07-2016,21900,2.07,42.66,1510.59,34.98,1320.04
26-07-2016,21900,2.07,43.07,1513.69,35.02,1315.59
25-07-2016,21850,2.08,44.2,1508.66,34.96,1322.59
22-07-2016,22000,2.03,44.6,1502.76,34.95,1330.94
21-07-2016,21850,2.06,45.65,1511.03,35.03,1316.31
20-07-2016,22100,1.96,44.59,1500.52,35.01,1331.81
15-07-2016,22100,1.94,45.52,1492.96,35.03,1336.31
14-07-2016,22350,1.95,45.14,1479.44,35.2,1344.01
13-07-2016,22250,1.97,46.58,1481.29,35.22,1332.4
12-07-2016,22600,1.94,44.58,1473.32,35.15,1355.16
11-07-2016,22800,1.91,45.07,1464.42,35.13,1368.71
08-07-2016,22600,1.94,45.19,1456.73,35.21,1359.21
07-07-2016,22800,1.91,47.88,1459.04,35.22,1363.56
06-07-2016,22750,1.94,46.83,1444.54,35.18,1356.74
04-07-2016,22400,1.95,49.01,1452.83,35.03,1342.58
30-06-2016,21950,1.98,49.55,1450.55,35.1,1317.71
29-06-2016,22050,1.91,48.06,1445.41,35.2,1312.39
28-06-2016,22100,1.95,46.59,1426.65,35.29,1324.45
27-06-2016,22200,2.03,47.81,1411.71,35.29,1326.26
24-06-2016,21400,2.18,50.3,1411.99,35.12,1253.86
23-06-2016,21100,2.14,49.08,1425.41,35.17,1264.31
22-06-2016,21200,2.1,50.22,1431.9,35.22,1268.45
21-06-2016,21500,2.11,49.14,1422.79,35.19,1288.68
20-06-2016,21450,2.12,48.29,1425.53,35.21,1285.8
17-06-2016,21450,2.11,45.99,1415.99,35.29,1279.35
16-06-2016,21650,2.12,47.45,1428.73,35.24,1293.51
15-06-2016,21500,2.04,47.9,1430.87,35.28,1285.14
14-06-2016,21350,2.063,48.52,1421.67,35.17,1283.39
13-06-2016,21250,2.03,48.85,1419.38,35.28,1274.05
10-06-2016,21150,2.06,50.47,1434.33,35.14,1269.41
09-06-2016,20950,2.09,51.45,1449.62,35.1,1262.55
08-06-2016,20800,2.09,50.41,1443.01,35.22,1244.64
07-06-2016,20800,2.15,49.71,1448.39,35.24,1245.56
06-06-2016,20800,2.16,48.88,1441.54,35.36,1242.79
03-06-2016,20450,2.27,49.04,1430.23,35.6,1211.16
02-06-2016,20550,2.31,48.9,1418.72,35.69,1213.62
01-06-2016,20600,2.3,48.82,1423.26,35.77,1216.4
30-05-2016,20450,2.1,49.56,1422.43,35.72,1213.38
27-05-2016,20550,2.06,49.31,1402.37,35.6,1219.86
26-05-2016,20800,2.07,49.7,1398.68,35.65,1223.4
25-05-2016,20850,2.04,49.09,1393.95,35.75,1227
24-05-2016,21150,2.05,48.08,1381.5,35.67,1249.21
23-05-2016,21200,2.1,48.46,1387.73,35.68,1251.41
19-05-2016,21300,2.1,47.87,1400.78,35.68,1258.6
18-05-2016,21500,1.95,48.53,1406.95,35.49,1279.71
17-05-2016,21400,1.83,47.9,1405.3,35.41,1274.06
16-05-2016,21400,1.79,46.28,1403.24,35.43,1272.51
13-05-2016,21200,1.78,46.41,1400,35.32,1263.61
12-05-2016,21250,1.78,46,1384.82,35.26,1277.8
11-05-2016,21200,1.8,44.6,1391.15,35.21,1265.73
10-05-2016,21100,1.77,43.25,1387.17,35.24,1264.11
09-05-2016,21400,1.81,45,1389.78,35.1,1284.93
04-05-2016,21300,1.815,43.85,1392.58,34.95,1285.99
03-05-2016,21350,1.85,44.92,1403.53,34.85,1291.76
29-04-2016,21050,1.79,45.9,1399.15,34.99,1266.27
28-04-2016,20700,1.8,45.3,1416.35,35.11,1245.66
27-04-2016,20700,1.77,44.64,1421.8,35.12,1242.6
26-04-2016,20650,1.77,42.96,1408,35.06,1238.57
25-04-2016,20550,1.81,43.75,1410.66,35.07,1232.1
22-04-2016,20750,1.79,43.42,1425.27,35.08,1247.44
21-04-2016,20700,1.74,43.97,1425.72,34.86,1243.49
20-04-2016,20700,1.7,40.8,1416.78,34.82,1251
19-04-2016,20450,1.73,40.04,1403.81,34.94,1232.46
18-04-2016,20550,1.725,38.75,1387.08,35,1234.1
12-04-2016,20800,1.735,40.35,1374.92,35.02,1259.05
11-04-2016,20750,1.675,39.72,1370.31,35.11,1239.79
08-04-2016,20600,1.615,37.52,1357.23,35.17,1240.18
07-04-2016,20500,1.58,37.76,1375.19,35.23,1223.16
05-04-2016,20500,1.57,35.5,1389.75,35.25,1215.31
04-04-2016,20300,1.65,36.61,1399.59,35.16,1220.35
01-04-2016,20500,1.73,38.14,1405.07,35.13,1232.68
31-03-2016,20500,1.79,38.3,1406.85,35.23,1226.06
30-03-2016,20700,1.83,38.52,1401.08,35.33,1241.3
29-03-2016,20450,1.85,39.32,1389.04,35.33,1221.4
28-03-2016,20300,1.87,39.55,1395.69,35.3,1214.51
24-03-2016,20400,1.88,39.73,1407.36,35.2,1221.2
23-03-2016,20600,1.87,41.19,1396.24,34.94,1248.18
22-03-2016,20600,1.8,41.59,1400.95,34.91,1244.22
21-03-2016,20750,1.8,39.06,1384.72,34.91,1254.7
18-03-2016,20850,1.82,40.25,1386.46,34.74,1258.16
17-03-2016,20700,1.86,38.59,1388.09,34.88,1261.7
16-03-2016,20500,1.87,36.74,1387.01,35.11,1232.84
15-03-2016,20500,1.95,37.37,1389.67,35.08,1234.68
14-03-2016,20900,1.99,38.17,1401.58,35,1250.98
11-03-2016,21300,1.94,37.99,1385.27,35.23,1271.44
10-03-2016,20950,1.905,38.17,1392.13,35.27,1252.89
09-03-2016,21050,1.89,36.36,1371.35,35.35,1261.3
08-03-2016,21300,1.9,37.94,1391.58,35.4,1267.49
07-03-2016,21150,1.97,36.2,1386.53,35.35,1259.48
04-03-2016,21050,1.97,34.66,1385.03,35.41,1263.89
03-03-2016,20850,1.99,34.73,1371.46,35.53,1240.3
02-03-2016,20750,2.08,33.89,1355.01,35.58,1232.35
01-03-2016,21000,2.11,33.9,1335.52,35.63,1238.19
29-02-2016,20750,2.115,32.72,1342.43,35.71,1222.73
26-02-2016,20900,2.12,33.04,1338.48,35.65,1234.44
25-02-2016,20850,2.08,32.19,1338.04,35.64,1229.44
24-02-2016,20750,2.05,31.28,1323.01,35.72,1227.39
23-02-2016,20600,2.07,33.34,1325.24,35.73,1208.76
19-02-2016,20700,2.02,30.6,1295.01,35.57,1233.12
18-02-2016,20350,2.06,31.35,1297.23,35.58,1209.16
17-02-2016,20300,2.07,29.14,1287.25,35.63,1200.19
15-02-2016,20700,2.09,29.08,1287.05,35.58,1232.81
12-02-2016,20650,2,27.3,1282.86,35.2,1246.94
11-02-2016,20100,2.1,27.34,1300.37,35.28,1197.44
10-02-2016,20000,2.16,28.36,1300.32,35.4,1188.95
09-02-2016,20050,2.27,30.17,1300.34,35.52,1191.14
08-02-2016,19600,2.28,30.97,1308.46,35.55,1170.89
05-02-2016,19450,2.29,31.64,1303.97,35.61,1155.74
04-02-2016,19250,2.29,32.71,1298.89,35.7,1142.95
03-02-2016,19100,2.29,29.75,1277.38,35.83,1129.16
02-02-2016,19000,2.33,31.37,1295.76,35.57,1128.82
01-02-2016,18950,2.34,33.83,1300.85,35.68,1117.88
29-01-2016,18900,2.45,33.7,1291.97,35.8,1115.16
28-01-2016,19000,2.505,32.19,1284.21,35.83,1125.57
27-01-2016,19000,2.44,30.55,1276.69,35.84,1120.36
26-01-2016,18900,2.49,29.81,1261.3,35.91,1108.02
25-01-2016,18750,2.46,32.05,1277.28,36.02,1097.85
22-01-2016,18850,2.48,29.84,1260.53,36.21,1101.6
21-01-2016,18900,2.51,28.35,1260.77,36.25,1101.04
20-01-2016,18750,2.51,28.33,1253.43,36.28,1087.1
18-01-2016,18800,2.48,29.76,1234.8,36.34,1089.51
15-01-2016,18600,2.515,31.18,1269.4,36.3,1077.94
14-01-2016,18800,2.555,30.6,1264.93,36.28,1093.52
13-01-2016,18650,2.605,30.54,1268.32,36.28,1087.29
12-01-2016,18850,2.585,31.11,1232.16,36.25,1094.3
11-01-2016,19000,2.63,32.94,1233.86,36.3,1104.19
08-01-2016,18900,2.64,33.3,1231.88,36.24,1109.45
07-01-2016,18900,2.65,34.09,1238.06,36.23,1094.45
06-01-2016,18450,2.63,36.18,1250.14,36.12,1077.55
05-01-2016,18100,2.63,36.9,1267.99,36.13,1074.66
04-01-2016,18200,2.5,37.6,1286.26,36.05,1065.36
30-12-2015,18350,2.53,37.36,1285.52,36.06,1069.38
29-12-2015,18350,2.53,36.7,1281.9,36.07,1069.2
28-12-2015,18350,2.53,38,1285.65,36.03,1076
24-12-2015,18350,2.56,37.86,1285.7,36.05,1070.9
23-12-2015,18350,2.56,36.47,1270.47,36.07,1072.21
22-12-2015,18450,2.58,35.8,1274.71,36.12,1078.41
21-12-2015,18300,2.59,34.58,1271.28,36.13,1065.94
18-12-2015,18150,2.6,34.87,1302.05,36.16,1051.72
17-12-2015,18250,2.6,35.8,1297.16,35.93,1072.85
16-12-2015,18150,2.65,36.79,1304.76,35.96,1060.73
15-12-2015,18250,2.66,36.32,1276.96,36.09,1062.89
14-12-2015,18400,2.69,35.4,1262.44,36.12,1073.69
11-12-2015,18250,2.69,36.63,1297.1,36.05,1071.6
09-12-2015,18350,2.72,37.86,1309.22,35.95,1074.74
08-12-2015,18200,2.735,37.68,1323.85,35.87,1070.49
04-12-2015,18050,2.75,41.31,1334.26,35.83,1062.39
03-12-2015,17950,2.69,40.15,1332.6,35.84,1053.71
02-12-2015,18150,2.71,41.69,1356.88,35.75,1069.49
01-12-2015,18200,2.76,41.73,1363.13,35.8,1064.55
30-11-2015,18000,2.735,41.77,1360.72,35.87,1057.8
26-11-2015,18200,2.75,43.08,1383.84,35.68,1071.91
25-11-2015,18300,2.8,42.69,1388.53,35.74,1075.55
24-11-2015,18250,2.85,42.04,1395.73,35.84,1069.24
23-11-2015,18250,2.84,41.49,1397.27,35.73,1077.01
20-11-2015,18400,2.78,40.54,1386.99,35.76,1082.3
19-11-2015,18400,2.73,40.72,1384.19,35.96,1071.15
18-11-2015,18300,2.71,41.11,1390.95,35.99,1070.3
17-11-2015,18500,2.73,41.96,1396.54,35.97,1082.86
16-11-2015,18600,2.71,40.92,1370.51,35.9,1088.14
13-11-2015,18450,2.69,41.61,1380.34,35.85,1085.05
12-11-2015,18500,2.71,43.05,1383.88,35.84,1086.26
11-11-2015,18600,2.68,43.63,1398.58,35.87,1089.85
10-11-2015,18650,2.7,44.1,1398.19,35.89,1092.01
09-11-2015,18600,2.64,44.52,1412.15,35.82,1089.94
06-11-2015,18750,2.65,45.41,1411.47,35.53,1103.89
05-11-2015,18750,2.64,46.57,1421.23,35.53,1107.56
04-11-2015,18900,2.62,47.74,1420.65,35.55,1117.63
03-11-2015,19150,2.61,46.11,1419.45,35.57,1133.6
02-11-2015,19250,2.68,46.43,1395.63,35.62,1141.49
30-10-2015,19400,2.68,45.74,1391.41,35.66,1148.04
29-10-2015,19650,2.7,46.06,1409.62,35.64,1156.09
28-10-2015,19650,2.65,43.44,1422.97,35.51,1166.75
27-10-2015,19600,2.6,43.78,1422.73,35.46,1162.96
26-10-2015,19650,2.63,44.74,1429.03,35.54,1164.45
22-10-2015,19650,2.65,45.27,1415.52,35.67,1167.06
21-10-2015,19750,2.65,45.88,1421.63,35.42,1175.81
20-10-2015,19650,2.66,46.25,1415.55,35.45,1171
19-10-2015,19650,2.55,47.27,1421.61,35.27,1176
16-10-2015,19700,2.54,46.87,1428.99,35.16,1182.21
15-10-2015,19700,2.62,46.28,1413,35.33,1184.1
14-10-2015,19800,2.65,46.69,1405.29,35.63,1168.59
13-10-2015,19450,2.63,47.46,1408.33,35.35,1163.55
12-10-2015,19500,2.63,49.51,1415.44,35.53,1155.71
09-10-2015,19350,2.67,49.69,1404.68,35.76,1139.1
08-10-2015,19500,2.67,48.11,1393.79,35.89,1145.49
07-10-2015,19700,2.72,49,1376.47,36.24,1146.96
06-10-2015,19550,2.73,46.2,1367.9,36.26,1135.65
05-10-2015,19600,2.77,45.65,1354.11,36.44,1137.71
02-10-2015,19300,2.78,45.07,1345.68,36.48,1114.08
01-10-2015,19250,2.77,45.38,1353.92,36.34,1115.14
30-09-2015,19400,2.86,44.92,1353.06,36.43,1127.46
29-09-2015,19550,2.88,44.5,1342.36,36.35,1132.25
28-09-2015,19650,2.85,45.38,1368.56,36.17,1145.8
25-09-2015,19750,2.83,45.05,1375.31,36.23,1150.97
24-09-2015,19450,2.73,44.62,1371.9,36.21,1130.61
23-09-2015,19200,2.77,46.54,1372.43,36.05,1124.1
22-09-2015,19300,2.87,46.45,1396.38,35.81,1133.16
21-09-2015,19250,2.8,44.97,1384.76,35.67,1139.4
18-09-2015,19150,2.87,46.89,1394,35.76,1130.85
17-09-2015,19050,2.95,47.13,1387,35.85,1118.89
16-09-2015,18850,2.99,45.16,1375.28,35.91,1105.5
15-09-2015,18900,3.05,44.11,1377.33,36.01,1108.19
14-09-2015,18950,3.11,44.78,1382.64,36.06,1107.8
11-09-2015,19000,3.1,45.71,1399.3,36.02,1111.56
10-09-2015,19000,3.07,44.16,1386.49,36.19,1106.81
09-09-2015,19150,3.06,45.79,1390.17,36.02,1121.96
07-09-2015,19150,2.88,45.72,1368.28,35.96,1123.22
04-09-2015,19100,2.88,46.68,1378.64,35.83,1125.25
03-09-2015,19250,2.87,46.11,1379.78,35.74,1134.01
02-09-2015,19300,2.84,44.26,1360.52,35.74,1139.49
01-09-2015,19300,2.82,48.1,1381.64,35.83,1135.01
31-08-2015,19250,2.82,45,1367.81,35.83,1133.25
28-08-2015,19100,2.78,42.68,1374.36,35.63,1125.8
27-08-2015,19050,2.85,38.96,1338.37,35.61,1125.65
26-08-2015,19200,2.82,39.69,1314.91,35.52,1141.15
25-08-2015,19500,2.85,38.18,1315.71,35.66,1155.45
24-08-2015,19650,2.65,40.3,1334.62,35.66,1162.35
21-08-2015,19600,2.65,41.03,1365.93,35.57,1153.91
20-08-2015,19100,2.64,40.58,1372.66,35.53,1133.95
19-08-2015,18850,2.69,42.41,1376.19,35.52,1118.01
18-08-2015,18800,2.7,41.88,1371.88,35.52,1117.91
17-08-2015,18650,2.74,42.18,1414.64,35.25,1114.35
14-08-2015,18600,2.75,42.23,1404.24,35.13,1115.16
13-08-2015,18700,2.81,43.34,1399.3,35.28,1125.46
11-08-2015,18400,2.81,44.81,1423.31,35.07,1104.41
10-08-2015,18200,2.8,43.58,1423.3,35.16,1094.39
07-08-2015,18150,2.79,44.82,1429.92,35.11,1089.4
06-08-2015,18100,2.78,45.16,1436.66,35.17,1084.9
05-08-2015,18100,2.79,45.96,1438.16,35.11,1087.59
04-08-2015,18100,2.79,45.35,1438.67,35.06,1086.18
03-08-2015,18200,2.82,46.86,1435.62,34.97,1095.61
31-07-2015,18100,2.85,48.47,1424.01,35.15,1088.66
29-07-2015,18150,2.81,47.81,1413.96,34.84,1095.48
28-07-2015,18100,2.815,47.02,1416.02,34.87,1094.31
27-07-2015,18150,2.815,48,1431.86,34.87,1099.55
24-07-2015,17900,2.85,48.79,1440.78,34.79,1090.85
23-07-2015,18100,2.85,49.23,1447.16,34.69,1094.5
22-07-2015,18050,2.84,50.71,1441.38,34.42,1101.06
21-07-2015,18100,2.85,49.95,1467.61,34.47,1098.55
20-07-2015,18100,2.86,50.76,1480.12,34.23,1133.35
17-07-2015,18600,2.84,50.91,1482.61,34.21,1145.61
16-07-2015,18600,2.835,51.62,1488.97,34.17,1148.86
15-07-2015,18650,2.84,53.4,1490.99,34.03,1155.9
14-07-2015,18650,2.85,52,1493.39,34.01,1158.06
13-07-2015,18750,2.82,52.15,1484.52,33.92,1163.3
10-07-2015,18700,2.83,52.48,1482.18,33.94,1159.75
09-07-2015,18650,2.85,51.83,1469.59,33.93,1158.62
08-07-2015,18650,2.91,52.91,1476.01,33.98,1155.18
07-07-2015,18750,2.9,52.75,1477.16,33.84,1170.5
03-07-2015,18700,3,56.6,1490.44,33.77,1166.29
02-07-2015,18750,2.96,56.87,1504.72,33.82,1168.8
30-06-2015,18850,2.98,58.27,1510.18,33.76,1180.06
29-06-2015,18950,2.96,58.84,1501.03,33.8,1184.96
26-06-2015,18850,2.98,59.66,1520.92,33.76,1173.35
25-06-2015,18850,3,60.22,1517.35,33.76,1175.29
24-06-2015,18850,2.98,61.14,1507.39,33.75,1178.25
23-06-2015,18950,2.955,60.21,1512.23,33.69,1185.86
22-06-2015,19100,2.92,59.44,1492.55,33.63,1200.61
19-06-2015,19150,3.01,60.5,1507.6,33.63,1202.36
18-06-2015,18900,3.04,59.78,1517.13,33.59,1185.26
17-06-2015,18850,3.04,60.03,1507.23,33.67,1181.9
16-06-2015,18900,3.07,59.6,1502.26,33.66,1186.06
15-06-2015,18900,3.07,59.9,1507.05,33.8,1181.5
12-06-2015,18900,3.11,60.55,1515.64,33.69,1182.01
11-06-2015,18900,3.1,61.14,1512.95,33.59,1186.61
10-06-2015,18850,3.03,60.58,1496.65,33.7,1176.75
09-06-2015,18800,3.11,58.31,1504.59,33.75,1174.36
08-06-2015,18850,3.14,58.96,1507.72,33.85,1169.45
05-06-2015,18850,3.09,57.99,1490.51,33.71,1177.24
04-06-2015,18900,2.98,59.57,1484.57,33.61,1185.51
03-06-2015,19100,2.88,61.02,1480.36,33.7,1193.86
02-06-2015,19000,2.81,60.18,1492.45,33.67,1188.95
29-05-2015,19000,2.78,57.97,1495.64,33.77,1188.65
28-05-2015,19050,2.88,57.63,1502.49,33.77,1188.21
27-05-2015,19050,2.88,58.32,1491.43,33.71,1187.44
25-05-2015,19150,2.91,59.93,1526.3,33.43,1205.12
22-05-2015,19150,2.91,60.66,1533.17,33.39,1206.75
21-05-2015,19250,3.04,58.81,1523.33,33.6,1210.11
20-05-2015,19250,2.86,58.32,1527.65,33.5,1208.01
19-05-2015,19350,2.98,59.54,1513.83,33.4,1225.27
18-05-2015,19400,2.88,59.85,1510.21,33.51,1223.3
15-05-2015,19350,2.88,59.67,1496.98,33.45,1221.76
14-05-2015,19250,2.96,60.1,1496.2,33.49,1215.71
13-05-2015,19000,2.98,61.23,1490.93,33.72,1193.45
12-05-2015,18950,2.86,59.27,1499.28,33.73,1183.8
11-05-2015,18900,2.9,59.43,1517.05,33.53,1188.95
08-05-2015,18800,2.88,59.02,1502.29,33.51,1184.66
07-05-2015,18750,2.68,60.69,1514.84,33.26,1191.8
06-05-2015,18850,2.55,60.72,1529.56,33.34,1193.19
30-04-2015,18750,2.55,58.55,1520.55,32.82,1205.18
29-04-2015,18700,2.55,56.93,1521.55,32.63,1212.1
28-04-2015,18550,2.62,56.65,1549.2,32.59,1202.75
27-04-2015,18300,2.52,57.3,1559.2,32.57,1179.76
24-04-2015,18350,2.53,57.53,1549.68,32.43,1194.16
23-04-2015,18250,2.62,56.28,1556.61,32.38,1187.56
22-04-2015,18450,2.59,56.34,1571.15,32.37,1202.75
21-04-2015,18400,2.66,56.41,1566.35,32.4,1196.81
20-04-2015,18500,2.73,56.16,1565.67,32.28,1204.9
17-04-2015,18450,2.65,56.56,1572.88,32.39,1198.6
16-04-2015,18550,2.74,55.92,1560.86,32.43,1202.45
10-04-2015,18450,2.675,50.73,1547.92,32.54,1194.3
09-04-2015,18500,2.66,51,1545.86,32.55,1203.07
08-04-2015,18650,2.74,53.18,1553.11,32.54,1208.85
07-04-2015,18700,2.73,51.95,1545.21,32.42,1214.69
02-04-2015,18500,2.73,49.59,1530.84,32.48,1204.95
01-04-2015,18350,2.69,47.55,1506.35,32.53,1183.35
31-03-2015,18350,2.77,48.73,1502.25,32.59,1185.4
30-03-2015,18500,2.78,48.57,1501.08,32.5,1198.85
27-03-2015,18550,2.72,51.01,1494.22,32.54,1204.25
26-03-2015,18500,2.75,49.02,1506.08,32.53,1195.55
25-03-2015,18350,2.75,47.72,1514.04,32.49,1192.9
24-03-2015,18300,2.81,47.46,1518.47,32.52,1189.35
23-03-2015,18300,2.74,46.41,1535.86,32.57,1185.96
20-03-2015,18200,2.83,43.99,1533.91,32.72,1170.7
19-03-2015,18200,2.82,44.6,1543.63,32.69,1167.25
18-03-2015,18000,2.74,42.51,1513.99,32.92,1149.25
17-03-2015,18050,2.83,43.84,1525.5,32.91,1154.55
16-03-2015,18100,2.83,44.81,1534.47,32.96,1158.5
13-03-2015,18050,2.69,46.93,1547.68,32.82,1153.9
12-03-2015,18000,2.77,48.44,1543.06,32.85,1154.6
11-03-2015,18050,2.82,48.77,1524.38,32.71,1162.15
10-03-2015,18100,2.73,50.08,1560.94,32.59,1167.1
09-03-2015,18100,2.65,49.6,1558.54,32.53,1168.65
06-03-2015,18450,2.66,50.89,1553.05,32.43,1198.65
05-03-2015,18500,2.68,51.62,1559.4,32.39,1199.75
03-03-2015,18400,2.63,49.8,1580.36,32.33,1207.19
02-03-2015,18750,2.71,49.45,1588.14,32.39,1213.8
27-02-2015,18600,2.9,48.97,1590.93,32.37,1209.45
26-02-2015,18650,2.93,51,1590.29,32.52,1205.16
25-02-2015,18650,2.97,49.16,1602.16,32.54,1199.55
24-02-2015,18600,2.97,49.42,1597,32.55,1201.71
23-02-2015,18600,2.97,50.75,1608.53,32.57,1201.89
20-02-2015,18700,2.99,51.24,1604.56,32.54,1207.41
19-02-2015,18800,2.98,50.55,1603.22,32.55,1212.7
18-02-2015,18700,2.96,53.24,1590.71,32.57,1209.41
16-02-2015,19050,2.93,54.04,1616.89,32.59,1228.58
13-02-2015,19000,2.9,51.35,1616.79,32.61,1222.38
12-02-2015,18950,2.82,49.42,1606.06,32.63,1218.73
11-02-2015,19150,2.79,50.98,1599.42,32.62,1233.75
10-02-2015,19200,2.79,52.43,1600.57,32.58,1239.55
09-02-2015,19200,2.78,52.01,1609.78,32.63,1235.18
06-02-2015,19550,2.76,50.86,1614.47,32.6,1264.82
05-02-2015,19650,2.77,48.67,1595.06,32.63,1269.9
04-02-2015,19500,2.74,51.67,1616.41,32.6,1260.25
03-02-2015,19650,2.74,49.79,1592.08,32.56,1275.4
02-02-2015,19850,2.77,47.59,1577.65,32.73,1281.81
30-01-2015,19500,2.74,44.63,1591.54,32.78,1257.61
29-01-2015,19700,2.79,44.43,1591.94,32.55,1285.35
28-01-2015,19850,2.72,45.83,1594.5,32.49,1292.35
27-01-2015,19650,2.73,45.13,1589.44,32.55,1281.08
26-01-2015,19900,2.76,45.2,1602.13,32.5,1293.68
23-01-2015,19950,2.79,46.63,1570.81,32.59,1301.38
22-01-2015,19850,2.81,47.35,1546.76,32.56,1293.2
21-01-2015,19950,2.82,46.69,1538.31,32.69,1293.64
19-01-2015,19600,2.67,48.84,1528.03,32.56,1279.67
16-01-2015,19400,2.69,46.35,1515.71,32.76,1262.05
15-01-2015,19000,2.68,48.6,1528.83,32.75,1229.95
14-01-2015,19050,2.69,46.16,1539.58,32.8,1230.76
13-01-2015,19100,2.72,45.69,1520.71,32.86,1233.62
12-01-2015,18950,2.74,48.19,1527.42,32.85,1223
09-01-2015,18750,2.75,48.92,1529.5,32.87,1209.65
08-01-2015,18800,2.75,48.78,1514.9,32.87,1210.51
07-01-2015,18850,2.72,48,1478.84,32.85,1219.55
06-01-2015,18700,2.73,50,1467.97,32.95,1204.85
05-01-2015,18550,2.91,52.61,1499.7,32.96,1189.34
30-12-2014,18550,3.02,53.72,1496.89,32.94,1183.37
29-12-2014,18650,3.05,55.05,1515.49,32.91,1195.71
26-12-2014,18450,3.06,55.86,1503.49,32.79,1173.45
24-12-2014,18400,3.07,56.8,1536.24,32.91,1175.7
23-12-2014,18400,3.09,55.39,1535.22,32.88,1175.03
22-12-2014,18650,3.07,57.75,1522.49,32.87,1195.33
19-12-2014,18700,3.06,55.5,1527.08,32.87,1198.55
18-12-2014,18650,3.13,55.83,1504.72,32.9,1188.7
17-12-2014,18750,3.07,55.5,1464.64,32.97,1196.69
16-12-2014,18750,3.01,55.4,1442.82,32.96,1192.59
15-12-2014,18950,2.97,57.07,1490.44,32.8,1222.25
12-12-2014,19050,2.99,59.17,1523.53,32.8,1227.99
11-12-2014,19100,3.02,61.12,1546.18,32.77,1226.75
09-12-2014,18800,3.06,63.01,1573.89,32.98,1203.64
08-12-2014,18700,3.04,65.46,1600.99,33.01,1193.09
04-12-2014,18800,3.06,67.4,1597.03,32.85,1209.7
03-12-2014,18700,3.05,67.6,1597.33,32.84,1199.01
02-12-2014,18750,3.04,69.24,1596.71,32.76,1210.74
01-12-2014,18000,3.08,66,1590.89,32.92,1167.06
27-11-2014,18500,3.12,73.54,1593.41,32.73,1198.2
26-11-2014,18550,3.12,73.87,1596.29,32.77,1200.96
25-11-2014,18550,3.1,75.51,1591.23,32.8,1197.55
24-11-2014,18550,3.12,76.62,1587.35,32.74,1201.53
21-11-2014,18450,3.09,76.29,1568.56,32.78,1193.78
20-11-2014,18300,3.1,74.25,1579.51,32.83,1183.36
19-11-2014,18450,3.09,74.23,1585.14,32.74,1197.57
18-11-2014,18300,3.09,75.49,1571.81,32.79,1186.42
17-11-2014,18350,3.14,75.93,1576.41,32.83,1188.75
14-11-2014,18000,3.12,74.36,1580.41,32.76,1162.09
13-11-2014,18000,3.11,76.95,1561.89,32.82,1160.84
12-11-2014,18050,3.15,77.5,1572.45,32.82,1164.67
11-11-2014,17900,3.17,77.18,1569,32.8,1150.65
10-11-2014,18150,3.22,78.5,1581.77,32.72,1179.41
07-11-2014,17750,3.23,77.86,1585.1,32.85,1141.2
06-11-2014,17750,3.18,78.87,1581.32,32.76,1141.45
05-11-2014,18000,3.22,77.36,1585.84,32.65,1168.19
04-11-2014,18000,3.26,78.22,1583.55,32.67,1165.55
03-11-2014,18000,3.36,80.59,1591.02,32.56,1173.76
31-10-2014,18400,3.4,81.04,1570.97,32.55,1198.91
30-10-2014,18650,3.4,81.93,1565.86,32.51,1211.5
29-10-2014,18850,3.39,81.55,1564.51,32.41,1228.21
28-10-2014,18850,3.36,80.64,1549.06,32.41,1225.76
27-10-2014,18800,3.32,81.27,1542.69,32.36,1231.5
24-10-2014,18850,3.32,81.95,1537.99,32.35,1232.59
22-10-2014,19000,3.31,82.55,1534.03,32.25,1249.57
21-10-2014,18950,3.34,82.76,1529.73,32.25,1246.99
20-10-2014,18900,3.35,83.13,1541.1,32.38,1238.54
17-10-2014,18950,3.31,83.18,1529.36,32.39,1239.69
16-10-2014,19000,3.3,81.06,1540.9,32.41,1241.67
15-10-2014,18850,3.16,82.32,1550.69,32.47,1233.65
14-10-2014,18850,3.18,84.98,1544.65,32.4,1237.08
13-10-2014,18850,3.24,85.2,1544.66,32.41,1223.54
10-10-2014,18700,3.24,84.39,1545.77,32.41,1224.49
09-10-2014,18750,3.29,87.73,1553.65,32.53,1221.84
08-10-2014,18700,3.3,88.43,1529.18,32.55,1209.39
07-10-2014,18550,3.35,90.45,1544.87,32.57,1207.15
06-10-2014,18300,3.39,89.77,1572.31,32.61,1191.79
03-10-2014,18600,3.34,91.38,1568.18,32.43,1213.84
02-10-2014,18600,3.31,90.74,1582.21,32.42,1213.34
01-10-2014,18500,3.36,91.36,1590.13,32.42,1209
30-09-2014,18700,3.38,94.34,1586.18,32.38,1216.24
29-09-2014,18700,3.43,93.35,1601.38,32.28,1219.2
26-09-2014,18750,3.43,92.47,1591.02,32.29,1222.59
25-09-2014,18600,3.46,92.89,1595.6,32.18,1217.02
24-09-2014,18700,3.45,91.72,1593.42,32.23,1222.81
23-09-2014,18650,3.45,90.7,1593.16,32.25,1215.3
22-09-2014,18550,3.48,92.22,1584.26,32.17,1216.54
19-09-2014,18750,3.5,92.97,1590.68,32.21,1225.5
18-09-2014,18800,3.52,93.97,1576.88,32.31,1223.2
17-09-2014,18950,3.51,94.71,1571.9,32.17,1234.95
16-09-2014,18950,3.51,92.81,1583.74,32.24,1233.1
15-09-2014,18850,3.48,92.13,1577.71,32.17,1228.4
12-09-2014,18850,3.49,93.05,1583.38,32.17,1240.59
11-09-2014,19050,3.49,91.71,1582.21,32.14,1248.68
10-09-2014,19150,3.5,92.79,1577.26,32.06,1256.19
09-09-2014,19150,3.46,93.11,1586.88,32.04,1255.43
08-09-2014,19250,3.5,93.49,1589.39,31.98,1268.75
05-09-2014,19250,3.53,94.57,1583.47,32.07,1260.96
04-09-2014,19350,3.51,95.07,1585.6,32.03,1268.8
03-09-2014,19350,3.52,93.28,1574.19,32.12,1266.14
01-09-2014,19500,3.48,95.76,1568.38,31.91,1287.05
29-08-2014,19550,3.48,94.56,1554.9,31.93,1290.29
28-08-2014,19450,3.49,93.75,1566.73,31.88,1282.75
27-08-2014,19450,3.49,93.88,1564.41,31.91,1281.09
26-08-2014,19350,3.5,93.36,1565.48,31.95,1276.55
25-08-2014,19450,3.5,93.34,1561.4,31.93,1279.67
22-08-2014,19400,3.51,93.89,1556.4,31.96,1276.64
21-08-2014,19600,3.52,93.49,1550.26,32,1291.8
20-08-2014,19600,3.47,94.7,1546.57,31.91,1295.6
19-08-2014,19650,3.44,96.56,1550.55,31.82,1297.65
18-08-2014,19650,3.43,97.1,1548.42,31.84,1303.91
15-08-2014,19850,3.44,95.5,1543.42,31.82,1312.95
14-08-2014,19850,3.43,97.3,1550.83,31.94,1312.86
13-08-2014,19900,3.44,97.2,1530.96,32.07,1308.69
08-08-2014,20100,3.42,97.64,1512.82,32.23,1313.5
07-08-2014,19900,3.45,96.89,1525.06,32.16,1305.89
06-08-2014,19700,3.55,97.62,1527.11,32.19,1288.05
05-08-2014,19650,3.56,98.41,1522.87,32.13,1287.91
04-08-2014,19700,3.57,97.67,1504.35,32.13,1293.98
01-08-2014,19600,3.58,97.7,1488.5,32.17,1282.24
31-07-2014,19650,3.55,99.47,1513.92,31.94,1294.86
30-07-2014,19650,3.57,101.03,1521.33,31.82,1298.94
29-07-2014,19700,3.56,101.6,1541.27,31.79,1304.59
28-07-2014,19650,3.59,101.87,1545.52,31.81,1308.25
25-07-2014,19550,3.58,102.04,1545.59,31.82,1294
24-07-2014,19650,3.53,103.2,1545.54,31.77,1304.14
23-07-2014,19750,3.5,101.96,1527.35,31.76,1307.7
22-07-2014,19850,3.52,104.58,1543.56,31.88,1311.89
21-07-2014,19950,3.59,102.97,1536.73,32.13,1311.05
18-07-2014,20100,3.56,103.72,1532.52,32.17,1318.7
17-07-2014,19850,3.59,101.49,1529.11,32.09,1300.24
16-07-2014,19800,3.63,100.21,1527.13,32.12,1294.4
15-07-2014,19950,3.67,100.93,1533.29,32.12,1306.85
14-07-2014,20400,3.68,100.46,1524.98,32.11,1338.45
10-07-2014,20300,3.69,101.95,1513.25,32.17,1319.34
09-07-2014,20250,3.71,103.45,1505.6,32.36,1319.69
08-07-2014,20250,3.74,103.39,1506.01,32.4,1319.75
04-07-2014,20250,3.78,104.11,1498.28,32.38,1320.29
03-07-2014,20350,3.74,104.27,1492.87,32.35,1327.7
02-07-2014,20350,3.73,105.21,1492.05,32.35,1325.58
30-06-2014,20250,3.71,105.69,1488.92,32.42,1315.8
27-06-2014,20250,3.74,105.64,1480.75,32.45,1317.91
26-06-2014,20250,3.755,106.71,1472.5,32.43,1318.65
25-06-2014,20250,3.74,106.14,1462.55,32.43,1318.74
24-06-2014,20250,3.76,106.02,1466.69,32.41,1318.54
23-06-2014,20150,3.77,107.42,1471.91,32.41,1313.7
20-06-2014,20150,3.71,106.6,1464.86,32.45,1320.2
19-06-2014,19600,3.7,106.11,1455.89,32.41,1278.44
18-06-2014,19600,3.74,106.6,1471.86,32.47,1271.3
17-06-2014,19550,3.69,106.59,1475.87,32.34,1271.65
16-06-2014,19650,3.73,106.88,1460.29,32.37,1277.06
13-06-2014,19600,3.68,106.84,1456.6,32.43,1273.69
12-06-2014,19450,3.68,104.47,1461.3,32.48,1261.49
11-06-2014,19450,3.7,104.3,1470.04,32.45,1260.49
10-06-2014,19300,3.67,104.46,1454.4,32.38,1252.15
09-06-2014,19300,3.65,102.78,1464.71,32.47,1253.79
06-06-2014,19400,3.655,102.44,1461.8,32.61,1253.69
05-06-2014,19300,3.68,102.37,1454.11,32.64,1243.8
04-06-2014,19300,3.68,102.79,1456.06,32.6,1245.24
03-06-2014,19350,3.71,102.44,1455.33,32.83,1244.39
02-06-2014,19450,3.73,102.92,1424.81,32.81,1250.89
30-05-2014,19600,3.68,103.51,1412.51,32.78,1256
29-05-2014,19500,3.66,103.06,1404.92,32.67,1258.79
