Date,Dollar_Index,World_Gold_Price,Dow_Jones_Avg,Set_Index,Thai_Five_Bond,Thai_Ten_Bond,Oil_Price,Usd_Thb,Con_Index,Interest_Rate,Spx,Xag_Usd,Rhodium,Eur_Usd,Nyse,Bvn,Us_Five_Year,Us_Ten_Year,Copper,Palladium,Sales
ต.ค.23,106.66,"1,982.70","35,390.57","1,397.43",2.66,3.03,75.17,35.35,"4,559.34",24.33,"4,390",1.0941,"15,907.90",9.15,4.492,4.472,3.649,"1,075.50",107.72,2.5,"32,988.46"
ก.ย.23,106.22,"1,848.31","33,052.74","1,381.83",2.784,3.23,81.02,36.14,"4,193.80",22.9,"4,440",1.0576,"14,919.20",8.1,4.846,4.926,3.7375,"1,126.10",108.02,2.5,"32,413.46"
ส.ค.23,103.62,"1,939.74","33,507.76","1,471.43",2.81,3.17,90.79,36.51,"4,288.05",22.16,"4,090",1.057,"15,398.20",8.52,4.616,4.579,3.822,"1,256",108.41,2.25,"31,733.33"
ก.ค.23,101.86,"1,964.19","34,721.16","1,565.94",2.43,2.6,83.63,34.98,"4,507.66",24.44,"4,090",1.0841,"16,000.40",8.54,4.249,4.106,4.008,"1,225.20",107.82,2,"31,859.62"
มิ.ย.23,102.91,"1,919.57","35,559.53","1,556.06",2.4,2.57,81.8,34.21,"4,588.96",24.77,"4,090",1.0993,"16,427.30",7.72,4.184,3.967,3.7595,"1,275.60",107.83,2,"32,036.54"
พ.ค.23,104.33,"1,962.30","34,407.60","1,503.10",2.34,2.52,70.64,35.27,"4,450.38",22.75,"4,490",1.091,"15,875.90",7.35,4.157,3.841,3.637,"1,222",107.19,2,"32,157.41"
เม.ย.23,101.66,"1,989.65","32,908.27","1,533.54",2.26,2.56,68.09,34.64,"4,179.83",23.48,"6,890",1.0688,"14,887.10",6.81,3.758,3.646,3.8812,"1,359",107.96,1.75,"32,290.00"
มี.ค.23,102.51,"1,967.90","34,098.16","1,529.12",2.15,2.51,76.78,34.12,"4,169.48",25.04,"8,840",1.102,"15,545.90",7.07,3.498,3.433,4.0945,"1,496",107.76,1.75,"31,038.89"
ก.พ.23,104.87,"1,827.15","33,274.15","1,609.17",2.07,2.38,75.67,34.16,"4,109.31",24.07,"7,890",1.0839,"15,374.90",8.18,3.584,3.473,4.074,"1,478.50",108.05,1.5,"29,822.92"
ม.ค.23,102.1,"1,927.88","32,656.70","1,622.35",2.22,2.56,77.05,35.22,"3,970.15",20.91,"10,190",1.0576,"15,429.00",7.58,4.185,3.928,4.226,"1,420.90",108.18,1.5,"29,761.54"
ธ.ค.22,103.52,"1,824.40","34,086.04","1,671.46",2.02,2.47,80.11,32.84,"4,076.60",23.7,"11,990",1.0862,"16,036.40",8.09,3.619,3.51,3.8105,"1,667.70",107.86,1.25,"29,500.00"
พ.ย.22,105.95,"1,768.45","33,147.25","1,668.66",2.04,2.52,80.47,34.61,"3,839.50",23.97,"12,240",1.0702,"15,184.30",7.45,4,3.879,3.738,"1,806.70",107.92,1.25,"29,634.62"
ต.ค.22,111.53,"1,633.12","34,589.77","1,635.36",2.32,2.62,80.56,35.11,"4,080.11",22.19,"13,290",1.0405,"15,780.00",8.16,3.752,3.611,3.375,"1,866",108.06,1,"29,815.38"
ก.ย.22,112.12,"1,659.67","32,732.95","1,608.76",2.78,3.12,86.53,38.05,"3,871.98",19.14,"14,090",0.9883,"14,747.00",6.94,4.23,4.05,3.4125,"1,844.30",107.7,1,"29,438.46"
ส.ค.22,108.7,"1,710.70","28,725.51","1,589.51",3.05,3.11,79.49,37.77,"3,585.62",19,"13,990",0.9799,"13,472.20",6.73,4.087,3.829,3.519,"2,187.80",107.46,0.75,"29,862.96"
ก.ค.22,105.9,"1,765.22","31,510.43","1,638.93",2.06,2.48,89.55,36.52,"3,955.00",17.97,"14,090",1.0057,"14,801.20",5.32,3.353,3.196,3.575,"2,078.90",107.41,0.5,"29,878.85"
มิ.ย.22,104.68,"1,806.89","32,845.13","1,576.41",2.35,2.55,98.62,36.29,"4,130.29",20.32,"14,340",1.0218,"15,327.70",5.44,2.681,2.658,3.71,"2,146.50",107.58,0.5,"30,321.15"
พ.ค.22,101.75,"1,837.09","30,775.43","1,568.33",2.49,2.84,105.76,35.3,"3,785.38",20.25,"13,990",1.0482,"14,487.60",6.6,3.043,3.017,4.299,"1,923.80",106.62,0.5,"30,086.54"
เม.ย.22,102.96,"1,896.40","32,990.12","1,663.41",2.28,2.9,114.67,34.3,"4,132.15",21.54,"15,390",1.0733,"15,827.00",8.54,2.821,2.849,4.4085,"2,006.30",105.15,0.5,"30,896.15"
มี.ค.22,98.31,"1,937.23","32,977.21","1,667.44",2.33,2.71,104.69,34.24,"4,131.93",22.74,"18,190",1.0541,"15,615.30",9.44,2.962,2.938,4.752,"2,317.60",104.79,0.5,"30,509.26"
ก.พ.22,96.71,"1,907.90","34,678.35","1,695.24",1.54,2.205,100.28,33.28,"4,530.41",24.77,"19,490",1.1065,"16,670.90",10.07,2.465,2.345,4.4545,"2,255.10",104.1,0.5,"28,602.08"
ม.ค.22,96.54,"1,796.47","33,892.60","1,685.18",1.54,2.205,95.72,32.67,"4,373.79",24.42,"19,990",1.1219,"16,313.90",9.9,1.713,1.822,4.3265,"2,504.60",103.01,0.5,"28,507.69"
ธ.ค.21,95.97,"1,828.39","35,131.86","1,648.81",1.545,2.15,88.15,33.22,"4,515.55",22.43,"16,840",1.1233,"16,659.80",8.1,1.614,1.784,4.4635,"2,357",101.86,0.5,"28,394.44"
พ.ย.21,95.99,"1,773.78","36,338.30","1,657.62",1.37,1.95,75.21,33.23,"4,766.18",23.27,"14,090",1.1368,"17,164.10",7.32,1.263,1.512,4.2805,"1,912.90",102.25,0.5,"28,459.62"
ต.ค.21,94.12,"1,782.81","34,483.72","1,568.69",0.97,1.88,66.18,33.71,"4,567.00",22.8,"13,890",1.1336,"16,319.00",7.31,1.168,1.456,4.359,"1,705.50",101.96,0.5,"28,028.85"
ก.ย.21,94.23,"1,756.66","35,819.56","1,623.43",1.01,1.99,83.57,33.29,"4,605.38",23.85,"14,090",1.1561,"17,016.40",7.88,1.185,1.561,4.089,"1,982.50",101.21,0.5,"27,775.00"
ส.ค.21,92.63,"1,813.43","33,843.92","1,605.68",0.81,1.88,75.03,33.67,"4,307.54",22.2,"13,690",1.1581,"16,144.90",6.76,0.971,1.492,4.37,"1,902.10",99.63,0.5,"27,898.08"
ก.ค.21,92.17,"1,813.58","35,360.73","1,638.75",0.55,1.59,68.5,32.22,"4,522.68",23.89,"17,590",1.1807,"16,806.40",7.5,0.775,1.307,4.4655,"2,471",99.81,0.5,"27,792.59"
มิ.ย.21,92.44,"1,769.80","34,935.47","1,521.92",0.68,1.59,73.95,32.89,"4,395.26",25.46,"18,390",1.187,"16,602.30",8.26,0.693,1.226,4.289,"2,662.70",99.93,0.5,"27,209.62"
พ.ค.21,90.03,"1,906.36","34,502.51","1,587.79",0.65,1.62,73.47,32.02,"4,297.50",26.1,"20,090",1.1855,"16,555.30",9.05,0.891,1.468,4.681,"2,781.50",99.55,0.5,"27,226.92"
เม.ย.21,91.28,"1,768.59","34,529.45","1,593.59",0.78,1.76,66.32,31.19,"4,204.11",28.05,"25,290",1.2225,"16,555.70",11.52,0.788,1.581,4.468,"2,830.10",100.48,0.5,"25,957.69"
มี.ค.21,93.23,"1,707.01","33,874.85","1,583.13",0.81,1.67,63.58,31.14,"4,181.17",25.9,"29,490",1.2018,"16,219.30",9.72,0.849,1.626,4,"2,959.60",99.11,0.5,"25,031.48"
ก.พ.21,90.88,"1,733.49","32,981.55","1,587.21",0.82,1.78,59.16,31.24,"3,972.89",24.39,"26,190",1.1728,"15,601.70",10.03,0.938,1.744,4.0925,"2,617.50",98.88,0.5,"25,650.00"
ม.ค.21,90.58,"1,846.09","30,932.37","1,496.78",0.89,1.65,61.5,30.47,"3,811.15",26.62,"26,590",1.2074,"15,010.50",11.06,0.73,1.407,3.558,"2,313.50",99.79,0.5,"26,459.62"
ธ.ค.20,89.94,"1,896.49","29,982.62","1,466.98",0.64,1.22,52.2,29.86,"3,714.24",27,"19,290",1.2136,"14,397.20",10.18,0.426,1.071,3.519,"2,219.30",99.7,0.5,"26,366.67"
พ.ย.20,91.87,"1,777.02","30,606.48","1,449.35",0.53,1.165,48.52,30.04,"3,756.07",26.36,"16,990",1.2213,"14,524.80",12.19,0.361,0.916,3.4335,"2,459.70",99.55,0.5,"26,906.00"
ต.ค.20,94.04,"1,877.95","29,638.64","1,408.31",0.74,1.34,45.34,30.28,"3,621.63",22.6,"16,090",1.1928,"14,006.50",11.1,0.364,0.842,3.0515,"2,405.90",99.59,0.5,"28,057.41"
ก.ย.20,93.89,"1,885.44","26,501.60","1,194.95",0.795,1.37,35.79,31.14,"3,269.96",23.63,"13,490",1.1647,"12,429.30",12.27,0.384,0.874,3.0325,"2,227.80",99.54,0.5,"28,461.54"
ส.ค.20,92.14,"1,969.75","27,781.70","1,237.04",0.81,1.35,40.22,31.6,"3,363.00",23.21,"13,890",1.1718,"12,701.90",12.22,0.278,0.686,3.0555,"2,335.20",99.65,0.5,"28,978.85"
ก.ค.20,93.35,"1,974.69","28,430.05","1,310.66",0.835,1.46,42.61,31.07,"3,500.31",28.22,"12,190",1.1936,"13,045.60",14.08,0.269,0.706,2.877,"2,279.30",99.36,0.5,"27,205.56"
มิ.ย.20,97.39,"1,780.67","26,428.32","1,328.53",0.735,1.22,40.27,31.25,"3,271.12",24.37,"8,890",1.1774,"12,465.00",11.86,0.209,0.533,2.7285,"2,157.80",98.7,0.5,"25,494.23"
พ.ค.20,98.34,"1,726.30","25,812.88","1,339.03",0.785,1.22,39.27,30.9,"3,100.29",18.13,"7,990",1.1231,"11,893.80",9.14,0.288,0.658,2.4345,"1,962.50",97.18,0.5,"25,903.85"
เม.ย.20,99.02,"1,680.09","25,383.11","1,342.85",0.77,1.16,35.49,31.81,"3,044.31",17.84,"8,990",1.1098,"11,803.00",7.85,0.304,0.653,2.344,"1,972.90",97.17,0.75,"25,565.38"
มี.ค.20,99.05,"1,571.05","24,345.72","1,301.66",0.89,1.18,18.84,32.45,"2,912.43",15.02,"7,890",1.0955,"11,372.30",7.49,0.366,0.646,2.232,"1,951.80",99.19,0.75,"23,982.69"
ก.พ.20,98.13,"1,584.74","21,917.16","1,125.86",1.08,1.52,20.48,32.74,"2,584.59",13.97,"10,690",1.1029,"10,301.90",7.29,0.374,0.668,2.54,"2,289.90",100.05,1,"23,590.00"
ม.ค.20,97.39,"1,589.81","25,409.36","1,340.52",0.87,1.075,44.76,31.51,"2,954.22",16.66,"12,940",1.1025,"12,381.00",11.15,0.952,1.163,2.52,"2,491.10",100.13,1.25,"22,344.44"
ธ.ค.19,96.39,"1,517.01","28,256.03","1,514.14",1.155,1.32,51.56,31.2,"3,225.52",18.03,"10,165",1.1093,"13,614.10",12.93,1.315,1.505,2.797,"2,221.00",99.97,1.25,"21,103.85"
พ.ย.19,98.27,"1,463.90","28,538.44","1,579.84",1.27,1.495,61.06,29.76,"3,230.78",17.83,"6,040",1.121,"13,913.00",15.1,1.693,1.919,2.656,"1,903.60",99.96,1.25,"21,011.54"
ต.ค.19,97.35,"1,513.16","28,051.41","1,590.59",1.42,1.63,55.17,30.19,"3,140.98",17.02,"5,890",1.1015,"13,545.20",15.37,1.624,1.774,2.6425,"1,810.10",100.09,1.5,"21,405.56"
ก.ย.19,99.38,"1,472.00","27,046.23","1,601.49",1.445,1.565,54.18,30.18,"3,037.56",18.13,"5,380",1.115,"13,171.80",15.34,1.518,1.688,2.5785,"1,749.90",100.24,1.5,"21,754.00"
ส.ค.19,98.92,"1,519.85","26,916.83","1,637.22",1.415,1.5,54.07,30.59,"2,976.74",17,"5,290",1.0898,"13,004.70",15.18,1.546,1.668,2.547,"1,640.30",100.15,1.5,"21,724.07"
ก.ค.19,98.52,"1,413.55","26,403.28","1,654.92",1.38,1.48,55.1,30.6,"2,926.46",18.35,"4,890",1.0989,"12,736.90",15.24,1.391,1.499,2.6715,"1,539.20",100.34,1.75,"20,529.63"
มิ.ย.19,96.13,"1,409.10","26,864.27","1,711.97",1.735,1.87,58.58,30.7,"2,980.38",16.26,"3,600",1.1074,"13,066.60",15.24,1.822,2.007,2.7135,"1,523.40",100.28,1.75,"19,908.00"
พ.ค.19,97.75,"1,305.25","26,599.96","1,730.34",1.865,2.15,58.47,30.68,"2,941.76",15.31,"3,290",1.1368,"13,049.70",16.67,1.768,2.007,2.6405,"1,533",100.64,1.75,"19,248.15"
เม.ย.19,97.48,"1,283.35","24,815.04","1,620.22",2.045,2.355,53.5,31.52,"2,752.06",14.57,"2,830",1.1167,"12,264.50",15.17,1.916,2.133,2.904,"1,331.50",100.17,1.75,"19,342.31"
มี.ค.19,97.28,"1,291.90","26,592.91","1,673.52",2.11,2.475,63.91,31.89,"2,945.83",14.94,"2,940",1.1215,"13,060.70",16.21,2.278,2.504,2.9395,"1,379.10",99.73,1.75,"19,476.92"
ก.พ.19,96.16,"1,312.66","25,928.68","1,638.65",2.115,2.49,60.14,31.72,"2,834.40",15.14,"3,240",1.1217,"12,696.90",17.28,2.236,2.407,2.948,"1,332.60",99.32,1.75,"19,479.17"
ม.ค.19,95.58,"1,320.56","25,916.00","1,653.48",2.2,2.49,57.22,31.57,"2,784.49",15.6,"2,750",1.137,"12,644.80",16.64,2.516,2.717,2.789,"1,501.50",99.08,1.75,"19,385.19"
ธ.ค.18,96.17,"1,282.73","24,999.67","1,641.73",2.12,2.42,53.79,31.2,"2,704.10",16.07,"2,490",1.1444,"12,299.00",15.65,2.44,2.633,2.631,"1,289.40",99.1,1.75,"19,294.23"
พ.ย.18,97.27,"1,221.88","23,327.46","1,563.88",2.11,2.45,45.41,32.33,"2,506.85",15.48,"2,450",1.1469,"11,374.40",16.22,2.51,2.686,2.7865,"1,181.80",99.76,1.5,"18,986.54"
ต.ค.18,97.13,"1,214.14","25,538.46","1,641.80",2.21,2.64,50.93,32.96,"2,760.17",14.17,"2,590",1.1315,"12,457.50",14.14,2.823,2.993,2.667,"1,144.60",99.98,1.5,"18,792.59"
ก.ย.18,95.13,"1,191.69","25,115.76","1,669.09",2.37,2.78,65.31,33.11,"2,711.74",14.22,"2,415",1.131,"12,208.10",13.84,2.978,3.149,2.805,"1,062",99.92,1.5,"18,454.00"
ส.ค.18,95.14,"1,200.71","26,458.31","1,756.41",2.28,2.68,73.25,32.32,"2,913.98",14.6,"2,570",1.1608,"13,082.50",13.41,2.955,3.065,2.6645,"1,065.90",99.63,1.5,"18,770.37"
ก.ค.18,94.49,"1,223.41","25,964.82","1,721.58",2.25,2.65,69.8,32.75,"2,901.52",14.5,"2,380",1.1599,"13,016.90",12.59,2.738,2.86,2.8405,969.9,99.37,1.5,"19,459.62"
มิ.ย.18,94.64,"1,252.25","25,415.19","1,701.79",2.145,2.595,68.76,33.19,"2,816.29",15.51,"2,330",1.1691,"12,963.30",13.74,2.848,2.962,2.966,928.6,99.42,1.5,"19,636.54"
พ.ค.18,93.99,"1,297.92","24,271.41","1,595.58",2.085,2.62,74.15,33.02,"2,718.37",16.08,"2,250",1.1683,"12,504.30",13.63,2.74,2.86,3.075,945.6,99.5,1.5,"19,661.11"
เม.ย.18,91.84,"1,314.95","24,415.84","1,726.97",2.1,2.65,67.04,32.05,"2,705.27",16.35,"2,230",1.169,"12,527.10",15.47,2.7,2.86,3.074,981.7,98.95,1.5,"19,708.00"
มี.ค.18,89.97,"1,324.00","24,163.15","1,780.11",1.91,2.47,68.57,31.54,"2,648.05",16.31,"2,050",1.2077,"12,515.40",15.95,2.801,2.955,3.037,955.8,98.51,1.5,"19,570.37"
ก.พ.18,90.61,"1,317.66","24,103.11","1,776.26",1.825,2.44,64.94,31.17,"2,640.87",16.32,"2,030",1.2321,"12,452.10",15.23,2.562,2.741,3.1325,938.65,98.6,1.5,"19,812.50"
ม.ค.18,89.13,"1,344.70","25,029.20","1,830.13",1.865,2.425,61.64,31.48,"2,713.83",16.41,"1,860",1.2193,"12,652.50",15.55,2.645,2.864,3.2065,"1,037.60",98.82,1.5,"20,033.33"
ธ.ค.17,92.12,"1,302.45","26,149.39","1,826.86",1.82,2.37,64.73,31.34,"2,823.81",17.31,"1,790",1.242,"13,368.00",15.43,2.522,2.713,3.3005,"1,018.15",98.75,1.5,"19,536.54"
พ.ย.17,93.05,"1,274.36","24,719.22","1,753.71",1.88,2.355,60.42,32.55,"2,673.61",16.95,"1,705",1.1996,"12,808.80",14.08,2.206,2.405,3.0555,"1,052.05",98.83,1.5,"19,923.08"
ต.ค.17,94.55,"1,271.20","24,272.35","1,697.39",1.84,2.38,57.4,32.64,"2,647.58",16.42,"1,520",1.1902,"12,627.80",13.99,2.142,2.415,3.108,"1,003.55",98.76,1.5,"20,092.31"
ก.ย.17,93.08,"1,279.10","23,377.24","1,721.37",1.86,2.38,54.38,33.22,"2,575.26",16.69,"1,515",1.1644,"12,341.00",13.79,2.015,2.378,2.955,971,98.61,1.5,"20,569.23"
ส.ค.17,92.67,"1,321.60","22,405.09","1,673.16",1.76,2.32,51.67,33.32,"2,519.36",16.61,"1,165",1.1812,"12,209.20",12.79,1.939,2.339,3.094,932.25,98.04,1.5,"20,096.30"
ก.ค.17,92.86,"1,269.05","21,948.10","1,616.16",1.81,2.35,47.23,33.17,"2,471.65",17.57,"1,130",1.1908,"11,875.70",13.43,1.705,2.121,2.9,932.25,97.93,1.5,"19,694.23"
มิ.ย.17,95.63,"1,241.20","21,891.12","1,576.08",1.89,2.49,50.17,33.29,"2,470.30",16.79,980,1.184,"11,967.70",12.24,1.837,2.296,2.711,877.55,98.06,1.5,"20,253.85"
พ.ค.17,96.92,"1,268.09","21,349.63","1,574.74",1.97,2.51,46.04,33.92,"2,423.41",16.57,"1,030",1.1423,"11,761.70",11.5,1.887,2.304,2.5865,830.65,98.04,1.5,"20,272.22"
เม.ย.17,99.05,"1,267.65","21,008.65","1,561.66",2.14,2.67,48.32,34.03,"2,411.80",17.29,920,1.1241,"11,598.00",12.44,1.753,2.206,2.6075,815.95,97.9,1.5,"20,602.38"
มี.ค.17,100.35,"1,248.63","20,940.51","1,566.32",2.19,2.74,49.33,34.58,"2,384.20",17.19,"1,005",1.0895,"11,536.10",12.01,1.819,2.289,2.66,826.45,97.74,1.5,"20,261.11"
ก.พ.17,101.12,"1,248.52","20,663.22","1,575.11",2.22,2.72,50.6,34.34,"2,362.72",18.22,"1,015",1.0649,"11,492.80",12.04,1.924,2.389,2.714,798.5,98.19,1.5,"20,365.22"
ม.ค.17,99.51,"1,210.51","20,812.24","1,559.56",2.2,2.69,54.01,34.93,"2,363.64",18.31,910,1.0575,"11,512.40",12.3,1.938,2.397,2.7335,771.7,98.15,1.5,"19,956.00"
ธ.ค.16,102.21,"1,151.46","19,864.09","1,577.31",2.265,2.755,52.81,35.08,"2,278.87",17.53,835,1.0795,"11,223.00",13.79,1.921,2.466,2.5055,755.4,97.99,1.5,"19,472.00"
พ.ย.16,101.5,"1,172.70","19,762.60","1,542.94",2.28,2.7,53.72,35.84,"2,238.83",15.93,760,1.0513,"11,056.90",11.28,1.934,2.446,2.6295,683.95,97.87,1.5,"20,661.54"
ต.ค.16,98.44,"1,277.28","19,123.58","1,510.24",2.14,2.73,49.44,35.69,"2,198.81",16.48,755,1.0585,"10,838.50",11.17,1.849,2.39,2.208,772.65,97.92,1.5,"21,000.00"
ก.ย.16,95.46,"1,315.80","18,142.42","1,495.72",1.95,2.14,46.86,35.02,"2,126.15",17.87,705,1.0979,"10,481.90",13.29,1.305,1.826,2.2105,619.9,97.77,1.5,"21,736.54"
ส.ค.16,96.02,"1,308.45","18,308.15","1,483.21",1.88,2.15,48.24,34.58,"2,168.27",19.15,675,1.1238,"10,721.70",13.84,1.149,1.598,2.075,722.95,97.73,1.5,"21,950.00"
ก.ค.16,95.53,"1,350.59","18,400.88","1,548.44",1.77,2.21,44.7,34.62,"2,170.95",18.61,655,1.1156,"10,764.80",12.36,1.194,1.578,2.225,669.95,97.77,1.5,"22,126.00"
มิ.ย.16,96.14,"1,321.78","18,432.24","1,524.07",1.66,2.09,41.6,34.76,"2,173.60",20.31,630,1.117,"10,785.50",14.65,1.022,1.45,2.1955,710.75,98.11,1.5,"21,205.77"
พ.ค.16,95.89,"1,214.69","17,929.99","1,444.99",1.65,1.98,48.33,35.1,"2,098.86",18.69,640,1.1104,"10,489.80",11.95,1.001,1.475,2.1,597.95,98.08,1.5,"21,026.00"
เม.ย.16,93.08,"1,293.36","17,787.20","1,424.28",1.94,2.34,49.1,35.76,"2,096.96",15.98,655,1.1129,"10,441.00",9.56,1.38,1.851,2.2835,547.35,97.53,1.5,"20,563.64"
มี.ค.16,94.59,"1,231.95","17,773.64","1,404.61",1.535,1.84,45.92,34.89,"2,065.30",17.82,730,1.1454,"10,436.90",10.15,1.294,1.835,2.188,628.6,97,1.5,"20,664.81"
ก.พ.16,98.21,"1,237.76","17,685.09","1,407.70",1.46,1.73,38.34,35.1,"2,059.74",15.42,730,1.1378,"10,207.40",7.36,1.206,1.77,2.1325,564.65,96.79,1.5,"20,077.08"
ม.ค.16,99.61,"1,117.64","16,516.50","1,332.37",1.61,2.12,33.75,35.61,"1,932.23",14.88,660,1.0871,"9,559.50",5.22,1.217,1.738,2.0705,495.65,96.65,1.5,"18,668.00"
ธ.ค.15,98.63,"1,060.91","16,466.30","1,300.98",1.725,2.34,33.62,35.71,"1,940.24",14.26,640,1.0834,"9,632.70",4,1.33,1.923,2.135,499,96.9,1.5,"18,182.00"
พ.ย.15,100.17,"1,064.02","17,425.03","1,288.02",1.965,2.52,37.04,36.02,"2,043.94",13.83,650,1.086,"10,143.40",4.28,1.758,2.269,2.046,562.25,97.28,1.5,"18,394.00"
ต.ค.15,96.95,"1,142.00","17,719.92","1,359.70",2.12,2.76,41.65,35.79,"2,080.41",14.09,730,1.0563,"10,409.60",4.74,1.646,2.208,2.3235,543.2,97.59,1.5,"19,465.38"
ก.ย.15,96.35,"1,114.60","17,663.54","1,394.94",2.145,2.68,46.59,35.59,"2,079.36",15.52,760,1.1005,"10,461.00",6.41,1.522,2.146,2.341,677.65,97.4,1.5,"19,100.00"
ส.ค.15,95.82,"1,134.10","16,284.70","1,349.00",2.16,2.78,45.09,36.36,"1,920.03",14.51,750,1.1176,"9,799.70",5.96,1.355,2.035,2.3385,651.25,97.45,1.5,"18,670.00"
ก.ค.15,97.34,"1,095.40","16,528.03","1,382.41",2.15,2.82,49.2,35.82,"1,972.18",14.6,805,1.1211,"10,176.50",6.32,1.548,2.214,2.369,602.25,97.66,1.5,"18,373.08"
มิ.ย.15,95.49,"1,172.20","17,689.86","1,440.12",2.19,2.82,47.12,34.99,"2,103.84",14.77,815,1.0987,"10,882.30",7.12,1.534,2.187,2.615,611.15,97.73,1.5,"18,820.00"
พ.ค.15,96.91,"1,189.75","17,619.51","1,504.55",2.14,2.96,59.47,33.79,"2,063.11",15.74,865,1.1135,"10,805.20",10.38,1.641,2.349,2.733,673.35,97.63,1.5,"18,954.17"
เม.ย.15,94.6,"1,183.85","18,010.68","1,496.05",2.03,2.81,60.3,33.69,"2,107.39",16.7,"1,060",1.0987,"11,056.30",11.2,1.485,2.123,2.8865,777.1,97.47,1.5,"18,395.45"
มี.ค.15,98.36,"1,183.10","17,840.52","1,526.74",1.95,2.46,59.63,33.01,"2,085.51",16.12,"1,135",1.1222,"11,049.70",11.18,1.43,2.035,2.741,777.5,97.45,1.75,"18,172.00"
ก.พ.15,95.32,"1,212.55","17,776.12","1,505.94",2.19,2.77,47.6,32.53,"2,067.89",16.62,"1,155",1.073,"10,899.20",10.13,1.372,1.927,2.6915,736.15,97.28,2,"18,902.08"
ม.ค.15,94.8,"1,282.80","18,132.70","1,587.01",2.32,2.88,49.76,32.35,"2,104.50",16.6,"1,170",1.1193,"11,062.80",11.58,1.5,1.997,2.4955,819.5,97.17,2,"19,307.69"
ธ.ค.14,90.27,"1,183.55","17,164.95","1,581.25",2.22,2.78,48.24,32.72,"1,994.99",17.22,"1,170",1.1286,"10,537.20",11.42,1.153,1.639,2.8255,773.15,97.74,2,"18,612.00"
พ.ย.14,88.36,"1,167.04","17,823.07","1,497.67",2.3,2.91,53.27,32.9,"2,058.90",15.66,"1,235",1.2097,"10,839.20",9.56,1.653,2.17,2.856,799,98.24,2,"18,210.00"
ต.ค.14,86.92,"1,173.92","17,828.24","1,593.91",2.36,3.08,66.15,32.85,"2,067.56",15.41,"1,200",1.245,"10,955.40",9.25,1.493,2.173,3.047,813.3,98.35,2,"18,734.62"
ก.ย.14,85.94,"1,208.74","17,390.52","1,584.16",2.69,3.36,80.54,32.58,"2,018.05",16.14,"1,230",1.2524,"10,845.00",9.2,1.61,2.335,3.0075,792.3,98.45,2,"18,850.00"
ส.ค.14,82.75,"1,287.07","17,042.90","1,585.67",2.91,3.36,91.16,32.42,"1,972.29",16.94,"1,300",1.2631,"10,702.90",11.58,1.763,2.495,3.153,775.55,98.62,2,"19,562.00"
ก.ค.14,81.46,"1,282.09","17,098.45","1,561.63",3.005,3.47,95.96,31.92,"2,003.37",19.43,"1,315",1.3132,"11,046.30",14.56,1.627,2.345,3.236,909.55,98.7,2,"19,876.00"
มิ.ย.14,79.78,"1,327.19","16,563.30","1,502.39",3.09,3.58,98.17,32.18,"1,930.67",20.35,"1,275",1.3388,"10,726.40",11.71,1.756,2.562,3.2035,874.05,98.78,2,"19,620.00"
พ.ค.14,80.37,"1,250.69","16,826.60","1,485.75",3.16,3.72,105.37,32.41,"1,960.23",20.97,"1,105",1.3691,"10,979.40",11.81,1.633,2.532,3.1205,843.1,98.89,2,"19,781.25"
เม.ย.14,79.47,"1,291.29","16,717.17","1,415.73",3.13,3.73,102.71,32.81,"1,923.57",18.68,"1,150",1.363,"10,756.30",10.69,1.539,2.475,3.0275,836.35,98.49,2,"19,791.67"
มี.ค.14,80.1,"1,283.64","16,580.84","1,414.94",3.06,3.61,99.74,32.34,"1,883.95",19.11,"1,070",1.3866,"10,627.20",13,1.677,2.646,3.0245,813.45,98,2,"20,423.08"
ก.พ.14,79.69,"1,325.79","16,457.66","1,376.26",3.17,3.69,101.58,32.39,"1,872.34",19.71,"1,120",1.377,"10,527.80",12.57,1.72,2.719,3.1875,777.8,97.8,2.25,"19,958.70"
ม.ค.14,81.31,"1,243.19","16,321.71","1,325.33",3.18,3.67,102.59,32.52,"1,859.45",21.19,"1,075",1.3802,"10,425.90",12.6,1.503,2.649,3.2,744.45,97.56,2.25,"19,325.00"
ธ.ค.13,80.04,"1,204.94","15,698.85","1,274.28",3.36,3.99,97.49,33.01,"1,782.59",19.1,"1,040",1.3485,"9,967.70",12.4,1.492,2.644,3.3965,705.15,97.16,2.25,"18,670.83"
พ.ย.13,80.68,"1,251.99","16,576.66","1,298.71",3.44,3.91,98.42,32.68,"1,848.36",19.41,940,1.3745,"10,400.30",11.22,1.748,3.026,3.2155,719.75,97.02,2.25,"19,088.46"
ต.ค.13,80.19,"1,323.19","16,086.41","1,371.13",3.55,4.13,92.72,32.03,"1,805.81",19.95,910,1.3589,"10,183.20",11.8,1.372,2.746,3.3045,719.65,96.92,2.5,"19,351.92"
ก.ย.13,80.22,"1,326.94","15,545.75","1,442.88",3.52,3.95,96.38,31.14,"1,756.54",21.85,970,1.3582,"10,009.70",14.5,1.326,2.552,3.323,738.65,96.76,2.5,"20,176.00"
ส.ค.13,82.09,"1,395.69","15,129.67","1,383.16",3.63,3.92,102.33,31.21,"1,681.55",21.64,980,1.3524,"9,621.30",11.71,1.385,2.615,3.2305,728.6,96.6,2.5,"20,150.00"
ก.ค.13,81.45,"1,322.49","14,810.31","1,294.30",3.87,4.31,107.65,32.13,"1,632.97",23.46,"1,000.00",1.322,"9,270.70",12.63,1.646,2.789,3.125,723.85,96.61,2.5,"18,873.08"
มิ.ย.13,83.14,"1,233.14","15,499.54","1,423.14",3.71,3.98,105.03,31.34,"1,685.73",19.8,965,1.33,"9,558.80",14.3,1.386,2.588,3.0575,728.25,96.51,2.5,"19,538.00"
พ.ค.13,83.26,"1,386.40","14,909.60","1,451.90",3.32,3.73,96.56,31.12,"1,606.28",19.61,990,1.3008,"9,112.70",14.76,1.396,2.487,3.3,662,96.37,2.5,"19,906.25"
เม.ย.13,81.75,"1,476.60","15,115.57","1,562.07",2.97,3.51,91.97,30.41,"1,630.74",22.21,"1,070",1.2995,"9,302.30",17.95,1.024,2.132,3.1875,753.65,96.13,2.75,"20,529.55"
มี.ค.13,83.22,"1,596.17","14,839.80","1,597.86",2.98,3.42,93.46,29.26,"1,597.57",24.28,"1,150",1.3166,"9,276.90",20.02,0.678,1.673,3.4125,699.7,95.98,2.75,"22,194.23"
ก.พ.13,81.95,"1,579.76","14,578.54","1,561.06",3.11,3.59,97.23,29.28,"1,569.19",28.32,"1,220",1.2818,"9,107.00",25.96,0.769,1.852,3.5475,769.65,95.92,2.75,"23,757.69"
ม.ค.13,79.21,"1,662.99","14,054.49","1,541.58",3.14,3.68,92.05,29.76,"1,514.68",28.51,"1,240",1.3056,"8,868.70",25.62,0.766,1.881,3.7395,734.55,95.71,2.75,"23,857.69"
ธ.ค.12,79.77,"1,674.34","13,860.58","1,474.20",3.21,3.69,97.49,29.8,"1,498.11",31.41,"1,165",1.3578,"8,883.80",29.59,0.88,1.985,3.6525,747.1,95.56,2.75,"24,418.75"
พ.ย.12,80.15,"1,714.40","13,104.14","1,391.93",3.09,3.54,91.82,30.58,"1,426.19",30.31,"1,030",1.3194,"8,443.50",35.95,0.725,1.757,3.645,704.65,95.19,2.75,"24,980.77"
ต.ค.12,79.92,"1,720.55","13,025.58","1,324.04",3.2,3.61,88.91,30.69,"1,416.18",33.4,"1,050",1.2984,"8,260.40",32.77,0.619,1.616,3.523,688.2,95.53,2.75,"25,319.23"
ก.ย.12,79.93,"1,771.22","13,096.46","1,298.87",3.16,3.42,86.24,30.69,"1,412.16",32.21,"1,075",1.2958,"8,221.40",35.76,0.721,1.694,3.758,606.7,95.4,3,"25,452.00"
ส.ค.12,81.21,"1,691.15","13,437.13","1,298.79",3.36,3.67,92.19,30.81,"1,440.67",34.46,"1,075",1.2858,"8,251.00",38.96,0.625,1.633,3.4575,639.65,95.09,3,"24,154.00"
ก.ค.12,82.64,"1,613.90","13,090.84","1,227.48",3.2,3.39,96.47,31.32,"1,406.58",31.69,"1,070",1.2575,"8,014.90",34.66,0.588,1.548,3.4235,627.95,94.71,3,"23,790.38"
มิ.ย.12,81.63,"1,598.60","13,008.68","1,199.30",3.19,3.29,88.06,31.5,"1,379.32",27.91,"1,135",1.2303,"7,863.90",36.42,0.586,1.47,3.4965,589.75,94.39,3,"23,854.00"
พ.ค.12,83.04,"1,560.70","12,880.09","1,172.11",3.36,3.51,84.96,31.54,"1,362.16",27.44,"1,200",1.2658,"7,801.80",37.98,0.716,1.643,3.3705,583.05,94.23,3,"23,450.00"
เม.ย.12,78.78,"1,664.36","12,393.45","1,141.50",3.54,3.72,86.53,31.84,"1,310.33",27.65,"1,230",1.2356,"7,464.00",39.14,0.657,1.563,3.8295,612.1,93.86,3,"24,043.18"
มี.ค.12,79,"1,668.90","13,213.63","1,228.49",3.75,3.85,104.87,30.72,"1,397.91",30.95,"1,335",1.324,"8,119.10",41.27,0.813,1.919,3.8295,683.5,93.47,3,"24,338.00"
ก.พ.12,78.74,"1,695.20","13,212.04","1,196.77",3.67,3.83,103.02,30.83,"1,408.47",32.22,"1,375",1.3343,"8,206.90",40.31,1.04,2.214,3.8795,653.15,92.92,3,"25,278.00"
ม.ค.12,79.29,"1,739.43","12,952.07","1,160.90",3.45,3.59,107.07,30.44,"1,365.68",34.59,"1,475",1.3324,"8,113.20",40.13,0.864,1.974,3.797,706.65,92.58,3,"24,630.43"
ธ.ค.11,80.18,"1,564.30","12,632.91","1,083.97",3.132,3.195,98.48,30.97,"1,312.41",33.12,"1,350",1.3078,"7,838.50",42.9,0.706,1.795,3.436,685.2,95.56,3.25,"24,388.89"
พ.ย.11,78.38,"1,745.70","12,217.56","1,025.32",3.2,3.34,98.83,31.52,"1,257.60",27.69,"1,600",1.2945,"7,477.00",38.34,0.833,1.876,3.5735,655.6,95.19,3.25,"25,380.77"
ต.ค.11,76.17,"1,715.25","12,045.68",995.33,3.29,3.41,100.36,30.84,"1,246.96",32.81,"1,575",1.3441,"7,484.50",39.15,0.957,2.072,3.642,610,95.53,3.5,"24,321.15"
ก.ย.11,78.55,"1,623.75","11,955.01",974.75,3.22,3.44,93.19,30.7,"1,253.30",34.16,"1,650",1.3856,"7,565.00",40.93,0.966,2.116,3.152,651.05,95.4,3.5,"25,638.46"
ส.ค.11,74.12,"1,823.80","10,913.38",916.21,3.65,3.69,79.2,31.17,"1,131.42",29.89,"1,825",1.3384,"6,791.60",37.74,0.955,1.917,4.1995,614.05,95.09,3.5,"24,892.31"
ก.ค.11,73.9,"1,626.64","11,613.53","1,070.05",3.475,3.59,88.81,29.93,"1,218.89",41.47,"1,925",1.4377,"7,528.40",46.83,0.97,2.234,4.4895,788.1,94.71,3.25,"22,276.92"
มิ.ย.11,74.3,"1,500.10","12,143.24","1,133.53",3.87,4.03,95.7,29.75,"1,292.28",39.82,"1,950",1.4395,"8,079.40",40.94,1.351,2.793,4.2825,826.7,94.39,3,"22,017.31"
พ.ค.11,74.64,"1,535.35","12,414.34","1,041.48",3.79,3.83,95.42,30.7,"1,320.64",34.65,"1,925",1.4504,"8,319.10",37.98,1.764,3.16,4.1875,759.4,94.23,2.75,"21,608.33"
เม.ย.11,72.93,"1,565.60","12,569.79","1,073.83",3.53,3.75,102.7,30.3,"1,345.20",38.45,"2,275",1.4394,"8,477.30",44.12,1.698,3.059,4.179,778.95,93.86,2.75,"21,034.09"
มี.ค.11,75.86,"1,432.00","12,810.54","1,093.56",3.45,3.74,113.93,29.85,"1,363.61",47.95,"2,325",1.4799,"8,671.40",41.67,1.972,3.29,4.317,791.95,93.47,2.5,"20,387.04"
ก.พ.11,76.89,"1,411.65","12,319.73","1,047.48",3.37,3.79,106.72,30.255,"1,325.83",37.65,"2,375",1.4165,"8,405.00",42.97,2.272,3.47,4.4965,767.9,92.92,2.25,"19,878.57"
ม.ค.11,77.73,"1,332.19","12,226.34",987.91,3.41,3.94,96.97,30.595,"1,327.22",33.83,"2,450",1.3802,"8,438.50",46.67,2.137,3.422,4.4635,797.65,92.58,2.25,"19,708.00"
ธ.ค.10,79.03,"1,421.45","11,891.93",964.1,3.37,3.89,92.19,30.905,"1,286.12",28.06,"2,350",1.3686,"8,139.20",41,1.946,3.374,4.447,819,92.22,2,"19,760.00"
พ.ย.10,81.19,"1,384.85","11,577.51","1,032.76",3.23,3.71,91.38,30.065,"1,257.64",30.91,"2,250",1.3379,"7,964.00",48.96,2.008,3.288,3.8255,803.3,92.66,1.75,"19,319.23"
ต.ค.10,77.27,"1,359.55","11,006.02","1,005.12",3.01,3.64,84.11,30.185,"1,180.55",28.09,"2,225",1.298,"7,430.90",50.64,1.466,2.797,3.739,700.95,92.46,1.75,"18,966.00"
ก.ย.10,78.72,"1,309.50","11,118.49",984.46,2.89,3.29,81.43,29.94,"1,183.26",24.73,"2,250",1.395,"7,513.40",52.89,1.169,2.603,3.6515,651.3,92.28,1.75,"18,463.46"
ส.ค.10,83.2,"1,247.65","10,788.05",975.3,2.64,3.07,79.97,30.345,"1,141.20",21.75,"2,075",1.3633,"7,281.10",45.18,1.273,2.512,3.3685,571.25,92.6,1.75,"18,210.00"
ก.ค.10,81.54,"1,180.90","10,014.72",913.19,2.71,3.02,71.92,31.27,"1,049.33",19.38,"2,175",1.2687,"6,704.10",41.34,1.331,2.47,3.32,500.4,92.2,1.5,"18,294.44"
มิ.ย.10,86.02,"1,242.35","10,465.94",855.83,3.07,3.33,78.95,32.24,"1,101.60",17.99,"2,450",1.3048,"6,999.00",38.61,1.598,2.905,2.9505,500,92.03,1.25,"18,848.08"
พ.ค.10,86.59,"1,216.21","9,774.02",797.31,2.95,3.23,75.63,32.415,"1,030.71",18.6,"2,625",1.2236,"6,469.60",38.44,1.778,2.935,3.115,444.4,91.91,1.25,"18,331.82"
เม.ย.10,81.87,"1,179.25","10,136.63",750.43,3.02,3.35,73.97,32.53,"1,089.41",18.57,"2,800",1.2306,"6,791.60",36,2.099,3.303,3.3535,461.85,91.6,1.25,"17,393.18"
มี.ค.10,81.07,"1,113.80","11,008.61",763.51,3.13,3.58,86.15,32.345,"1,186.69",18.65,"2,525",1.3298,"7,474.40",32.89,2.418,3.659,3.563,554.75,90.36,1.25,"17,137.04"
ก.พ.10,80.36,"1,116.50","10,856.63",787.98,3.54,3.97,83.76,32.35,"1,169.43",17.5,"2,525",1.3512,"7,447.80",30.97,2.554,3.833,3.284,478.15,89.92,1.25,"17,154.17"
ม.ค.10,79.46,"1,081.55","10,325.26",721.37,3.31,4.095,79.66,33.055,"1,104.49",16.48,"2,400",1.3626,"7,035.00",33.61,2.305,3.619,3.0595,432.4,89.56,1.25,"17,475.00"
ธ.ค.09,77.86,"1,096.20","10,067.33",696.55,3.3,4.04,72.89,33.175,"1,073.87",16.19,"2,450",1.3863,"6,883.80",31.48,2.325,3.588,3.3465,416.5,86.4,1.25,"17,761.54"
พ.ย.09,74.78,"1,178.85","10,428.05",734.54,3.58,4.29,79.36,33.36,"1,115.10",16.86,"2,750",1.4318,"7,185.00",33.47,2.684,3.837,3.168,407.25,86.5,1.25,"17,686.00"
ต.ค.09,76.3,"1,044.90","10,344.84",689.07,3.675,4.4,77.28,33.235,"1,095.63",18.44,"1,900",1.5009,"7,092.40",40.15,2.003,3.198,2.9605,363.55,86.2,1.25,"16,390.38"
ก.ย.09,76.65,"1,007.70","9,712.73",685.24,3.9,4.5,77,33.455,"1,036.19",16.3,"1,600",1.4718,"6,739.40",33.57,2.308,3.388,2.819,321.6,86.1,1.25,"15,842.31"
ส.ค.09,78.17,951.15,"9,712.28",717.07,3.45,4.16,70.61,33.44,"1,057.08",16.64,"1,600",1.4636,"6,910.90",35.21,2.315,3.305,2.821,298.55,85.9,1.25,"15,224.00"
ก.ค.09,78.35,954.75,"9,496.28",653.25,3.17,3.9,69.96,34.02,"1,020.62",14.92,"1,525",1.4331,"6,643.20",25.27,2.387,3.401,2.6245,291.8,85.6,1.25,"15,019.23"
มิ.ย.09,80.16,926.85,"9,171.61",624,2.9,3.85,69.45,34.025,987.48,13.93,"1,350",1.425,"6,424.30",26.05,2.516,3.482,2.272,247,85.6,1.25,"15,286.54"
พ.ค.09,79.23,980,"8,447.00",597.48,2.99,3.76,69.89,34.06,919.32,13.6,"1,325",1.4036,"5,905.10",24.03,2.56,3.537,2.1995,236.05,85.3,1.25,"15,172.92"
เม.ย.09,84.82,886.5,"8,500.33",560.41,2.86,4.15,66.31,34.31,919.14,15.78,"1,225",1.4154,"6,004.10",28.33,2.342,3.461,2.0475,218.1,85.5,1.25,"14,952.27"
มี.ค.09,85.51,918.15,"8,168.12",491.69,2.22,3.04,51.12,35.28,872.81,12.38,"1,025",1.3226,"5,513.40",21.16,2.014,3.119,1.849,218.8,84.7,1.5,"15,657.69"
ก.พ.09,88.17,945.15,"7,608.92",431.5,2.4,3.6,49.66,35.495,797.87,12.98,"1,100",1.3251,"4,979.00",23.98,1.668,2.668,1.5385,194.85,84.3,1.5,"15,406.52"
ม.ค.09,85.83,927.75,"7,062.93",431.52,2.76,3.95,44.76,36.19,735.09,13.13,"1,050",1.2669,"4,617.00",19.26,1.991,3.021,1.4755,184.5,83.5,2,"13,982.61"
ธ.ค.08,81.15,880.2,"8,000.86",437.69,2.5,3.55,41.68,34.975,825.88,12.67,"1,150",1.2782,"5,195.80",18.84,1.883,2.851,1.41,186.65,83.5,2.75,"13,526.00"
พ.ย.08,86.52,817.5,"8,776.39",449.96,2.2,2.51,44.6,34.785,903.25,11.36,950,1.398,"5,757.10",19.92,1.559,2.22,1.644,192.6,84.9,3.75,"12,710.42"
