Date,Y_Date,Y
29-05-2014 00:00,29-05-2014,19500
30-05-2014 00:00,30-05-2014,19600
02-06-2014 00:00,02-06-2014,19450
03-06-2014 00:00,03-06-2014,19350
04-06-2014 00:00,04-06-2014,19300
05-06-2014 00:00,05-06-2014,19300
06-06-2014 00:00,06-06-2014,19400
09-06-2014 00:00,09-06-2014,19300
10-06-2014 00:00,10-06-2014,19300
11-06-2014 00:00,11-06-2014,19450
12-06-2014 00:00,12-06-2014,19450
13-06-2014 00:00,13-06-2014,19600
16-06-2014 00:00,16-06-2014,19650
17-06-2014 00:00,17-06-2014,19550
18-06-2014 00:00,18-06-2014,19600
19-06-2014 00:00,19-06-2014,19600
20-06-2014 00:00,20-06-2014,20150
23-06-2014 00:00,23-06-2014,20150
24-06-2014 00:00,24-06-2014,20250
25-06-2014 00:00,25-06-2014,20250
26-06-2014 00:00,26-06-2014,20250
27-06-2014 00:00,27-06-2014,20250
30-06-2014 00:00,30-06-2014,20250
02-07-2014 00:00,02-07-2014,20350
03-07-2014 00:00,03-07-2014,20350
07-07-2014 00:00,04-07-2014,20250
08-07-2014 00:00,08-07-2014,20250
09-07-2014 00:00,09-07-2014,20250
10-07-2014 00:00,10-07-2014,20300
14-07-2014 00:00,14-07-2014,20400
15-07-2014 00:00,15-07-2014,19950
16-07-2014 00:00,16-07-2014,19800
17-07-2014 00:00,17-07-2014,19850
18-07-2014 00:00,18-07-2014,20100
21-07-2014 00:00,21-07-2014,19950
22-07-2014 00:00,22-07-2014,19850
23-07-2014 00:00,23-07-2014,19750
24-07-2014 00:00,24-07-2014,19650
25-07-2014 00:00,25-07-2014,19550
28-07-2014 00:00,28-07-2014,19650
29-07-2014 00:00,29-07-2014,19700
30-07-2014 00:00,30-07-2014,19650
31-07-2014 00:00,31-07-2014,19650
01-08-2014 00:00,01-08-2014,19600
04-08-2014 00:00,04-08-2014,19700
05-08-2014 00:00,05-08-2014,19650
06-08-2014 00:00,06-08-2014,19700
07-08-2014 00:00,07-08-2014,19900
08-08-2014 00:00,08-08-2014,20100
13-08-2014 00:00,13-08-2014,19900
14-08-2014 00:00,14-08-2014,19850
15-08-2014 00:00,15-08-2014,19850
18-08-2014 00:00,18-08-2014,19650
19-08-2014 00:00,19-08-2014,19650
20-08-2014 00:00,20-08-2014,19600
21-08-2014 00:00,21-08-2014,19600
22-08-2014 00:00,22-08-2014,19400
25-08-2014 00:00,25-08-2014,19450
26-08-2014 00:00,26-08-2014,19350
27-08-2014 00:00,27-08-2014,19450
28-08-2014 00:00,28-08-2014,19450
29-08-2014 00:00,29-08-2014,19550
02-09-2014 00:00,01-09-2014,19500
03-09-2014 00:00,03-09-2014,19350
04-09-2014 00:00,04-09-2014,19350
05-09-2014 00:00,05-09-2014,19250
08-09-2014 00:00,08-09-2014,19250
09-09-2014 00:00,09-09-2014,19150
10-09-2014 00:00,10-09-2014,19150
11-09-2014 00:00,11-09-2014,19050
12-09-2014 00:00,12-09-2014,18850
15-09-2014 00:00,15-09-2014,18850
16-09-2014 00:00,16-09-2014,18950
17-09-2014 00:00,17-09-2014,18950
18-09-2014 00:00,18-09-2014,18800
19-09-2014 00:00,19-09-2014,18750
22-09-2014 00:00,22-09-2014,18550
23-09-2014 00:00,23-09-2014,18650
24-09-2014 00:00,24-09-2014,18700
25-09-2014 00:00,25-09-2014,18600
26-09-2014 00:00,26-09-2014,18750
29-09-2014 00:00,29-09-2014,18700
30-09-2014 00:00,30-09-2014,18700
01-10-2014 00:00,01-10-2014,18500
02-10-2014 00:00,02-10-2014,18600
03-10-2014 00:00,03-10-2014,18600
06-10-2014 00:00,06-10-2014,18300
07-10-2014 00:00,07-10-2014,18550
08-10-2014 00:00,08-10-2014,18700
09-10-2014 00:00,09-10-2014,18750
10-10-2014 00:00,10-10-2014,18700
13-10-2014 00:00,13-10-2014,18850
14-10-2014 00:00,14-10-2014,18850
15-10-2014 00:00,15-10-2014,18850
16-10-2014 00:00,16-10-2014,19000
17-10-2014 00:00,17-10-2014,18950
20-10-2014 00:00,20-10-2014,18900
21-10-2014 00:00,21-10-2014,18950
22-10-2014 00:00,22-10-2014,19000
24-10-2014 00:00,24-10-2014,18850
27-10-2014 00:00,27-10-2014,18800
28-10-2014 00:00,28-10-2014,18850
29-10-2014 00:00,29-10-2014,18850
30-10-2014 00:00,30-10-2014,18650
31-10-2014 00:00,31-10-2014,18400
03-11-2014 00:00,03-11-2014,18000
04-11-2014 00:00,04-11-2014,18000
05-11-2014 00:00,05-11-2014,18000
06-11-2014 00:00,06-11-2014,17750
07-11-2014 00:00,07-11-2014,17750
10-11-2014 00:00,10-11-2014,18150
11-11-2014 00:00,11-11-2014,17900
12-11-2014 00:00,12-11-2014,18050
13-11-2014 00:00,13-11-2014,18000
14-11-2014 00:00,14-11-2014,18000
17-11-2014 00:00,17-11-2014,18350
18-11-2014 00:00,18-11-2014,18300
19-11-2014 00:00,19-11-2014,18450
20-11-2014 00:00,20-11-2014,18300
21-11-2014 00:00,21-11-2014,18450
24-11-2014 00:00,24-11-2014,18550
25-11-2014 00:00,25-11-2014,18550
26-11-2014 00:00,26-11-2014,18550
28-11-2014 00:00,27-11-2014,18500
01-12-2014 00:00,01-12-2014,18000
02-12-2014 00:00,02-12-2014,18750
03-12-2014 00:00,03-12-2014,18700
04-12-2014 00:00,04-12-2014,18800
08-12-2014 00:00,08-12-2014,18700
09-12-2014 00:00,09-12-2014,18800
11-12-2014 00:00,11-12-2014,19100
12-12-2014 00:00,12-12-2014,19050
15-12-2014 00:00,15-12-2014,18950
16-12-2014 00:00,16-12-2014,18750
17-12-2014 00:00,17-12-2014,18750
18-12-2014 00:00,18-12-2014,18650
19-12-2014 00:00,19-12-2014,18700
22-12-2014 00:00,22-12-2014,18650
23-12-2014 00:00,23-12-2014,18400
24-12-2014 00:00,24-12-2014,18400
26-12-2014 00:00,26-12-2014,18450
29-12-2014 00:00,29-12-2014,18650
30-12-2014 00:00,30-12-2014,18550
05-01-2015 00:00,05-01-2015,18550
06-01-2015 00:00,06-01-2015,18700
07-01-2015 00:00,07-01-2015,18850
08-01-2015 00:00,08-01-2015,18800
09-01-2015 00:00,09-01-2015,18750
12-01-2015 00:00,12-01-2015,18950
13-01-2015 00:00,13-01-2015,19100
14-01-2015 00:00,14-01-2015,19050
15-01-2015 00:00,15-01-2015,19000
16-01-2015 00:00,16-01-2015,19400
20-01-2015 00:00,19-01-2015,19600
21-01-2015 00:00,21-01-2015,19950
22-01-2015 00:00,22-01-2015,19850
23-01-2015 00:00,23-01-2015,19950
26-01-2015 00:00,26-01-2015,19900
27-01-2015 00:00,27-01-2015,19650
28-01-2015 00:00,28-01-2015,19850
29-01-2015 00:00,29-01-2015,19700
30-01-2015 00:00,30-01-2015,19500
02-02-2015 00:00,02-02-2015,19850
03-02-2015 00:00,03-02-2015,19650
04-02-2015 00:00,04-02-2015,19500
05-02-2015 00:00,05-02-2015,19650
06-02-2015 00:00,06-02-2015,19550
09-02-2015 00:00,09-02-2015,19200
10-02-2015 00:00,10-02-2015,19200
11-02-2015 00:00,11-02-2015,19150
12-02-2015 00:00,12-02-2015,18950
13-02-2015 00:00,13-02-2015,19000
17-02-2015 00:00,16-02-2015,19050
18-02-2015 00:00,18-02-2015,18700
19-02-2015 00:00,19-02-2015,18800
20-02-2015 00:00,20-02-2015,18700
23-02-2015 00:00,23-02-2015,18600
24-02-2015 00:00,24-02-2015,18600
25-02-2015 00:00,25-02-2015,18650
26-02-2015 00:00,26-02-2015,18650
27-02-2015 00:00,27-02-2015,18600
02-03-2015 00:00,02-03-2015,18750
03-03-2015 00:00,03-03-2015,18400
05-03-2015 00:00,05-03-2015,18500
06-03-2015 00:00,06-03-2015,18450
09-03-2015 00:00,09-03-2015,18100
10-03-2015 00:00,10-03-2015,18100
11-03-2015 00:00,11-03-2015,18050
12-03-2015 00:00,12-03-2015,18000
13-03-2015 00:00,13-03-2015,18050
16-03-2015 00:00,16-03-2015,18100
17-03-2015 00:00,17-03-2015,18050
18-03-2015 00:00,18-03-2015,18000
19-03-2015 00:00,19-03-2015,18200
20-03-2015 00:00,20-03-2015,18200
23-03-2015 00:00,23-03-2015,18300
24-03-2015 00:00,24-03-2015,18300
25-03-2015 00:00,25-03-2015,18350
26-03-2015 00:00,26-03-2015,18500
27-03-2015 00:00,27-03-2015,18550
30-03-2015 00:00,30-03-2015,18500
31-03-2015 00:00,31-03-2015,18350
01-04-2015 00:00,01-04-2015,18350
02-04-2015 00:00,02-04-2015,18500
07-04-2015 00:00,07-04-2015,18700
08-04-2015 00:00,08-04-2015,18650
09-04-2015 00:00,09-04-2015,18500
10-04-2015 00:00,10-04-2015,18450
16-04-2015 00:00,16-04-2015,18550
17-04-2015 00:00,17-04-2015,18450
20-04-2015 00:00,20-04-2015,18500
21-04-2015 00:00,21-04-2015,18400
22-04-2015 00:00,22-04-2015,18450
23-04-2015 00:00,23-04-2015,18250
24-04-2015 00:00,24-04-2015,18350
27-04-2015 00:00,27-04-2015,18300
28-04-2015 00:00,28-04-2015,18550
29-04-2015 00:00,29-04-2015,18700
30-04-2015 00:00,30-04-2015,18750
06-05-2015 00:00,06-05-2015,18850
07-05-2015 00:00,07-05-2015,18750
08-05-2015 00:00,08-05-2015,18800
11-05-2015 00:00,11-05-2015,18900
12-05-2015 00:00,12-05-2015,18950
13-05-2015 00:00,13-05-2015,19000
14-05-2015 00:00,14-05-2015,19250
15-05-2015 00:00,15-05-2015,19350
18-05-2015 00:00,18-05-2015,19400
19-05-2015 00:00,19-05-2015,19350
20-05-2015 00:00,20-05-2015,19250
21-05-2015 00:00,21-05-2015,19250
22-05-2015 00:00,22-05-2015,19150
26-05-2015 00:00,25-05-2015,19150
27-05-2015 00:00,27-05-2015,19050
28-05-2015 00:00,28-05-2015,19050
29-05-2015 00:00,29-05-2015,19000
02-06-2015 00:00,02-06-2015,19000
03-06-2015 00:00,03-06-2015,19100
04-06-2015 00:00,04-06-2015,18900
05-06-2015 00:00,05-06-2015,18850
08-06-2015 00:00,08-06-2015,18850
09-06-2015 00:00,09-06-2015,18800
10-06-2015 00:00,10-06-2015,18850
11-06-2015 00:00,11-06-2015,18900
12-06-2015 00:00,12-06-2015,18900
15-06-2015 00:00,15-06-2015,18900
16-06-2015 00:00,16-06-2015,18900
17-06-2015 00:00,17-06-2015,18850
18-06-2015 00:00,18-06-2015,18900
19-06-2015 00:00,19-06-2015,19150
22-06-2015 00:00,22-06-2015,19100
23-06-2015 00:00,23-06-2015,18950
24-06-2015 00:00,24-06-2015,18850
25-06-2015 00:00,25-06-2015,18850
26-06-2015 00:00,26-06-2015,18850
29-06-2015 00:00,29-06-2015,18950
30-06-2015 00:00,30-06-2015,18850
02-07-2015 00:00,02-07-2015,18750
06-07-2015 00:00,03-07-2015,18700
07-07-2015 00:00,07-07-2015,18750
08-07-2015 00:00,08-07-2015,18650
09-07-2015 00:00,09-07-2015,18650
10-07-2015 00:00,10-07-2015,18700
13-07-2015 00:00,13-07-2015,18750
14-07-2015 00:00,14-07-2015,18650
15-07-2015 00:00,15-07-2015,18650
16-07-2015 00:00,16-07-2015,18600
17-07-2015 00:00,17-07-2015,18600
20-07-2015 00:00,20-07-2015,18100
21-07-2015 00:00,21-07-2015,18100
22-07-2015 00:00,22-07-2015,18050
23-07-2015 00:00,23-07-2015,18100
24-07-2015 00:00,24-07-2015,17900
27-07-2015 00:00,27-07-2015,18150
28-07-2015 00:00,28-07-2015,18100
29-07-2015 00:00,29-07-2015,18150
31-07-2015 00:00,31-07-2015,18100
03-08-2015 00:00,03-08-2015,18200
04-08-2015 00:00,04-08-2015,18100
05-08-2015 00:00,05-08-2015,18100
06-08-2015 00:00,06-08-2015,18100
07-08-2015 00:00,07-08-2015,18150
10-08-2015 00:00,10-08-2015,18200
11-08-2015 00:00,11-08-2015,18400
13-08-2015 00:00,13-08-2015,18700
14-08-2015 00:00,14-08-2015,18600
17-08-2015 00:00,17-08-2015,18650
18-08-2015 00:00,18-08-2015,18800
19-08-2015 00:00,19-08-2015,18850
20-08-2015 00:00,20-08-2015,19100
21-08-2015 00:00,21-08-2015,19600
24-08-2015 00:00,24-08-2015,19650
25-08-2015 00:00,25-08-2015,19500
26-08-2015 00:00,26-08-2015,19200
27-08-2015 00:00,27-08-2015,19050
28-08-2015 00:00,28-08-2015,19100
31-08-2015 00:00,31-08-2015,19250
01-09-2015 00:00,01-09-2015,19300
02-09-2015 00:00,02-09-2015,19300
03-09-2015 00:00,03-09-2015,19250
04-09-2015 00:00,04-09-2015,19100
08-09-2015 00:00,07-09-2015,19150
09-09-2015 00:00,09-09-2015,19150
10-09-2015 00:00,10-09-2015,19000
11-09-2015 00:00,11-09-2015,19000
14-09-2015 00:00,14-09-2015,18950
15-09-2015 00:00,15-09-2015,18900
16-09-2015 00:00,16-09-2015,18850
17-09-2015 00:00,17-09-2015,19050
18-09-2015 00:00,18-09-2015,19150
21-09-2015 00:00,21-09-2015,19250
22-09-2015 00:00,22-09-2015,19300
23-09-2015 00:00,23-09-2015,19200
24-09-2015 00:00,24-09-2015,19450
25-09-2015 00:00,25-09-2015,19750
28-09-2015 00:00,28-09-2015,19650
29-09-2015 00:00,29-09-2015,19550
30-09-2015 00:00,30-09-2015,19400
01-10-2015 00:00,01-10-2015,19250
02-10-2015 00:00,02-10-2015,19300
05-10-2015 00:00,05-10-2015,19600
06-10-2015 00:00,06-10-2015,19550
07-10-2015 00:00,07-10-2015,19700
08-10-2015 00:00,08-10-2015,19500
09-10-2015 00:00,09-10-2015,19350
12-10-2015 00:00,12-10-2015,19500
13-10-2015 00:00,13-10-2015,19450
14-10-2015 00:00,14-10-2015,19800
15-10-2015 00:00,15-10-2015,19700
16-10-2015 00:00,16-10-2015,19700
19-10-2015 00:00,19-10-2015,19650
20-10-2015 00:00,20-10-2015,19650
21-10-2015 00:00,21-10-2015,19750
22-10-2015 00:00,22-10-2015,19650
26-10-2015 00:00,26-10-2015,19650
27-10-2015 00:00,27-10-2015,19600
28-10-2015 00:00,28-10-2015,19650
29-10-2015 00:00,29-10-2015,19650
30-10-2015 00:00,30-10-2015,19400
02-11-2015 00:00,02-11-2015,19250
03-11-2015 00:00,03-11-2015,19150
04-11-2015 00:00,04-11-2015,18900
05-11-2015 00:00,05-11-2015,18750
06-11-2015 00:00,06-11-2015,18750
09-11-2015 00:00,09-11-2015,18600
10-11-2015 00:00,10-11-2015,18650
11-11-2015 00:00,11-11-2015,18600
12-11-2015 00:00,12-11-2015,18500
13-11-2015 00:00,13-11-2015,18450
16-11-2015 00:00,16-11-2015,18600
17-11-2015 00:00,17-11-2015,18500
18-11-2015 00:00,18-11-2015,18300
19-11-2015 00:00,19-11-2015,18400
20-11-2015 00:00,20-11-2015,18400
23-11-2015 00:00,23-11-2015,18250
24-11-2015 00:00,24-11-2015,18250
25-11-2015 00:00,25-11-2015,18300
27-11-2015 00:00,26-11-2015,18200
30-11-2015 00:00,30-11-2015,18000
01-12-2015 00:00,01-12-2015,18200
02-12-2015 00:00,02-12-2015,18150
03-12-2015 00:00,03-12-2015,17950
04-12-2015 00:00,04-12-2015,18050
08-12-2015 00:00,08-12-2015,18200
09-12-2015 00:00,09-12-2015,18350
11-12-2015 00:00,11-12-2015,18250
14-12-2015 00:00,14-12-2015,18400
15-12-2015 00:00,15-12-2015,18250
16-12-2015 00:00,16-12-2015,18150
17-12-2015 00:00,17-12-2015,18250
18-12-2015 00:00,18-12-2015,18150
21-12-2015 00:00,21-12-2015,18300
22-12-2015 00:00,22-12-2015,18450
23-12-2015 00:00,23-12-2015,18350
24-12-2015 00:00,24-12-2015,18350
28-12-2015 00:00,28-12-2015,18350
29-12-2015 00:00,29-12-2015,18350
30-12-2015 00:00,30-12-2015,18350
04-01-2016 00:00,04-01-2016,18200
05-01-2016 00:00,05-01-2016,18100
06-01-2016 00:00,06-01-2016,18450
07-01-2016 00:00,07-01-2016,18900
08-01-2016 00:00,08-01-2016,18900
11-01-2016 00:00,11-01-2016,19000
12-01-2016 00:00,12-01-2016,18850
13-01-2016 00:00,13-01-2016,18650
14-01-2016 00:00,14-01-2016,18800
15-01-2016 00:00,15-01-2016,18600
19-01-2016 00:00,18-01-2016,18800
20-01-2016 00:00,20-01-2016,18750
21-01-2016 00:00,21-01-2016,18900
22-01-2016 00:00,22-01-2016,18850
25-01-2016 00:00,25-01-2016,18750
26-01-2016 00:00,26-01-2016,18900
27-01-2016 00:00,27-01-2016,19000
28-01-2016 00:00,28-01-2016,19000
29-01-2016 00:00,29-01-2016,18900
01-02-2016 00:00,01-02-2016,18950
02-02-2016 00:00,02-02-2016,19000
03-02-2016 00:00,03-02-2016,19100
04-02-2016 00:00,04-02-2016,19250
05-02-2016 00:00,05-02-2016,19450
08-02-2016 00:00,08-02-2016,19600
09-02-2016 00:00,09-02-2016,20050
10-02-2016 00:00,10-02-2016,20000
11-02-2016 00:00,11-02-2016,20100
12-02-2016 00:00,12-02-2016,20650
16-02-2016 00:00,15-02-2016,20700
17-02-2016 00:00,17-02-2016,20300
18-02-2016 00:00,18-02-2016,20350
19-02-2016 00:00,19-02-2016,20700
23-02-2016 00:00,23-02-2016,20600
24-02-2016 00:00,24-02-2016,20750
25-02-2016 00:00,25-02-2016,20850
26-02-2016 00:00,26-02-2016,20900
29-02-2016 00:00,29-02-2016,20750
01-03-2016 00:00,01-03-2016,21000
02-03-2016 00:00,02-03-2016,20750
03-03-2016 00:00,03-03-2016,20850
04-03-2016 00:00,04-03-2016,21050
07-03-2016 00:00,07-03-2016,21150
08-03-2016 00:00,08-03-2016,21300
09-03-2016 00:00,09-03-2016,21050
10-03-2016 00:00,10-03-2016,20950
11-03-2016 00:00,11-03-2016,21300
14-03-2016 00:00,14-03-2016,20900
15-03-2016 00:00,15-03-2016,20500
16-03-2016 00:00,16-03-2016,20500
17-03-2016 00:00,17-03-2016,20700
18-03-2016 00:00,18-03-2016,20850
21-03-2016 00:00,21-03-2016,20750
22-03-2016 00:00,22-03-2016,20600
23-03-2016 00:00,23-03-2016,20600
24-03-2016 00:00,24-03-2016,20400
28-03-2016 00:00,28-03-2016,20300
29-03-2016 00:00,29-03-2016,20450
30-03-2016 00:00,30-03-2016,20700
31-03-2016 00:00,31-03-2016,20500
01-04-2016 00:00,01-04-2016,20500
04-04-2016 00:00,04-04-2016,20300
05-04-2016 00:00,05-04-2016,20500
07-04-2016 00:00,07-04-2016,20500
08-04-2016 00:00,08-04-2016,20600
11-04-2016 00:00,11-04-2016,20750
12-04-2016 00:00,12-04-2016,20800
18-04-2016 00:00,18-04-2016,20550
19-04-2016 00:00,19-04-2016,20450
20-04-2016 00:00,20-04-2016,20700
21-04-2016 00:00,21-04-2016,20700
22-04-2016 00:00,22-04-2016,20750
25-04-2016 00:00,25-04-2016,20550
26-04-2016 00:00,26-04-2016,20650
27-04-2016 00:00,27-04-2016,20700
28-04-2016 00:00,28-04-2016,20700
29-04-2016 00:00,29-04-2016,21050
03-05-2016 00:00,03-05-2016,21350
04-05-2016 00:00,04-05-2016,21300
09-05-2016 00:00,09-05-2016,21400
10-05-2016 00:00,10-05-2016,21100
11-05-2016 00:00,11-05-2016,21200
12-05-2016 00:00,12-05-2016,21250
13-05-2016 00:00,13-05-2016,21200
16-05-2016 00:00,16-05-2016,21400
17-05-2016 00:00,17-05-2016,21400
18-05-2016 00:00,18-05-2016,21500
19-05-2016 00:00,19-05-2016,21300
23-05-2016 00:00,23-05-2016,21200
24-05-2016 00:00,24-05-2016,21150
25-05-2016 00:00,25-05-2016,20850
26-05-2016 00:00,26-05-2016,20800
27-05-2016 00:00,27-05-2016,20550
31-05-2016 00:00,30-05-2016,20450
01-06-2016 00:00,01-06-2016,20600
02-06-2016 00:00,02-06-2016,20550
03-06-2016 00:00,03-06-2016,20450
06-06-2016 00:00,06-06-2016,20800
07-06-2016 00:00,07-06-2016,20800
08-06-2016 00:00,08-06-2016,20800
09-06-2016 00:00,09-06-2016,20950
10-06-2016 00:00,10-06-2016,21150
13-06-2016 00:00,13-06-2016,21250
14-06-2016 00:00,14-06-2016,21350
15-06-2016 00:00,15-06-2016,21500
16-06-2016 00:00,16-06-2016,21650
17-06-2016 00:00,17-06-2016,21450
20-06-2016 00:00,20-06-2016,21450
21-06-2016 00:00,21-06-2016,21500
22-06-2016 00:00,22-06-2016,21200
23-06-2016 00:00,23-06-2016,21100
24-06-2016 00:00,24-06-2016,21400
27-06-2016 00:00,27-06-2016,22200
28-06-2016 00:00,28-06-2016,22100
29-06-2016 00:00,29-06-2016,22050
30-06-2016 00:00,30-06-2016,21950
05-07-2016 00:00,04-07-2016,22400
06-07-2016 00:00,06-07-2016,22750
07-07-2016 00:00,07-07-2016,22800
08-07-2016 00:00,08-07-2016,22600
11-07-2016 00:00,11-07-2016,22800
12-07-2016 00:00,12-07-2016,22600
13-07-2016 00:00,13-07-2016,22250
14-07-2016 00:00,14-07-2016,22350
15-07-2016 00:00,15-07-2016,22100
20-07-2016 00:00,20-07-2016,22100
21-07-2016 00:00,21-07-2016,21850
22-07-2016 00:00,22-07-2016,22000
25-07-2016 00:00,25-07-2016,21850
26-07-2016 00:00,26-07-2016,21900
27-07-2016 00:00,27-07-2016,21900
28-07-2016 00:00,28-07-2016,22100
29-07-2016 00:00,29-07-2016,22100
01-08-2016 00:00,01-08-2016,22250
02-08-2016 00:00,02-08-2016,22250
03-08-2016 00:00,03-08-2016,22450
04-08-2016 00:00,04-08-2016,22450
05-08-2016 00:00,05-08-2016,22500
08-08-2016 00:00,08-08-2016,22200
09-08-2016 00:00,09-08-2016,22100
10-08-2016 00:00,10-08-2016,22200
11-08-2016 00:00,11-08-2016,22150
15-08-2016 00:00,15-08-2016,22100
16-08-2016 00:00,16-08-2016,22050
17-08-2016 00:00,17-08-2016,22100
18-08-2016 00:00,18-08-2016,22200
19-08-2016 00:00,19-08-2016,22100
22-08-2016 00:00,22-08-2016,22000
23-08-2016 00:00,23-08-2016,21950
24-08-2016 00:00,24-08-2016,21950
25-08-2016 00:00,25-08-2016,21800
26-08-2016 00:00,26-08-2016,21700
29-08-2016 00:00,29-08-2016,21650
30-08-2016 00:00,30-08-2016,21700
31-08-2016 00:00,31-08-2016,21600
01-09-2016 00:00,01-09-2016,21550
02-09-2016 00:00,02-09-2016,21550
06-09-2016 00:00,05-09-2016,21750
07-09-2016 00:00,07-09-2016,22100
08-09-2016 00:00,08-09-2016,22100
09-09-2016 00:00,09-09-2016,22050
12-09-2016 00:00,12-09-2016,21950
13-09-2016 00:00,13-09-2016,22000
14-09-2016 00:00,14-09-2016,21900
15-09-2016 00:00,15-09-2016,21900
16-09-2016 00:00,16-09-2016,21750
19-09-2016 00:00,19-09-2016,21750
20-09-2016 00:00,20-09-2016,21750
21-09-2016 00:00,21-09-2016,21700
22-09-2016 00:00,22-09-2016,21900
23-09-2016 00:00,23-09-2016,21900
26-09-2016 00:00,26-09-2016,21950
27-09-2016 00:00,27-09-2016,21900
28-09-2016 00:00,28-09-2016,21750
29-09-2016 00:00,29-09-2016,21750
30-09-2016 00:00,30-09-2016,21750
03-10-2016 00:00,03-10-2016,21650
04-10-2016 00:00,04-10-2016,21550
05-10-2016 00:00,05-10-2016,21000
06-10-2016 00:00,06-10-2016,20950
07-10-2016 00:00,07-10-2016,20800
10-10-2016 00:00,10-10-2016,20900
11-10-2016 00:00,11-10-2016,21000
12-10-2016 00:00,12-10-2016,21050
13-10-2016 00:00,13-10-2016,21250
14-10-2016 00:00,14-10-2016,21050
17-10-2016 00:00,17-10-2016,21050
18-10-2016 00:00,18-10-2016,21000
19-10-2016 00:00,19-10-2016,20950
20-10-2016 00:00,20-10-2016,21050
21-10-2016 00:00,21-10-2016,21050
25-10-2016 00:00,25-10-2016,21000
26-10-2016 00:00,26-10-2016,21100
27-10-2016 00:00,27-10-2016,21050
28-10-2016 00:00,28-10-2016,21150
31-10-2016 00:00,31-10-2016,21150
01-11-2016 00:00,01-11-2016,21150
02-11-2016 00:00,02-11-2016,21400
03-11-2016 00:00,03-11-2016,21500
04-11-2016 00:00,04-11-2016,21550
07-11-2016 00:00,07-11-2016,21450
08-11-2016 00:00,08-11-2016,21300
09-11-2016 00:00,09-11-2016,21550
10-11-2016 00:00,10-11-2016,21400
11-11-2016 00:00,11-11-2016,21100
14-11-2016 00:00,14-11-2016,20500
15-11-2016 00:00,15-11-2016,20600
16-11-2016 00:00,16-11-2016,20650
17-11-2016 00:00,17-11-2016,20600
18-11-2016 00:00,18-11-2016,20400
21-11-2016 00:00,21-11-2016,20450
22-11-2016 00:00,22-11-2016,20500
23-11-2016 00:00,23-11-2016,20450
25-11-2016 00:00,24-11-2016,20100
28-11-2016 00:00,28-11-2016,20150
29-11-2016 00:00,29-11-2016,20100
30-11-2016 00:00,30-11-2016,20150
01-12-2016 00:00,01-12-2016,19800
02-12-2016 00:00,02-12-2016,19900
06-12-2016 00:00,06-12-2016,19850
07-12-2016 00:00,07-12-2016,19800
08-12-2016 00:00,08-12-2016,19900
09-12-2016 00:00,09-12-2016,19750
13-12-2016 00:00,13-12-2016,19650
14-12-2016 00:00,14-12-2016,19600
15-12-2016 00:00,15-12-2016,19400
16-12-2016 00:00,16-12-2016,19250
19-12-2016 00:00,19-12-2016,19350
20-12-2016 00:00,20-12-2016,19400
21-12-2016 00:00,21-12-2016,19400
22-12-2016 00:00,22-12-2016,19350
23-12-2016 00:00,23-12-2016,19350
27-12-2016 00:00,27-12-2016,19400
28-12-2016 00:00,28-12-2016,19500
29-12-2016 00:00,29-12-2016,19600
30-12-2016 00:00,30-12-2016,19700
04-01-2017 00:00,04-01-2017,19750
05-01-2017 00:00,05-01-2017,19900
06-01-2017 00:00,06-01-2017,19950
09-01-2017 00:00,09-01-2017,19950
10-01-2017 00:00,10-01-2017,19950
11-01-2017 00:00,11-01-2017,20050
12-01-2017 00:00,12-01-2017,20050
13-01-2017 00:00,13-01-2017,20050
17-01-2017 00:00,16-01-2017,20150
18-01-2017 00:00,18-01-2017,20300
19-01-2017 00:00,19-01-2017,20200
20-01-2017 00:00,20-01-2017,20200
23-01-2017 00:00,23-01-2017,20300
24-01-2017 00:00,24-01-2017,20300
25-01-2017 00:00,25-01-2017,20250
26-01-2017 00:00,26-01-2017,20050
27-01-2017 00:00,27-01-2017,19900
30-01-2017 00:00,30-01-2017,19950
31-01-2017 00:00,31-01-2017,20000
01-02-2017 00:00,01-02-2017,20050
02-02-2017 00:00,02-02-2017,20050
03-02-2017 00:00,03-02-2017,20100
06-02-2017 00:00,06-02-2017,20200
07-02-2017 00:00,07-02-2017,20350
08-02-2017 00:00,08-02-2017,20400
09-02-2017 00:00,09-02-2017,20450
10-02-2017 00:00,10-02-2017,20250
14-02-2017 00:00,14-02-2017,20300
15-02-2017 00:00,15-02-2017,20300
16-02-2017 00:00,16-02-2017,20350
17-02-2017 00:00,17-02-2017,20400
21-02-2017 00:00,20-02-2017,20400
22-02-2017 00:00,22-02-2017,20400
23-02-2017 00:00,23-02-2017,20400
24-02-2017 00:00,24-02-2017,20550
27-02-2017 00:00,27-02-2017,20650
28-02-2017 00:00,28-02-2017,20600
01-03-2017 00:00,01-03-2017,20700
02-03-2017 00:00,02-03-2017,20650
03-03-2017 00:00,03-03-2017,20500
06-03-2017 00:00,06-03-2017,20500
07-03-2017 00:00,07-03-2017,20400
08-03-2017 00:00,08-03-2017,20300
09-03-2017 00:00,09-03-2017,20250
10-03-2017 00:00,10-03-2017,20100
13-03-2017 00:00,13-03-2017,20150
14-03-2017 00:00,14-03-2017,20150
15-03-2017 00:00,15-03-2017,20100
16-03-2017 00:00,16-03-2017,20350
17-03-2017 00:00,17-03-2017,20350
20-03-2017 00:00,20-03-2017,20300
21-03-2017 00:00,21-03-2017,20250
22-03-2017 00:00,22-03-2017,20500
23-03-2017 00:00,23-03-2017,20450
24-03-2017 00:00,24-03-2017,20450
27-03-2017 00:00,27-03-2017,20500
28-03-2017 00:00,28-03-2017,20450
29-03-2017 00:00,29-03-2017,20450
30-03-2017 00:00,30-03-2017,20450
31-03-2017 00:00,31-03-2017,20300
03-04-2017 00:00,03-04-2017,20300
04-04-2017 00:00,04-04-2017,20450
05-04-2017 00:00,05-04-2017,20500
07-04-2017 00:00,07-04-2017,20800
10-04-2017 00:00,10-04-2017,20600
11-04-2017 00:00,11-04-2017,20600
12-04-2017 00:00,12-04-2017,20850
17-04-2017 00:00,17-04-2017,20950
18-04-2017 00:00,18-04-2017,20900
19-04-2017 00:00,19-04-2017,20900
20-04-2017 00:00,20-04-2017,20850
21-04-2017 00:00,24-04-2017,20800
24-04-2017 00:00,25-04-2017,20750
25-04-2017 00:00,26-04-2017,20650
26-04-2017 00:00,27-04-2017,20700
27-04-2017 00:00,02-05-2017,20600
28-04-2017 00:00,03-05-2017,20550
02-05-2017 00:00,04-05-2017,20400
03-05-2017 00:00,08-05-2017,20250
04-05-2017 00:00,09-05-2017,20200
05-05-2017 00:00,11-05-2017,20150
08-05-2017 00:00,15-05-2017,20200
09-05-2017 00:00,16-05-2017,20200
11-05-2017 00:00,17-05-2017,20300
12-05-2017 00:00,18-05-2017,20550
15-05-2017 00:00,22-05-2017,20400
16-05-2017 00:00,23-05-2017,20550
17-05-2017 00:00,24-05-2017,20450
18-05-2017 00:00,25-05-2017,20450
19-05-2017 00:00,30-05-2017,20500
22-05-2017 00:00,31-05-2017,20400
23-05-2017 00:00,01-06-2017,20500
24-05-2017 00:00,05-06-2017,20600
25-05-2017 00:00,06-06-2017,20650
26-05-2017 00:00,07-06-2017,20800
30-05-2017 00:00,08-06-2017,20750
31-05-2017 00:00,12-06-2017,20500
01-06-2017 00:00,13-06-2017,20450
02-06-2017 00:00,14-06-2017,20400
05-06-2017 00:00,15-06-2017,20100
06-06-2017 00:00,19-06-2017,20150
07-06-2017 00:00,20-06-2017,20100
08-06-2017 00:00,21-06-2017,20100
09-06-2017 00:00,22-06-2017,20200
12-06-2017 00:00,26-06-2017,20200
13-06-2017 00:00,27-06-2017,20050
14-06-2017 00:00,28-06-2017,20150
15-06-2017 00:00,29-06-2017,20150
16-06-2017 00:00,03-07-2017,20000
19-06-2017 00:00,05-07-2017,19800
20-06-2017 00:00,06-07-2017,19800
21-06-2017 00:00,11-07-2017,19650
22-06-2017 00:00,12-07-2017,19650
23-06-2017 00:00,13-07-2017,19700
26-06-2017 00:00,17-07-2017,19700
27-06-2017 00:00,18-07-2017,19700
28-06-2017 00:00,19-07-2017,19800
29-06-2017 00:00,20-07-2017,19750
30-06-2017 00:00,24-07-2017,19850
03-07-2017 00:00,25-07-2017,19850
05-07-2017 00:00,26-07-2017,19850
06-07-2017 00:00,27-07-2017,19900
07-07-2017 00:00,31-07-2017,20000
11-07-2017 00:00,01-08-2017,20050
12-07-2017 00:00,02-08-2017,20000
13-07-2017 00:00,03-08-2017,19950
14-07-2017 00:00,07-08-2017,19900
17-07-2017 00:00,08-08-2017,19900
18-07-2017 00:00,09-08-2017,19950
19-07-2017 00:00,10-08-2017,20050
20-07-2017 00:00,15-08-2017,20100
21-07-2017 00:00,16-08-2017,20100
24-07-2017 00:00,17-08-2017,20250
25-07-2017 00:00,21-08-2017,20250
26-07-2017 00:00,22-08-2017,20300
27-07-2017 00:00,23-08-2017,20250
31-07-2017 00:00,24-08-2017,20350
01-08-2017 00:00,28-08-2017,20350
02-08-2017 00:00,29-08-2017,20700
03-08-2017 00:00,30-08-2017,20650
04-08-2017 00:00,31-08-2017,20500
07-08-2017 00:00,05-09-2017,20950
08-08-2017 00:00,06-09-2017,21000
09-08-2017 00:00,07-09-2017,20950
10-08-2017 00:00,11-09-2017,21000
11-08-2017 00:00,12-09-2017,20850
15-08-2017 00:00,13-09-2017,20850
16-08-2017 00:00,14-09-2017,20750
17-08-2017 00:00,18-09-2017,20700
18-08-2017 00:00,19-09-2017,20500
21-08-2017 00:00,20-09-2017,20550
22-08-2017 00:00,21-09-2017,20450
23-08-2017 00:00,25-09-2017,20300
24-08-2017 00:00,26-09-2017,20550
25-08-2017 00:00,27-09-2017,20450
28-08-2017 00:00,28-09-2017,20300
29-08-2017 00:00,02-10-2017,20200
30-08-2017 00:00,03-10-2017,20200
31-08-2017 00:00,04-10-2017,20150
01-09-2017 00:00,05-10-2017,20150
05-09-2017 00:00,09-10-2017,20250
06-09-2017 00:00,10-10-2017,20350
07-09-2017 00:00,11-10-2017,20300
08-09-2017 00:00,12-10-2017,20300
11-09-2017 00:00,16-10-2017,20400
12-09-2017 00:00,17-10-2017,20300
13-09-2017 00:00,18-10-2017,20250
14-09-2017 00:00,19-10-2017,20100
15-09-2017 00:00,24-10-2017,20150
18-09-2017 00:00,25-10-2017,20100
19-09-2017 00:00,30-10-2017,20050
20-09-2017 00:00,31-10-2017,20100
21-09-2017 00:00,01-11-2017,20000
22-09-2017 00:00,02-11-2017,20100
25-09-2017 00:00,06-11-2017,20000
26-09-2017 00:00,07-11-2017,20100
27-09-2017 00:00,08-11-2017,20050
28-09-2017 00:00,09-11-2017,20100
29-09-2017 00:00,13-11-2017,20050
02-10-2017 00:00,14-11-2017,20050
03-10-2017 00:00,15-11-2017,20050
04-10-2017 00:00,16-11-2017,20000
05-10-2017 00:00,20-11-2017,20100
06-10-2017 00:00,21-11-2017,19950
09-10-2017 00:00,22-11-2017,19900
10-10-2017 00:00,27-11-2017,20000
11-10-2017 00:00,28-11-2017,20050
12-10-2017 00:00,29-11-2017,20000
16-10-2017 00:00,30-11-2017,19850
17-10-2017 00:00,04-12-2017,19800
18-10-2017 00:00,06-12-2017,19600
19-10-2017 00:00,07-12-2017,19600
20-10-2017 00:00,12-12-2017,19300
24-10-2017 00:00,13-12-2017,19250
25-10-2017 00:00,14-12-2017,19400
27-10-2017 00:00,18-12-2017,19300
30-10-2017 00:00,19-12-2017,19500
31-10-2017 00:00,20-12-2017,19500
01-11-2017 00:00,21-12-2017,19550
02-11-2017 00:00,26-12-2017,19850
03-11-2017 00:00,27-12-2017,19950
06-11-2017 00:00,28-12-2017,20000
07-11-2017 00:00,03-01-2018,20050
08-11-2017 00:00,04-01-2018,20050
09-11-2017 00:00,08-01-2018,20150
10-11-2017 00:00,09-01-2018,20150
13-11-2017 00:00,10-01-2018,20050
14-11-2017 00:00,11-01-2018,20050
15-11-2017 00:00,16-01-2018,20250
16-11-2017 00:00,17-01-2018,20250
17-11-2017 00:00,18-01-2018,20100
20-11-2017 00:00,22-01-2018,20150
21-11-2017 00:00,23-01-2018,20150
22-11-2017 00:00,24-01-2018,20150
24-11-2017 00:00,25-01-2018,20250
27-11-2017 00:00,29-01-2018,20050
28-11-2017 00:00,30-01-2018,19950
29-11-2017 00:00,31-01-2018,19950
30-11-2017 00:00,01-02-2018,20000
01-12-2017 00:00,05-02-2018,19850
04-12-2017 00:00,06-02-2018,20150
06-12-2017 00:00,07-02-2018,19850
07-12-2017 00:00,08-02-2018,19800
08-12-2017 00:00,12-02-2018,19850
12-12-2017 00:00,13-02-2018,19850
13-12-2017 00:00,14-02-2018,19850
14-12-2017 00:00,15-02-2018,20050
15-12-2017 00:00,20-02-2018,20000
18-12-2017 00:00,21-02-2018,19900
19-12-2017 00:00,22-02-2018,19850
20-12-2017 00:00,26-02-2018,19850
21-12-2017 00:00,27-02-2018,19850
22-12-2017 00:00,28-02-2018,19700
26-12-2017 00:00,05-03-2018,19750
27-12-2017 00:00,06-03-2018,19700
28-12-2017 00:00,07-03-2018,19800
29-12-2017 00:00,08-03-2018,19750
03-01-2018 00:00,12-03-2018,19650
04-01-2018 00:00,13-03-2018,19650
05-01-2018 00:00,14-03-2018,19650
08-01-2018 00:00,15-03-2018,19600
09-01-2018 00:00,19-03-2018,19450
10-01-2018 00:00,20-03-2018,19500
11-01-2018 00:00,21-03-2018,19450
12-01-2018 00:00,22-03-2018,19650
16-01-2018 00:00,26-03-2018,19900
17-01-2018 00:00,27-03-2018,19950
18-01-2018 00:00,28-03-2018,19900
19-01-2018 00:00,02-04-2018,19650
22-01-2018 00:00,03-04-2018,19800
23-01-2018 00:00,04-04-2018,19700
24-01-2018 00:00,05-04-2018,19700
25-01-2018 00:00,09-04-2018,19750
26-01-2018 00:00,10-04-2018,19750
29-01-2018 00:00,11-04-2018,19800
30-01-2018 00:00,12-04-2018,19950
31-01-2018 00:00,17-04-2018,19900
01-02-2018 00:00,18-04-2018,19900
02-02-2018 00:00,19-04-2018,19950
05-02-2018 00:00,23-04-2018,19850
06-02-2018 00:00,24-04-2018,19850
07-02-2018 00:00,25-04-2018,19800
08-02-2018 00:00,26-04-2018,19800
09-02-2018 00:00,30-04-2018,19750
12-02-2018 00:00,02-05-2018,19650
13-02-2018 00:00,03-05-2018,19700
14-02-2018 00:00,07-05-2018,19800
15-02-2018 00:00,08-05-2018,19850
16-02-2018 00:00,09-05-2018,19900
20-02-2018 00:00,10-05-2018,20000
21-02-2018 00:00,14-05-2018,19950
22-02-2018 00:00,15-05-2018,19850
23-02-2018 00:00,16-05-2018,19700
26-02-2018 00:00,17-05-2018,19650
27-02-2018 00:00,21-05-2018,19700
28-02-2018 00:00,22-05-2018,19650
02-03-2018 00:00,23-05-2018,19650
05-03-2018 00:00,24-05-2018,19700
06-03-2018 00:00,30-05-2018,19800
07-03-2018 00:00,31-05-2018,19750
08-03-2018 00:00,04-06-2018,19650
09-03-2018 00:00,05-06-2018,19600
12-03-2018 00:00,06-06-2018,19650
13-03-2018 00:00,07-06-2018,19600
14-03-2018 00:00,11-06-2018,19750
15-03-2018 00:00,12-06-2018,19750
16-03-2018 00:00,13-06-2018,19750
19-03-2018 00:00,14-06-2018,19750
20-03-2018 00:00,18-06-2018,19850
21-03-2018 00:00,19-06-2018,19850
22-03-2018 00:00,20-06-2018,19800
23-03-2018 00:00,21-06-2018,19750
26-03-2018 00:00,25-06-2018,19850
27-03-2018 00:00,26-06-2018,19800
28-03-2018 00:00,27-06-2018,19650
29-03-2018 00:00,28-06-2018,19650
02-04-2018 00:00,02-07-2018,19650
03-04-2018 00:00,03-07-2018,19600
04-04-2018 00:00,05-07-2018,19750
05-04-2018 00:00,09-07-2018,19750
09-04-2018 00:00,10-07-2018,19750
10-04-2018 00:00,11-07-2018,19750
11-04-2018 00:00,12-07-2018,19700
12-04-2018 00:00,16-07-2018,19650
17-04-2018 00:00,17-07-2018,19600
18-04-2018 00:00,18-07-2018,19450
19-04-2018 00:00,19-07-2018,19400
20-04-2018 00:00,23-07-2018,19500
23-04-2018 00:00,24-07-2018,19450
24-04-2018 00:00,25-07-2018,19400
25-04-2018 00:00,26-07-2018,19400
26-04-2018 00:00,31-07-2018,19300
27-04-2018 00:00,01-08-2018,19250
30-04-2018 00:00,02-08-2018,19200
02-05-2018 00:00,06-08-2018,19200
03-05-2018 00:00,07-08-2018,19150
04-05-2018 00:00,08-08-2018,19150
07-05-2018 00:00,09-08-2018,19150
08-05-2018 00:00,14-08-2018,18950
09-05-2018 00:00,15-08-2018,18900
10-05-2018 00:00,16-08-2018,18550
11-05-2018 00:00,20-08-2018,18700
14-05-2018 00:00,21-08-2018,18600
15-05-2018 00:00,22-08-2018,18550
16-05-2018 00:00,23-08-2018,18600
17-05-2018 00:00,27-08-2018,18700
18-05-2018 00:00,28-08-2018,18650
21-05-2018 00:00,29-08-2018,18650
22-05-2018 00:00,30-08-2018,18700
23-05-2018 00:00,04-09-2018,18650
24-05-2018 00:00,05-09-2018,18600
25-05-2018 00:00,06-09-2018,18650
30-05-2018 00:00,10-09-2018,18650
31-05-2018 00:00,11-09-2018,18600
01-06-2018 00:00,12-09-2018,18600
04-06-2018 00:00,13-09-2018,18650
05-06-2018 00:00,17-09-2018,18550
06-06-2018 00:00,18-09-2018,18550
07-06-2018 00:00,19-09-2018,18550
08-06-2018 00:00,20-09-2018,18550
11-06-2018 00:00,24-09-2018,18450
12-06-2018 00:00,25-09-2018,18450
13-06-2018 00:00,26-09-2018,18500
14-06-2018 00:00,27-09-2018,18450
15-06-2018 00:00,01-10-2018,18250
18-06-2018 00:00,02-10-2018,18250
19-06-2018 00:00,03-10-2018,18500
20-06-2018 00:00,04-10-2018,18500
21-06-2018 00:00,08-10-2018,18650
22-06-2018 00:00,09-10-2018,18600
25-06-2018 00:00,10-10-2018,18550
26-06-2018 00:00,11-10-2018,18650
27-06-2018 00:00,16-10-2018,18950
28-06-2018 00:00,17-10-2018,18900
29-06-2018 00:00,18-10-2018,18900
02-07-2018 00:00,22-10-2018,18950
03-07-2018 00:00,24-10-2018,19150
05-07-2018 00:00,25-10-2018,19250
06-07-2018 00:00,29-10-2018,19350
09-07-2018 00:00,30-10-2018,19350
10-07-2018 00:00,31-10-2018,19250
11-07-2018 00:00,01-11-2018,19100
12-07-2018 00:00,05-11-2018,19200
13-07-2018 00:00,06-11-2018,19250
16-07-2018 00:00,07-11-2018,19200
17-07-2018 00:00,08-11-2018,19100
18-07-2018 00:00,12-11-2018,19000
19-07-2018 00:00,13-11-2018,18900
20-07-2018 00:00,14-11-2018,18800
23-07-2018 00:00,15-11-2018,18850
24-07-2018 00:00,19-11-2018,19050
25-07-2018 00:00,20-11-2018,19050
26-07-2018 00:00,21-11-2018,19100
31-07-2018 00:00,26-11-2018,19150
01-08-2018 00:00,27-11-2018,19150
02-08-2018 00:00,28-11-2018,19050
03-08-2018 00:00,29-11-2018,19050
06-08-2018 00:00,03-12-2018,19100
07-08-2018 00:00,04-12-2018,19150
08-08-2018 00:00,06-12-2018,19300
09-08-2018 00:00,11-12-2018,19350
10-08-2018 00:00,12-12-2018,19350
14-08-2018 00:00,13-12-2018,19300
15-08-2018 00:00,17-12-2018,19250
16-08-2018 00:00,18-12-2018,19350
17-08-2018 00:00,19-12-2018,19350
20-08-2018 00:00,20-12-2018,19350
21-08-2018 00:00,26-12-2018,19600
22-08-2018 00:00,27-12-2018,19600
23-08-2018 00:00,02-01-2019,19650
24-08-2018 00:00,03-01-2019,19700
27-08-2018 00:00,07-01-2019,19550
28-08-2018 00:00,08-01-2019,19550
29-08-2018 00:00,09-01-2019,19500
30-08-2018 00:00,10-01-2019,19550
31-08-2018 00:00,14-01-2019,19550
04-09-2018 00:00,15-01-2019,19550
05-09-2018 00:00,16-01-2019,19500
06-09-2018 00:00,17-01-2019,19400
07-09-2018 00:00,22-01-2019,19300
10-09-2018 00:00,23-01-2019,19350
11-09-2018 00:00,24-01-2019,19300
12-09-2018 00:00,28-01-2019,19450
13-09-2018 00:00,29-01-2019,19500
14-09-2018 00:00,30-01-2019,19550
17-09-2018 00:00,31-01-2019,19550
18-09-2018 00:00,04-02-2019,19500
19-09-2018 00:00,05-02-2019,19500
20-09-2018 00:00,06-02-2019,19500
21-09-2018 00:00,07-02-2019,19400
24-09-2018 00:00,11-02-2019,19550
25-09-2018 00:00,12-02-2019,19450
26-09-2018 00:00,13-02-2019,19450
27-09-2018 00:00,14-02-2019,19500
28-09-2018 00:00,20-02-2019,19800
01-10-2018 00:00,21-02-2019,19750
02-10-2018 00:00,25-02-2019,19700
03-10-2018 00:00,26-02-2019,19700
04-10-2018 00:00,27-02-2019,19750
05-10-2018 00:00,28-02-2019,19700
08-10-2018 00:00,04-03-2019,19550
09-10-2018 00:00,05-03-2019,19500
10-10-2018 00:00,06-03-2019,19400
11-10-2018 00:00,07-03-2019,19450
12-10-2018 00:00,11-03-2019,19500
16-10-2018 00:00,12-03-2019,19450
17-10-2018 00:00,13-03-2019,19550
18-10-2018 00:00,14-03-2019,19550
19-10-2018 00:00,18-03-2019,19500
22-10-2018 00:00,19-03-2019,19600
24-10-2018 00:00,20-03-2019,19600
25-10-2018 00:00,21-03-2019,19750
26-10-2018 00:00,25-03-2019,19700
29-10-2018 00:00,26-03-2019,19750
30-10-2018 00:00,27-03-2019,19800
31-10-2018 00:00,28-03-2019,19800
01-11-2018 00:00,01-04-2019,19450
02-11-2018 00:00,02-04-2019,19400
05-11-2018 00:00,03-04-2019,19450
06-11-2018 00:00,04-04-2019,19450
07-11-2018 00:00,09-04-2019,19600
08-11-2018 00:00,10-04-2019,19650
09-11-2018 00:00,11-04-2019,19650
12-11-2018 00:00,17-04-2019,19300
13-11-2018 00:00,22-04-2019,19350
14-11-2018 00:00,23-04-2019,19300
15-11-2018 00:00,24-04-2019,19300
16-11-2018 00:00,25-04-2019,19400
19-11-2018 00:00,29-04-2019,19450
20-11-2018 00:00,30-04-2019,19400
21-11-2018 00:00,02-05-2019,19350
23-11-2018 00:00,07-05-2019,19400
26-11-2018 00:00,08-05-2019,19450
27-11-2018 00:00,09-05-2019,19350
28-11-2018 00:00,13-05-2019,19300
29-11-2018 00:00,14-05-2019,19450
30-11-2018 00:00,15-05-2019,19350
03-12-2018 00:00,16-05-2019,19350
04-12-2018 00:00,21-05-2019,19300
06-12-2018 00:00,22-05-2019,19300
07-12-2018 00:00,23-05-2019,19300
11-12-2018 00:00,28-05-2019,19400
12-12-2018 00:00,29-05-2019,19350
13-12-2018 00:00,30-05-2019,19300
14-12-2018 00:00,04-06-2019,19650
17-12-2018 00:00,05-06-2019,19700
18-12-2018 00:00,06-06-2019,19750
19-12-2018 00:00,10-06-2019,19750
20-12-2018 00:00,11-06-2019,19750
21-12-2018 00:00,12-06-2019,19700
24-12-2018 00:00,13-06-2019,19750
26-12-2018 00:00,17-06-2019,19850
27-12-2018 00:00,18-06-2019,19900
28-12-2018 00:00,19-06-2019,19900
02-01-2019 00:00,20-06-2019,20250
03-01-2019 00:00,24-06-2019,20450
04-01-2019 00:00,25-06-2019,20650
07-01-2019 00:00,26-06-2019,20650
08-01-2019 00:00,27-06-2019,20500
09-01-2019 00:00,01-07-2019,20250
10-01-2019 00:00,02-07-2019,20250
11-01-2019 00:00,03-07-2019,20600
14-01-2019 00:00,08-07-2019,20350
15-01-2019 00:00,09-07-2019,20350
16-01-2019 00:00,10-07-2019,20350
17-01-2019 00:00,11-07-2019,20600
18-01-2019 00:00,15-07-2019,20650
22-01-2019 00:00,17-07-2019,20600
23-01-2019 00:00,18-07-2019,20750
24-01-2019 00:00,22-07-2019,20800
25-01-2019 00:00,23-07-2019,20750
28-01-2019 00:00,24-07-2019,20800
29-01-2019 00:00,25-07-2019,20850
30-01-2019 00:00,30-07-2019,20800
31-01-2019 00:00,31-07-2019,20800
01-02-2019 00:00,01-08-2019,20600
04-02-2019 00:00,05-08-2019,21050
05-02-2019 00:00,06-08-2019,21350
06-02-2019 00:00,07-08-2019,21550
07-02-2019 00:00,08-08-2019,21800
08-02-2019 00:00,13-08-2019,22050
11-02-2019 00:00,14-08-2019,21900
12-02-2019 00:00,15-08-2019,22150
13-02-2019 00:00,19-08-2019,22050
14-02-2019 00:00,20-08-2019,21850
15-02-2019 00:00,21-08-2019,21950
20-02-2019 00:00,22-08-2019,21900
21-02-2019 00:00,26-08-2019,22300
22-02-2019 00:00,27-08-2019,22150
25-02-2019 00:00,28-08-2019,22300
26-02-2019 00:00,29-08-2019,22150
27-02-2019 00:00,03-09-2019,22150
28-02-2019 00:00,04-09-2019,22350
01-03-2019 00:00,05-09-2019,22350
04-03-2019 00:00,09-09-2019,21950
05-03-2019 00:00,10-09-2019,21650
06-03-2019 00:00,11-09-2019,21650
07-03-2019 00:00,12-09-2019,21650
08-03-2019 00:00,16-09-2019,21750
11-03-2019 00:00,17-09-2019,21700
12-03-2019 00:00,18-09-2019,21700
13-03-2019 00:00,19-09-2019,21650
14-03-2019 00:00,23-09-2019,21900
15-03-2019 00:00,24-09-2019,21950
18-03-2019 00:00,25-09-2019,22150
19-03-2019 00:00,26-09-2019,21900
20-03-2019 00:00,30-09-2019,21700
21-03-2019 00:00,01-10-2019,21300
22-03-2019 00:00,02-10-2019,21450
25-03-2019 00:00,03-10-2019,21750
26-03-2019 00:00,07-10-2019,21750
27-03-2019 00:00,08-10-2019,21550
28-03-2019 00:00,09-10-2019,21650
29-03-2019 00:00,10-10-2019,21650
01-04-2019 00:00,15-10-2019,21500
02-04-2019 00:00,16-10-2019,21400
03-04-2019 00:00,17-10-2019,21450
04-04-2019 00:00,21-10-2019,21400
05-04-2019 00:00,22-10-2019,21300
09-04-2019 00:00,24-10-2019,21400
10-04-2019 00:00,28-10-2019,21550
11-04-2019 00:00,29-10-2019,21400
12-04-2019 00:00,30-10-2019,21350
17-04-2019 00:00,31-10-2019,21400
18-04-2019 00:00,04-11-2019,21600
22-04-2019 00:00,05-11-2019,21550
23-04-2019 00:00,06-11-2019,21350
24-04-2019 00:00,07-11-2019,21400
25-04-2019 00:00,11-11-2019,21100
26-04-2019 00:00,12-11-2019,20950
29-04-2019 00:00,13-11-2019,20950
30-04-2019 00:00,14-11-2019,20950
02-05-2019 00:00,18-11-2019,21000
03-05-2019 00:00,19-11-2019,21000
07-05-2019 00:00,20-11-2019,21050
08-05-2019 00:00,21-11-2019,21050
09-05-2019 00:00,25-11-2019,20950
10-05-2019 00:00,26-11-2019,20850
13-05-2019 00:00,27-11-2019,20900
14-05-2019 00:00,02-12-2019,20900
15-05-2019 00:00,03-12-2019,20950
16-05-2019 00:00,04-12-2019,21200
17-05-2019 00:00,09-12-2019,21000
21-05-2019 00:00,11-12-2019,21000
22-05-2019 00:00,12-12-2019,21100
23-05-2019 00:00,16-12-2019,21600
24-05-2019 00:00,17-12-2019,21150
28-05-2019 00:00,18-12-2019,21150
29-05-2019 00:00,19-12-2019,21150
30-05-2019 00:00,23-12-2019,21150
31-05-2019 00:00,26-12-2019,21450
04-06-2019 00:00,30-12-2019,21600
05-06-2019 00:00,02-01-2020,21650
06-06-2019 00:00,03-01-2020,21900
07-06-2019 00:00,06-01-2020,22500
10-06-2019 00:00,07-01-2020,22250
11-06-2019 00:00,08-01-2020,22750
12-06-2019 00:00,09-01-2020,22400
13-06-2019 00:00,10-01-2020,22200
14-06-2019 00:00,13-01-2020,22300
17-06-2019 00:00,14-01-2020,22100
18-06-2019 00:00,15-01-2020,22200
19-06-2019 00:00,16-01-2020,22300
20-06-2019 00:00,17-01-2020,22400
21-06-2019 00:00,20-01-2020,22400
24-06-2019 00:00,21-01-2020,22500
25-06-2019 00:00,22-01-2020,22350
26-06-2019 00:00,23-01-2020,22400
27-06-2019 00:00,24-01-2020,22550
28-06-2019 00:00,27-01-2020,22950
01-07-2019 00:00,28-01-2020,23000
02-07-2019 00:00,29-01-2020,22850
03-07-2019 00:00,30-01-2020,23200
05-07-2019 00:00,31-01-2020,23200
08-07-2019 00:00,03-02-2020,23400
09-07-2019 00:00,04-02-2020,23200
10-07-2019 00:00,05-02-2020,22900
11-07-2019 00:00,06-02-2020,22850
12-07-2019 00:00,07-02-2020,23100
15-07-2019 00:00,11-02-2020,23200
17-07-2019 00:00,12-02-2020,23150
18-07-2019 00:00,13-02-2020,23150
19-07-2019 00:00,14-02-2020,23200
22-07-2019 00:00,17-02-2020,23350
23-07-2019 00:00,18-02-2020,23400
24-07-2019 00:00,19-02-2020,23600
25-07-2019 00:00,20-02-2020,23800
26-07-2019 00:00,21-02-2020,24250
30-07-2019 00:00,24-02-2020,24950
31-07-2019 00:00,25-02-2020,24800
01-08-2019 00:00,26-02-2020,24750
02-08-2019 00:00,27-02-2020,24850
05-08-2019 00:00,28-02-2020,24550
06-08-2019 00:00,02-03-2020,23750
07-08-2019 00:00,03-03-2020,23850
08-08-2019 00:00,04-03-2020,24450
09-08-2019 00:00,05-03-2020,24400
13-08-2019 00:00,06-03-2020,25000
14-08-2019 00:00,09-03-2020,25250
15-08-2019 00:00,10-03-2020,24800
16-08-2019 00:00,11-03-2020,24700
19-08-2019 00:00,12-03-2020,24450
20-08-2019 00:00,13-03-2020,23750
21-08-2019 00:00,16-03-2020,23300
22-08-2019 00:00,17-03-2020,22700
23-08-2019 00:00,18-03-2020,23450
26-08-2019 00:00,19-03-2020,23000
27-08-2019 00:00,20-03-2020,22800
28-08-2019 00:00,23-03-2020,23250
29-08-2019 00:00,24-03-2020,24450
30-08-2019 00:00,25-03-2020,24800
03-09-2019 00:00,26-03-2020,24550
04-09-2019 00:00,27-03-2020,24800
05-09-2019 00:00,30-03-2020,24900
06-09-2019 00:00,31-03-2020,24900
09-09-2019 00:00,01-04-2020,24650
10-09-2019 00:00,02-04-2020,24850
11-09-2019 00:00,03-04-2020,25050
12-09-2019 00:00,07-04-2020,25650
13-09-2019 00:00,08-04-2020,25400
16-09-2019 00:00,09-04-2020,25350
17-09-2019 00:00,13-04-2020,25700
18-09-2019 00:00,14-04-2020,26250
19-09-2019 00:00,15-04-2020,26250
20-09-2019 00:00,16-04-2020,26200
23-09-2019 00:00,17-04-2020,26100
24-09-2019 00:00,20-04-2020,25800
25-09-2019 00:00,21-04-2020,26000
26-09-2019 00:00,22-04-2020,25900
27-09-2019 00:00,23-04-2020,26100
30-09-2019 00:00,24-04-2020,26350
01-10-2019 00:00,27-04-2020,26350
02-10-2019 00:00,28-04-2020,26100
03-10-2019 00:00,29-04-2020,26150
04-10-2019 00:00,30-04-2020,26150
07-10-2019 00:00,05-05-2020,26000
08-10-2019 00:00,07-05-2020,26000
09-10-2019 00:00,08-05-2020,26150
10-10-2019 00:00,11-05-2020,26000
11-10-2019 00:00,12-05-2020,25900
15-10-2019 00:00,13-05-2020,25900
16-10-2019 00:00,14-05-2020,26000
17-10-2019 00:00,15-05-2020,26250
18-10-2019 00:00,18-05-2020,26600
21-10-2019 00:00,19-05-2020,26300
22-10-2019 00:00,20-05-2020,26350
24-10-2019 00:00,21-05-2020,26300
25-10-2019 00:00,22-05-2020,26100
28-10-2019 00:00,25-05-2020,26150
29-10-2019 00:00,26-05-2020,26200
30-10-2019 00:00,27-05-2020,25900
31-10-2019 00:00,28-05-2020,25900
01-11-2019 00:00,29-05-2020,25950
04-11-2019 00:00,01-06-2020,26100
05-11-2019 00:00,02-06-2020,26050
06-11-2019 00:00,04-06-2020,25600
07-11-2019 00:00,05-06-2020,25600
08-11-2019 00:00,08-06-2020,25250
11-11-2019 00:00,09-06-2020,25250
12-11-2019 00:00,10-06-2020,25450
13-11-2019 00:00,11-06-2020,25350
14-11-2019 00:00,12-06-2020,25450
15-11-2019 00:00,15-06-2020,25400
18-11-2019 00:00,16-06-2020,25400
19-11-2019 00:00,17-06-2020,25450
20-11-2019 00:00,18-06-2020,25450
21-11-2019 00:00,19-06-2020,25400
22-11-2019 00:00,22-06-2020,25700
25-11-2019 00:00,23-06-2020,25700
26-11-2019 00:00,24-06-2020,25850
27-11-2019 00:00,25-06-2020,25750
29-11-2019 00:00,26-06-2020,25800
02-12-2019 00:00,29-06-2020,25850
03-12-2019 00:00,30-06-2020,25900
04-12-2019 00:00,01-07-2020,26100
06-12-2019 00:00,02-07-2020,26000
09-12-2019 00:00,03-07-2020,26150
11-12-2019 00:00,07-07-2020,26250
12-12-2019 00:00,08-07-2020,26550
13-12-2019 00:00,09-07-2020,26650
16-12-2019 00:00,10-07-2020,26700
17-12-2019 00:00,13-07-2020,26700
18-12-2019 00:00,14-07-2020,26800
19-12-2019 00:00,15-07-2020,26950
20-12-2019 00:00,16-07-2020,27050
23-12-2019 00:00,17-07-2020,27000
24-12-2019 00:00,20-07-2020,27150
26-12-2019 00:00,21-07-2020,27250
27-12-2019 00:00,22-07-2020,27650
30-12-2019 00:00,23-07-2020,27850
02-01-2020 00:00,24-07-2020,28200
03-01-2020 00:00,29-07-2020,29050
06-01-2020 00:00,30-07-2020,29100
07-01-2020 00:00,31-07-2020,29000
08-01-2020 00:00,03-08-2020,29100
09-01-2020 00:00,04-08-2020,29050
10-01-2020 00:00,05-08-2020,29450
13-01-2020 00:00,06-08-2020,29850
14-01-2020 00:00,07-08-2020,30350
15-01-2020 00:00,10-08-2020,29900
16-01-2020 00:00,11-08-2020,29700
17-01-2020 00:00,13-08-2020,28400
21-01-2020 00:00,14-08-2020,28650
22-01-2020 00:00,17-08-2020,28550
23-01-2020 00:00,18-08-2020,29350
24-01-2020 00:00,19-08-2020,29400
27-01-2020 00:00,20-08-2020,28850
28-01-2020 00:00,21-08-2020,28950
29-01-2020 00:00,24-08-2020,28850
30-01-2020 00:00,25-08-2020,28850
31-01-2020 00:00,26-08-2020,28650
03-02-2020 00:00,27-08-2020,28750
04-02-2020 00:00,28-08-2020,28650
05-02-2020 00:00,31-08-2020,28900
06-02-2020 00:00,01-09-2020,29100
07-02-2020 00:00,02-09-2020,29050
11-02-2020 00:00,03-09-2020,28850
12-02-2020 00:00,08-09-2020,28650
13-02-2020 00:00,09-09-2020,28650
14-02-2020 00:00,10-09-2020,28750
18-02-2020 00:00,11-09-2020,28850
19-02-2020 00:00,14-09-2020,28850
20-02-2020 00:00,15-09-2020,28950
21-02-2020 00:00,16-09-2020,28900
24-02-2020 00:00,17-09-2020,28750
25-02-2020 00:00,18-09-2020,28750
26-02-2020 00:00,21-09-2020,28650
27-02-2020 00:00,22-09-2020,28400
28-02-2020 00:00,23-09-2020,28300
02-03-2020 00:00,24-09-2020,27900
03-03-2020 00:00,25-09-2020,27850
04-03-2020 00:00,28-09-2020,27900
05-03-2020 00:00,29-09-2020,28300
06-03-2020 00:00,30-09-2020,28400
09-03-2020 00:00,01-10-2020,28250
10-03-2020 00:00,02-10-2020,28400
11-03-2020 00:00,05-10-2020,28350
12-03-2020 00:00,06-10-2020,28300
13-03-2020 00:00,07-10-2020,27900
16-03-2020 00:00,08-10-2020,27900
17-03-2020 00:00,09-10-2020,28100
18-03-2020 00:00,12-10-2020,28300
19-03-2020 00:00,14-10-2020,28000
20-03-2020 00:00,15-10-2020,28000
23-03-2020 00:00,16-10-2020,28150
24-03-2020 00:00,19-10-2020,28100
25-03-2020 00:00,20-10-2020,28100
26-03-2020 00:00,21-10-2020,28300
27-03-2020 00:00,22-10-2020,28300
30-03-2020 00:00,26-10-2020,28200
31-03-2020 00:00,27-10-2020,28250
01-04-2020 00:00,28-10-2020,28200
02-04-2020 00:00,29-10-2020,27800
03-04-2020 00:00,30-10-2020,27700
07-04-2020 00:00,02-11-2020,27750
08-04-2020 00:00,03-11-2020,27900
09-04-2020 00:00,04-11-2020,28000
13-04-2020 00:00,05-11-2020,28000
14-04-2020 00:00,06-11-2020,28250
15-04-2020 00:00,09-11-2020,28300
16-04-2020 00:00,10-11-2020,27100
17-04-2020 00:00,11-11-2020,27000
20-04-2020 00:00,12-11-2020,26800
21-04-2020 00:00,13-11-2020,26950
22-04-2020 00:00,16-11-2020,27100
23-04-2020 00:00,17-11-2020,27000
24-04-2020 00:00,18-11-2020,26900
27-04-2020 00:00,19-11-2020,26900
28-04-2020 00:00,20-11-2020,26800
29-04-2020 00:00,23-11-2020,26850
30-04-2020 00:00,24-11-2020,26350
05-05-2020 00:00,25-11-2020,26050
07-05-2020 00:00,26-11-2020,26000
08-05-2020 00:00,27-11-2020,26000
11-05-2020 00:00,30-11-2020,25600
12-05-2020 00:00,01-12-2020,25550
13-05-2020 00:00,02-12-2020,25950
14-05-2020 00:00,03-12-2020,26150
15-05-2020 00:00,04-12-2020,26250
18-05-2020 00:00,08-12-2020,26600
19-05-2020 00:00,09-12-2020,26550
20-05-2020 00:00,14-12-2020,26200
21-05-2020 00:00,15-12-2020,26100
22-05-2020 00:00,16-12-2020,26350
26-05-2020 00:00,17-12-2020,26450
27-05-2020 00:00,18-12-2020,26550
28-05-2020 00:00,21-12-2020,26900
29-05-2020 00:00,22-12-2020,26800
01-06-2020 00:00,23-12-2020,26650
02-06-2020 00:00,24-12-2020,26850
04-06-2020 00:00,28-12-2020,27000
05-06-2020 00:00,29-12-2020,26750
08-06-2020 00:00,30-12-2020,26750
09-06-2020 00:00,04-01-2021,27150
10-06-2020 00:00,05-01-2021,27400
11-06-2020 00:00,06-01-2021,27600
12-06-2020 00:00,07-01-2021,27200
15-06-2020 00:00,08-01-2021,27250
16-06-2020 00:00,11-01-2021,26150
17-06-2020 00:00,12-01-2021,26400
18-06-2020 00:00,13-01-2021,26450
19-06-2020 00:00,14-01-2021,26250
22-06-2020 00:00,15-01-2021,26300
23-06-2020 00:00,18-01-2021,26050
24-06-2020 00:00,19-01-2021,26250
25-06-2020 00:00,20-01-2021,26250
26-06-2020 00:00,21-01-2021,26500
29-06-2020 00:00,22-01-2021,26450
30-06-2020 00:00,25-01-2021,26350
01-07-2020 00:00,26-01-2021,26350
02-07-2020 00:00,27-01-2021,26200
07-07-2020 00:00,28-01-2021,26150
08-07-2020 00:00,29-01-2021,26200
09-07-2020 00:00,01-02-2021,26250
10-07-2020 00:00,02-02-2021,26400
13-07-2020 00:00,03-02-2021,26200
14-07-2020 00:00,04-02-2021,26000
15-07-2020 00:00,05-02-2021,25650
16-07-2020 00:00,08-02-2021,25800
17-07-2020 00:00,09-02-2021,26050
20-07-2020 00:00,10-02-2021,26050
21-07-2020 00:00,11-02-2021,26050
22-07-2020 00:00,15-02-2021,25850
23-07-2020 00:00,16-02-2021,25800
24-07-2020 00:00,17-02-2021,25500
29-07-2020 00:00,18-02-2021,25500
30-07-2020 00:00,19-02-2021,25200
31-07-2020 00:00,22-02-2021,25400
03-08-2020 00:00,23-02-2021,25700
04-08-2020 00:00,24-02-2021,25750
05-08-2020 00:00,25-02-2021,25600
06-08-2020 00:00,01-03-2021,25200
07-08-2020 00:00,02-03-2021,24650
10-08-2020 00:00,03-03-2021,24900
11-08-2020 00:00,04-03-2021,24700
13-08-2020 00:00,05-03-2021,24500
14-08-2020 00:00,08-03-2021,24800
17-08-2020 00:00,09-03-2021,24700
18-08-2020 00:00,10-03-2021,24950
19-08-2020 00:00,11-03-2021,25100
20-08-2020 00:00,12-03-2021,24950
21-08-2020 00:00,15-03-2021,25150
24-08-2020 00:00,16-03-2021,25200
25-08-2020 00:00,17-03-2021,25250
26-08-2020 00:00,18-03-2021,25450
27-08-2020 00:00,19-03-2021,25350
28-08-2020 00:00,22-03-2021,25400
31-08-2020 00:00,23-03-2021,25400
01-09-2020 00:00,24-03-2021,25400
02-09-2020 00:00,25-03-2021,25500
03-09-2020 00:00,26-03-2021,25550
08-09-2020 00:00,29-03-2021,25550
09-09-2020 00:00,30-03-2021,25300
10-09-2020 00:00,31-03-2021,25000
11-09-2020 00:00,01-04-2021,25300
14-09-2020 00:00,05-04-2021,25600
15-09-2020 00:00,07-04-2021,25750
16-09-2020 00:00,08-04-2021,25800
17-09-2020 00:00,09-04-2021,26100
18-09-2020 00:00,12-04-2021,25950
21-09-2020 00:00,16-04-2021,26050
22-09-2020 00:00,19-04-2021,26250
23-09-2020 00:00,20-04-2021,26150
24-09-2020 00:00,21-04-2021,26400
25-09-2020 00:00,22-04-2021,26600
28-09-2020 00:00,23-04-2021,26600
29-09-2020 00:00,26-04-2021,26450
30-09-2020 00:00,27-04-2021,26450
01-10-2020 00:00,28-04-2021,26350
02-10-2020 00:00,29-04-2021,26450
05-10-2020 00:00,30-04-2021,26150
06-10-2020 00:00,05-05-2021,26300
07-10-2020 00:00,06-05-2021,26350
08-10-2020 00:00,07-05-2021,26800
09-10-2020 00:00,10-05-2021,26950
12-10-2020 00:00,11-05-2021,27000
14-10-2020 00:00,12-05-2021,27050
15-10-2020 00:00,13-05-2021,27000
16-10-2020 00:00,14-05-2021,27050
19-10-2020 00:00,17-05-2021,27500
20-10-2020 00:00,18-05-2021,27800
21-10-2020 00:00,19-05-2021,27800
22-10-2020 00:00,20-05-2021,27800
26-10-2020 00:00,21-05-2021,27800
27-10-2020 00:00,24-05-2021,28000
28-10-2020 00:00,25-05-2021,27800
29-10-2020 00:00,27-05-2021,28050
30-10-2020 00:00,28-05-2021,28050
02-11-2020 00:00,31-05-2021,28200
03-11-2020 00:00,01-06-2021,28200
04-11-2020 00:00,02-06-2021,28000
05-11-2020 00:00,04-06-2021,27600
06-11-2020 00:00,07-06-2021,27850
09-11-2020 00:00,08-06-2021,28000
10-11-2020 00:00,09-06-2021,27900
11-11-2020 00:00,10-06-2021,27800
12-11-2020 00:00,11-06-2021,27950
13-11-2020 00:00,14-06-2021,27550
16-11-2020 00:00,15-06-2021,27450
17-11-2020 00:00,16-06-2021,27400
18-11-2020 00:00,17-06-2021,27100
19-11-2020 00:00,18-06-2021,26550
20-11-2020 00:00,21-06-2021,26500
23-11-2020 00:00,22-06-2021,26750
24-11-2020 00:00,23-06-2021,26800
25-11-2020 00:00,24-06-2021,26850
27-11-2020 00:00,25-06-2021,26800
30-11-2020 00:00,28-06-2021,26850
01-12-2020 00:00,29-06-2021,26950
02-12-2020 00:00,30-06-2021,26800
03-12-2020 00:00,01-07-2021,26850
04-12-2020 00:00,02-07-2021,27050
08-12-2020 00:00,05-07-2021,27150
09-12-2020 00:00,06-07-2021,27350
14-12-2020 00:00,07-07-2021,27550
15-12-2020 00:00,08-07-2021,27600
16-12-2020 00:00,09-07-2021,27900
17-12-2020 00:00,12-07-2021,27900
18-12-2020 00:00,13-07-2021,27950
21-12-2020 00:00,14-07-2021,27950
22-12-2020 00:00,15-07-2021,28200
23-12-2020 00:00,16-07-2021,28300
24-12-2020 00:00,19-07-2021,28200
28-12-2020 00:00,20-07-2021,28200
29-12-2020 00:00,21-07-2021,28100
30-12-2020 00:00,22-07-2021,28000
04-01-2021 00:00,23-07-2021,28100
05-01-2021 00:00,27-07-2021,28000
06-01-2021 00:00,29-07-2021,28250
07-01-2021 00:00,30-07-2021,28400
08-01-2021 00:00,02-08-2021,28300
11-01-2021 00:00,03-08-2021,28250
12-01-2021 00:00,04-08-2021,28350
13-01-2021 00:00,05-08-2021,28350
14-01-2021 00:00,06-08-2021,28450
15-01-2021 00:00,09-08-2021,27550
19-01-2021 00:00,10-08-2021,27550
20-01-2021 00:00,11-08-2021,27400
21-01-2021 00:00,13-08-2021,27550
22-01-2021 00:00,16-08-2021,28050
25-01-2021 00:00,17-08-2021,28250
26-01-2021 00:00,18-08-2021,28100
27-01-2021 00:00,19-08-2021,28150
28-01-2021 00:00,20-08-2021,28150
29-01-2021 00:00,23-08-2021,28150
01-02-2021 00:00,24-08-2021,28300
02-02-2021 00:00,25-08-2021,28050
03-02-2021 00:00,26-08-2021,27800
04-02-2021 00:00,27-08-2021,27850
05-02-2021 00:00,30-08-2021,28000
08-02-2021 00:00,31-08-2021,27850
09-02-2021 00:00,01-09-2021,27800
10-02-2021 00:00,03-09-2021,27900
11-02-2021 00:00,06-09-2021,28100
16-02-2021 00:00,07-09-2021,28100
17-02-2021 00:00,08-09-2021,27950
18-02-2021 00:00,09-09-2021,27750
19-02-2021 00:00,10-09-2021,27850
22-02-2021 00:00,13-09-2021,27750
23-02-2021 00:00,14-09-2021,27900
24-02-2021 00:00,15-09-2021,28150
25-02-2021 00:00,16-09-2021,28000
01-03-2021 00:00,17-09-2021,27650
02-03-2021 00:00,20-09-2021,27650
03-03-2021 00:00,21-09-2021,27900
04-03-2021 00:00,22-09-2021,28150
05-03-2021 00:00,23-09-2021,28050
08-03-2021 00:00,27-09-2021,27800
09-03-2021 00:00,28-09-2021,27900
10-03-2021 00:00,29-09-2021,27900
11-03-2021 00:00,30-09-2021,27850
12-03-2021 00:00,01-10-2021,28000
15-03-2021 00:00,04-10-2021,28050
16-03-2021 00:00,05-10-2021,28250
17-03-2021 00:00,06-10-2021,28200
18-03-2021 00:00,07-10-2021,28200
19-03-2021 00:00,08-10-2021,28200
22-03-2021 00:00,12-10-2021,27900
23-03-2021 00:00,15-10-2021,28250
24-03-2021 00:00,19-10-2021,28000
25-03-2021 00:00,20-10-2021,28050
26-03-2021 00:00,21-10-2021,28250
29-03-2021 00:00,25-10-2021,28300
30-03-2021 00:00,26-10-2021,28250
31-03-2021 00:00,27-10-2021,28150
01-04-2021 00:00,29-10-2021,28250
05-04-2021 00:00,01-11-2021,28200
07-04-2021 00:00,03-11-2021,28200
08-04-2021 00:00,04-11-2021,28050
09-04-2021 00:00,05-11-2021,28350
12-04-2021 00:00,08-11-2021,28500
16-04-2021 00:00,09-11-2021,28350
19-04-2021 00:00,11-11-2021,28700
20-04-2021 00:00,16-11-2021,28900
21-04-2021 00:00,17-11-2021,28800
22-04-2021 00:00,18-11-2021,28850
23-04-2021 00:00,22-11-2021,28750
26-04-2021 00:00,23-11-2021,28350
27-04-2021 00:00,24-11-2021,28250
28-04-2021 00:00,29-11-2021,28650
29-04-2021 00:00,30-11-2021,28500
30-04-2021 00:00,01-12-2021,28400
05-05-2021 00:00,03-12-2021,28500
06-05-2021 00:00,08-12-2021,28400
07-05-2021 00:00,15-12-2021,28100
10-05-2021 00:00,16-12-2021,28200
11-05-2021 00:00,20-12-2021,28550
12-05-2021 00:00,22-12-2021,28600
13-05-2021 00:00,23-12-2021,28700
14-05-2021 00:00,29-12-2021,28700
17-05-2021 00:00,04-01-2022,28500
18-05-2021 00:00,07-01-2022,28500
19-05-2021 00:00,10-01-2022,28650
20-05-2021 00:00,12-01-2022,28700
21-05-2021 00:00,13-01-2022,28750
24-05-2021 00:00,14-01-2022,28650
25-05-2021 00:00,18-01-2022,28450
27-05-2021 00:00,21-01-2022,28700
28-05-2021 00:00,25-01-2022,28750
01-06-2021 00:00,27-01-2022,28550
02-06-2021 00:00,10-02-2022,28400
04-06-2021 00:00,21-02-2022,28850
07-06-2021 00:00,01-03-2022,29400
08-06-2021 00:00,03-03-2022,29700
09-06-2021 00:00,07-03-2022,30700
10-06-2021 00:00,31-03-2022,30400
11-06-2021 00:00,05-04-2022,30600
14-06-2021 00:00,28-04-2022,30700
15-06-2021 00:00,10-05-2022,30450
16-06-2021 00:00,11-05-2022,30200
17-06-2021 00:00,12-05-2022,30500
18-06-2021 00:00,17-05-2022,29950
21-06-2021 00:00,24-05-2022,30000
22-06-2021 00:00,25-05-2022,30150
23-06-2021 00:00,08-06-2022,30200
24-06-2021 00:00,13-06-2022,30650
25-06-2021 00:00,14-06-2022,30250
28-06-2021 00:00,15-06-2022,30200
29-06-2021 00:00,16-06-2022,30300
30-06-2021 00:00,23-06-2022,30750
01-07-2021 00:00,27-06-2022,30750
02-07-2021 00:00,29-06-2022,30250
06-07-2021 00:00,30-06-2022,30400
07-07-2021 00:00,05-07-2022,30550
08-07-2021 00:00,14-07-2022,29750
09-07-2021 00:00,18-07-2022,29700
12-07-2021 00:00,25-07-2022,29950
13-07-2021 00:00,26-07-2022,29950
14-07-2021 00:00,01-08-2022,30300
15-07-2021 00:00,02-08-2022,30350
16-07-2021 00:00,04-08-2022,30300
19-07-2021 00:00,09-08-2022,30000
20-07-2021 00:00,10-08-2022,30050
21-07-2021 00:00,15-08-2022,30100
22-07-2021 00:00,16-08-2022,29950
23-07-2021 00:00,22-08-2022,29700
27-07-2021 00:00,23-08-2022,29800
29-07-2021 00:00,25-08-2022,29850
30-07-2021 00:00,29-08-2022,29800
02-08-2021 00:00,30-08-2022,29900
03-08-2021 00:00,31-08-2022,29850
04-08-2021 00:00,14-09-2022,29600
05-08-2021 00:00,20-09-2022,29300
06-08-2021 00:00,21-09-2022,29300
09-08-2021 00:00,26-09-2022,29400
10-08-2021 00:00,03-10-2022,29850
11-08-2021 00:00,04-10-2022,30350
13-08-2021 00:00,11-10-2022,30050
16-08-2021 00:00,12-10-2022,30100
17-08-2021 00:00,01-11-2022,29550
18-08-2021 00:00,09-11-2022,29800
19-08-2021 00:00,16-11-2022,29950
20-08-2021 00:00,21-11-2022,29800
23-08-2021 00:00,23-11-2022,29800
24-08-2021 00:00,29-11-2022,29550
25-08-2021 00:00,06-12-2022,29450
26-08-2021 00:00,07-12-2022,29500
27-08-2021 00:00,14-12-2022,29650
30-08-2021 00:00,19-12-2022,29550
31-08-2021 00:00,21-12-2022,29800
01-09-2021 00:00,22-12-2022,29800
03-09-2021 00:00,27-12-2022,29600
07-09-2021 00:00,28-12-2022,29750
08-09-2021 00:00,29-12-2022,29700
09-09-2021 00:00,09-01-2023,29800
10-09-2021 00:00,11-01-2023,29800
13-09-2021 00:00,12-01-2023,29750
14-09-2021 00:00,19-01-2023,29850
15-09-2021 00:00,23-01-2023,29900
16-09-2021 00:00,24-01-2023,29950
17-09-2021 00:00,31-01-2023,29900
20-09-2021 00:00,02-02-2023,30200
21-09-2021 00:00,13-02-2023,29750
22-09-2021 00:00,16-02-2023,29800
23-09-2021 00:00,21-02-2023,30050
27-09-2021 00:00,22-02-2023,30100
28-09-2021 00:00,08-03-2023,30150
29-09-2021 00:00,09-03-2023,30150
30-09-2021 00:00,23-03-2023,31850
01-10-2021 00:00,27-03-2023,32050
04-10-2021 00:00,29-03-2023,31900
05-10-2021 00:00,03-04-2023,31850
06-10-2021 00:00,19-04-2023,32600
07-10-2021 00:00,27-04-2023,32250
08-10-2021 00:00,03-05-2023,32150
12-10-2021 00:00,08-05-2023,32450
15-10-2021 00:00,11-05-2023,32400
19-10-2021 00:00,17-05-2023,32250
20-10-2021 00:00,22-05-2023,32200
21-10-2021 00:00,23-05-2023,32150
25-10-2021 00:00,01-06-2023,32250
26-10-2021 00:00,07-06-2023,32300
27-10-2021 00:00,13-06-2023,32100
29-10-2021 00:00,22-06-2023,31900
01-11-2021 00:00,27-06-2023,32150
03-11-2021 00:00,05-07-2023,31900
04-11-2021 00:00,06-07-2023,31850
05-11-2021 00:00,17-07-2023,32050
08-11-2021 00:00,20-07-2023,31850
09-11-2021 00:00,26-07-2023,32050
11-11-2021 00:00,27-07-2023,32000
16-11-2021 00:00,07-08-2023,31850
17-11-2021 00:00,08-08-2023,31950
18-11-2021 00:00,16-08-2023,31950
22-11-2021 00:00,24-08-2023,31750
23-11-2021 00:00,29-08-2023,32000
24-11-2021 00:00,11-09-2023,32300
29-11-2021 00:00,12-09-2023,32350
30-11-2021 00:00,13-09-2023,32300
01-12-2021 00:00,14-09-2023,32300
03-12-2021 00:00,18-09-2023,32500
08-12-2021 00:00,19-09-2023,32600
15-12-2021 00:00,20-09-2023,32950
16-12-2021 00:00,21-09-2023,32950
20-12-2021 00:00,25-09-2023,32800
22-12-2021 00:00,26-09-2023,32900
23-12-2021 00:00,27-09-2023,32850
29-12-2021 00:00,28-09-2023,32600
04-01-2022 00:00,03-10-2023,31900
07-01-2022 00:00,04-10-2023,32000
10-01-2022 00:00,05-10-2023,31950
12-01-2022 00:00,09-10-2023,32450
13-01-2022 00:00,10-10-2023,32550
14-01-2022 00:00,11-10-2023,32250
18-01-2022 00:00,12-10-2023,32300
21-01-2022 00:00,16-10-2023,32950
25-01-2022 00:00,17-10-2023,32950
27-01-2022 00:00,18-10-2023,33250
10-02-2022 00:00,19-10-2023,33600
01-03-2022 00:00,24-10-2023,33900
03-03-2022 00:00,25-10-2023,33750
07-03-2022 00:00,26-10-2023,34100
31-03-2022 00:00,30-10-2023,34150
05-04-2022 00:00,31-10-2023,34000
22-04-2022 00:00,01-11-2023,34000
28-04-2022 00:00,02-11-2023,33850
10-05-2022 00:00,06-11-2023,33500
11-05-2022 00:00,07-11-2023,33300
12-05-2022 00:00,08-11-2023,33100
13-05-2022 00:00,09-11-2023,32800
17-05-2022 00:00,14-11-2023,33200
20-05-2022 00:00,15-11-2023,33050
24-05-2022 00:00,16-11-2023,33100
25-05-2022 00:00,20-11-2023,32950
08-06-2022 00:00,21-11-2023,33050
10-06-2022 00:00,22-11-2023,33300
13-06-2022 00:00,27-11-2023,33550
14-06-2022 00:00,28-11-2023,33350
15-06-2022 00:00,29-11-2023,33550
16-06-2022 00:00,30-11-2023,33750
23-06-2022 00:00,06-12-2023,33700
27-06-2022 00:00,07-12-2023,33800
29-06-2022 00:00,12-12-2023,33500
30-06-2022 00:00,13-12-2023,33550
01-07-2022 00:00,14-12-2023,33800
05-07-2022 00:00,19-12-2023,33550
14-07-2022 00:00,26-12-2023,33800
15-07-2022 00:00,27-12-2023,33750
18-07-2022 00:00,28-12-2023,33800
25-07-2022 00:00,,
26-07-2022 00:00,,
01-08-2022 00:00,,
02-08-2022 00:00,,
04-08-2022 00:00,,
09-08-2022 00:00,,
10-08-2022 00:00,,
15-08-2022 00:00,,
16-08-2022 00:00,,
22-08-2022 00:00,,
23-08-2022 00:00,,
25-08-2022 00:00,,
29-08-2022 00:00,,
30-08-2022 00:00,,
31-08-2022 00:00,,
14-09-2022 00:00,,
20-09-2022 00:00,,
21-09-2022 00:00,,
26-09-2022 00:00,,
30-09-2022 00:00,,
03-10-2022 00:00,,
04-10-2022 00:00,,
11-10-2022 00:00,,
12-10-2022 00:00,,
01-11-2022 00:00,,
04-11-2022 00:00,,
09-11-2022 00:00,,
16-11-2022 00:00,,
21-11-2022 00:00,,
23-11-2022 00:00,,
25-11-2022 00:00,,
29-11-2022 00:00,,
02-12-2022 00:00,,
06-12-2022 00:00,,
07-12-2022 00:00,,
09-12-2022 00:00,,
14-12-2022 00:00,,
16-12-2022 00:00,,
19-12-2022 00:00,,
21-12-2022 00:00,,
22-12-2022 00:00,,
23-12-2022 00:00,,
27-12-2022 00:00,,
28-12-2022 00:00,,
29-12-2022 00:00,,
06-01-2023 00:00,,
09-01-2023 00:00,,
11-01-2023 00:00,,
12-01-2023 00:00,,
13-01-2023 00:00,,
19-01-2023 00:00,,
23-01-2023 00:00,,
24-01-2023 00:00,,
31-01-2023 00:00,,
02-02-2023 00:00,,
13-02-2023 00:00,,
16-02-2023 00:00,,
21-02-2023 00:00,,
22-02-2023 00:00,,
08-03-2023 00:00,,
09-03-2023 00:00,,
10-03-2023 00:00,,
17-03-2023 00:00,,
23-03-2023 00:00,,
27-03-2023 00:00,,
29-03-2023 00:00,,
31-03-2023 00:00,,
03-04-2023 00:00,,
19-04-2023 00:00,,
27-04-2023 00:00,,
03-05-2023 00:00,,
08-05-2023 00:00,,
11-05-2023 00:00,,
12-05-2023 00:00,,
17-05-2023 00:00,,
19-05-2023 00:00,,
22-05-2023 00:00,,
23-05-2023 00:00,,
01-06-2023 00:00,,
07-06-2023 00:00,,
13-06-2023 00:00,,
22-06-2023 00:00,,
27-06-2023 00:00,,
05-07-2023 00:00,,
06-07-2023 00:00,,
17-07-2023 00:00,,
20-07-2023 00:00,,
26-07-2023 00:00,,
27-07-2023 00:00,,
04-08-2023 00:00,,
07-08-2023 00:00,,
08-08-2023 00:00,,
16-08-2023 00:00,,
24-08-2023 00:00,,
29-08-2023 00:00,,
01-09-2023 00:00,,
11-09-2023 00:00,,
12-09-2023 00:00,,
13-09-2023 00:00,,
14-09-2023 00:00,,
18-09-2023 00:00,,
19-09-2023 00:00,,
20-09-2023 00:00,,
21-09-2023 00:00,,
22-09-2023 00:00,,
25-09-2023 00:00,,
26-09-2023 00:00,,
27-09-2023 00:00,,
28-09-2023 00:00,,
29-09-2023 00:00,,
03-10-2023 00:00,,
04-10-2023 00:00,,
05-10-2023 00:00,,
06-10-2023 00:00,,
09-10-2023 00:00,,
10-10-2023 00:00,,
11-10-2023 00:00,,
12-10-2023 00:00,,
16-10-2023 00:00,,
17-10-2023 00:00,,
18-10-2023 00:00,,
19-10-2023 00:00,,
24-10-2023 00:00,,
25-10-2023 00:00,,
26-10-2023 00:00,,
27-10-2023 00:00,,
30-10-2023 00:00,,
31-10-2023 00:00,,
01-11-2023 00:00,,
02-11-2023 00:00,,
03-11-2023 00:00,,
06-11-2023 00:00,,
07-11-2023 00:00,,
08-11-2023 00:00,,
09-11-2023 00:00,,
10-11-2023 00:00,,
14-11-2023 00:00,,
15-11-2023 00:00,,
16-11-2023 00:00,,
17-11-2023 00:00,,
20-11-2023 00:00,,
21-11-2023 00:00,,
22-11-2023 00:00,,
24-11-2023 00:00,,
27-11-2023 00:00,,
28-11-2023 00:00,,
29-11-2023 00:00,,
30-11-2023 00:00,,
06-12-2023 00:00,,
07-12-2023 00:00,,
08-12-2023 00:00,,
12-12-2023 00:00,,
13-12-2023 00:00,,
14-12-2023 00:00,,
15-12-2023 00:00,,
19-12-2023 00:00,,
22-12-2023 00:00,,
26-12-2023 00:00,,
27-12-2023 00:00,,
28-12-2023 00:00,,
